#
# There is insufficient memory for the Java Runtime Environment to continue.
# Native memory allocation (mmap) failed to map 511705088 bytes. Error detail: G1 virtual space
# Possible reasons:
#   The system is out of physical RAM or swap space
#   This process is running with CompressedOops enabled, and the Java Heap may be blocking the growth of the native heap
# Possible solutions:
#   Reduce memory load on the system
#   Increase physical memory or swap space
#   Check if swap backing store is full
#   Decrease Java heap size (-Xmx/-Xms)
#   Decrease number of Java threads
#   Decrease Java thread stack sizes (-Xss)
#   Set larger code cache with -XX:ReservedCodeCacheSize=
#   JVM is running with Unscaled Compressed Oops mode in which the Java heap is
#     placed in the first 4GB address space. The Java Heap base address is the
#     maximum limit for the native heap growth. Please use -XX:HeapBaseMinAddress
#     to set the Java Heap base and to place the Java Heap above 4GB virtual address.
# This output file may be truncated or incomplete.
#
#  Out of Memory Error (os_windows.cpp:3618), pid=7840, tid=9688
#
# JRE version: OpenJDK Runtime Environment Temurin-17.0.16+8 (17.0.16+8) (build 17.0.16+8)
# Java VM: OpenJDK 64-Bit Server VM Temurin-17.0.16+8 (17.0.16+8, mixed mode, sharing, tiered, compressed oops, compressed class ptrs, g1 gc, windows-amd64)
# No core dump will be written. Minidumps are not enabled by default on client versions of Windows
#

---------------  S U M M A R Y ------------

Command Line: --add-opens=java.base/java.lang=ALL-UNNAMED --add-opens=java.base/java.lang.invoke=ALL-UNNAMED --add-opens=java.base/java.util=ALL-UNNAMED --add-opens=java.prefs/java.util.prefs=ALL-UNNAMED --add-exports=jdk.compiler/com.sun.tools.javac.api=ALL-UNNAMED --add-exports=jdk.compiler/com.sun.tools.javac.util=ALL-UNNAMED --add-opens=java.base/java.util=ALL-UNNAMED --add-opens=java.prefs/java.util.prefs=ALL-UNNAMED --add-opens=java.base/java.nio.charset=ALL-UNNAMED --add-opens=java.base/java.net=ALL-UNNAMED --add-opens=java.base/java.util.concurrent.atomic=ALL-UNNAMED --add-opens=java.xml/javax.xml.namespace=ALL-UNNAMED -XX:MaxMetaspaceSize=512m -Xmx2048m -Dfile.encoding=windows-1252 -Duser.country=IN -Duser.language=en -Duser.variant -javaagent:C:\Users\SANJU\.gradle\wrapper\dists\gradle-8.13-bin\5xuhj0ry160q40clulazy9h7d\gradle-8.13\lib\agents\gradle-instrumentation-agent-8.13.jar org.gradle.launcher.daemon.bootstrap.GradleDaemon 8.13

Host: AMD Ryzen 5 4600H with Radeon Graphics         , 12 cores, 7G,  Windows 11 , 64 bit Build 26100 (10.0.26100.5074)
Time: Mon Sep 29 19:03:02 2025 India Standard Time elapsed time: 11798.577699 seconds (0d 3h 16m 38s)

---------------  T H R E A D  ---------------

Current thread (0x000002412abba5a0):  VMThread "VM Thread" [stack: 0x0000009797b00000,0x0000009797c00000] [id=9688]

Stack: [0x0000009797b00000,0x0000009797c00000]
Native frames: (J=compiled Java code, j=interpreted, Vv=VM code, C=native code)
V  [jvm.dll+0x683169]
V  [jvm.dll+0x839ac8]
V  [jvm.dll+0x83b573]
V  [jvm.dll+0x83bbe3]
V  [jvm.dll+0x2473ff]
V  [jvm.dll+0x67ff49]
V  [jvm.dll+0x674e3a]
V  [jvm.dll+0x304ea6]
V  [jvm.dll+0x30c366]
V  [jvm.dll+0x35deee]
V  [jvm.dll+0x35e12d]
V  [jvm.dll+0x2dc26c]
V  [jvm.dll+0x2da60f]
V  [jvm.dll+0x2d9d7c]
V  [jvm.dll+0x31d921]
V  [jvm.dll+0x84041d]
V  [jvm.dll+0x841153]
V  [jvm.dll+0x84167f]
V  [jvm.dll+0x841a64]
V  [jvm.dll+0x841b2e]
V  [jvm.dll+0x7e979c]
V  [jvm.dll+0x682047]
C  [ucrtbase.dll+0x37b0]
C  [KERNEL32.DLL+0x2e8d7]
C  [ntdll.dll+0x8d9c]

VM_Operation (0x000000979d1f8070): G1TryInitiateConcMark, mode: safepoint, requested by thread 0x0000024162ce3c90


---------------  P R O C E S S  ---------------

Threads class SMR info:
_java_thread_list=0x0000024165045460, length=247, elements={
0x000002410cb4f280, 0x000002412abc2120, 0x000002412abc3760, 0x000002412abe0420,
0x000002412abe0cf0, 0x000002412abe2130, 0x000002412abe7590, 0x000002412abea880,
0x000002412abee740, 0x000002412abfbff0, 0x000002412ac05990, 0x000002412b7fe7d0,
0x000002414c72f670, 0x000002414c7c2ce0, 0x000002414ca3a6e0, 0x000002414ca714d0,
0x000002414ca705a0, 0x000002414ca70ab0, 0x000002414ca72400, 0x000002414c0768e0,
0x000002414c079160, 0x000002414c078c50, 0x000002414d3cb090, 0x000002414d3fb970,
0x000002414d3ff120, 0x000002414d400f80, 0x000002414d401490, 0x000002414d4019a0,
0x00000241509d5c20, 0x00000241509d7a80, 0x00000241509d4cf0, 0x00000241509d6b50,
0x00000241509d93d0, 0x00000241509d98e0, 0x0000024152cd5d70, 0x000002415ace4970,
0x000002415034c320, 0x000002414c077810, 0x000002414d3cbab0, 0x000002414d3ffb40,
0x000002414ca73840, 0x000002415907c9b0, 0x0000024158bb6f40, 0x0000024162ce2340,
0x0000024159ab5df0, 0x000002415907d8e0, 0x0000024160c15ba0, 0x0000024161523e10,
0x0000024158c5b1b0, 0x000002416a649e10, 0x000002416aef4590, 0x000002415b043ac0,
0x000002415b043fd0, 0x000002415b040820, 0x000002415a375d10, 0x000002416aef59d0,
0x000002416aef2220, 0x000002416aef2730, 0x000002416aef2c40, 0x000002416aef3150,
0x000002416aef4fb0, 0x000002416aef3b70, 0x00000241600f52d0, 0x00000241600f43a0,
0x00000241600f4dc0, 0x00000241600f3470, 0x00000241600f57e0, 0x00000241600f3e90,
0x00000241600f2540, 0x00000241600f5cf0, 0x00000241600f2a50, 0x00000241600f2f60,
0x000002416267e350, 0x000002416267bad0, 0x000002416267ed70, 0x0000024160289090,
0x000002416028a4d0, 0x0000024160289fc0, 0x000002416028be20, 0x000002416028a9e0,
0x000002416028b400, 0x0000024160288670, 0x000002416028aef0, 0x0000024160bfa7b0,
0x0000024160bf9d90, 0x000002415170a570, 0x000002415170d300, 0x000002415170c3d0,
0x000002415170a060, 0x000002415170aa80, 0x0000024162ce2850, 0x000002415a373490,
0x0000024162ce2d60, 0x000002415a3739a0, 0x0000024162ce3780, 0x00000241635a1e90,
0x000002415170c8e0, 0x00000241635a3cf0, 0x0000024162ce3c90, 0x0000024158c5b6c0,
0x0000024158c5bbd0, 0x0000024158c5c0e0, 0x0000024158c59860, 0x0000024158c5aca0,
0x0000024158c59350, 0x0000024158c58930, 0x000002415ac45e20, 0x000002415ac46840,
0x000002415ac46d50, 0x000002415ac47770, 0x000002415b041750, 0x000002416104f740,
0x000002416104c4a0, 0x000002416104ddf0, 0x000002416104bf90, 0x000002416104ed20,
0x000002416104e300, 0x000002416104f230, 0x000002416307f010, 0x000002416307e5f0,
0x000002415b040d30, 0x000002415b041240, 0x000002415b041c60, 0x00000241635a0f60,
0x00000241635a2dc0, 0x00000241635a37e0, 0x0000024150324ca0, 0x0000024150327f40,
0x000002415b042170, 0x000002415170af90, 0x000002415170b4a0, 0x000002415170b9b0,
0x000002415170d810, 0x000002415170bec0, 0x000002415170cdf0, 0x00000241592f1ad0,
0x00000241592f0690, 0x00000241592efc70, 0x00000241592f0ba0, 0x00000241592ee830,
0x00000241592f10b0, 0x00000241592f15c0, 0x00000241592ee320, 0x00000241592eed40,
0x00000241592ef250, 0x00000241592ef760, 0x00000241592f0180, 0x000002415bc969b0,
0x000002415bc95060, 0x000002415bc96ec0, 0x000002415bc978e0, 0x000002415bc98300,
0x0000024160c14c70, 0x0000024160c15690, 0x0000024160c15180, 0x0000024160c165c0,
0x0000024160c13320, 0x0000024160c19d70, 0x0000024158c59d70, 0x0000024158c5a790,
0x000002416a64a830, 0x000002416a64ad40, 0x000002416a6493f0, 0x000002416a649900,
0x000002415bc97df0, 0x000002415bc973d0, 0x000002415bc95a80, 0x000002415bc964a0,
0x000002415bc95f90, 0x000002415bc95570, 0x000002415bc98810, 0x0000024164490590,
0x000002416448dd10, 0x0000024164490080, 0x000002416448e220, 0x000002416448d2f0,
0x000002416448e730, 0x000002416448cde0, 0x000002416448ec40, 0x000002416448fb70,
0x000002416448d800, 0x000002416448f150, 0x000002416448f660, 0x000002416a0d2e70,
0x000002416a0d42b0, 0x000002416a0d3890, 0x000002416a0d1f40, 0x000002416a0d1010,
0x000002416a0d3da0, 0x000002416a0d47c0, 0x000002416a0d3380, 0x000002416a0d1520,
0x000002416a0d1a30, 0x000002416a0d2450, 0x000002416a0d2960, 0x0000024152c70990,
0x0000024152c6f550, 0x0000024160c11ee0, 0x0000024160c174f0, 0x0000024160c18420,
0x0000024160c1a280, 0x0000024160c16ad0, 0x0000024160c1a790, 0x0000024160c16fe0,
0x0000024160c1aca0, 0x0000024160c17a00, 0x0000024160c18e40, 0x0000024160c1b1b0,
0x0000024160c1b6c0, 0x0000024160c17f10, 0x000002415b042680, 0x000002416307f520,
0x000002415b0430a0, 0x000002415ac449e0, 0x0000024152c6f040, 0x000002415907b570,
0x0000024150325bd0, 0x000002415907ba80, 0x0000024162ce3270, 0x00000241503251b0,
0x00000241597522c0, 0x000002415907bf90, 0x000002415b0435b0, 0x000002415a373eb0,
0x000002417068f310, 0x000002417068ded0, 0x000002415a48a450, 0x000002415a489f40,
0x000002415a48c2b0, 0x000002415a48ccd0, 0x000002415a48d1e0, 0x000002415a48d6f0,
0x000002415a48a960, 0x000002415a48b890, 0x000002415a48b380, 0x000002415a48c7c0,
0x0000024161bf22e0, 0x0000024161bf27f0, 0x00000241503260e0, 0x0000024158624af0,
0x000002415907b060, 0x000002415907c4a0, 0x000002415907ddf0, 0x000002415907d3d0,
0x0000024161616c20, 0x0000024161526ba0, 0x0000024159b61050
}

Java Threads: ( => current thread )
  0x000002410cb4f280 JavaThread "main" [_thread_blocked, id=25316, stack(0x0000009797500000,0x0000009797600000)]
  0x000002412abc2120 JavaThread "Reference Handler" daemon [_thread_blocked, id=23896, stack(0x0000009797c00000,0x0000009797d00000)]
  0x000002412abc3760 JavaThread "Finalizer" daemon [_thread_blocked, id=29424, stack(0x0000009797d00000,0x0000009797e00000)]
  0x000002412abe0420 JavaThread "Signal Dispatcher" daemon [_thread_blocked, id=16524, stack(0x0000009797e00000,0x0000009797f00000)]
  0x000002412abe0cf0 JavaThread "Attach Listener" daemon [_thread_blocked, id=29264, stack(0x0000009797f00000,0x0000009798000000)]
  0x000002412abe2130 JavaThread "Service Thread" daemon [_thread_blocked, id=15276, stack(0x0000009798000000,0x0000009798100000)]
  0x000002412abe7590 JavaThread "Monitor Deflation Thread" daemon [_thread_blocked, id=29888, stack(0x0000009798100000,0x0000009798200000)]
  0x000002412abea880 JavaThread "C2 CompilerThread0" daemon [_thread_blocked, id=21624, stack(0x0000009798200000,0x0000009798300000)]
  0x000002412abee740 JavaThread "C1 CompilerThread0" daemon [_thread_blocked, id=29596, stack(0x0000009798300000,0x0000009798400000)]
  0x000002412abfbff0 JavaThread "Sweeper thread" daemon [_thread_blocked, id=29908, stack(0x0000009798400000,0x0000009798500000)]
  0x000002412ac05990 JavaThread "Common-Cleaner" daemon [_thread_blocked, id=21384, stack(0x0000009798500000,0x0000009798600000)]
  0x000002412b7fe7d0 JavaThread "Notification Thread" daemon [_thread_blocked, id=29616, stack(0x0000009798600000,0x0000009798700000)]
  0x000002414c72f670 JavaThread "Daemon health stats" [_thread_blocked, id=11300, stack(0x0000009798800000,0x0000009798900000)]
  0x000002414c7c2ce0 JavaThread "Incoming local TCP Connector on port 53157" [_thread_in_native, id=26412, stack(0x0000009798d00000,0x0000009798e00000)]
  0x000002414ca3a6e0 JavaThread "Daemon periodic checks" [_thread_blocked, id=19624, stack(0x0000009798e00000,0x0000009798f00000)]
  0x000002414ca714d0 JavaThread "Cache worker for journal cache (C:\Users\SANJU\.gradle\caches\journal-1)" [_thread_blocked, id=27588, stack(0x0000009799700000,0x0000009799800000)]
  0x000002414ca705a0 JavaThread "File lock request listener" [_thread_in_native, id=9024, stack(0x0000009799800000,0x0000009799900000)]
  0x000002414ca70ab0 JavaThread "Cache worker for file hash cache (C:\Users\SANJU\.gradle\caches\8.13\fileHashes)" [_thread_blocked, id=28440, stack(0x0000009799900000,0x0000009799a00000)]
  0x000002414ca72400 JavaThread "File watcher server" daemon [_thread_blocked, id=21168, stack(0x000000979a300000,0x000000979a400000)]
  0x000002414c0768e0 JavaThread "File watcher consumer" daemon [_thread_blocked, id=16056, stack(0x000000979a400000,0x000000979a500000)]
  0x000002414c079160 JavaThread "jar transforms" [_thread_blocked, id=19344, stack(0x000000979a500000,0x000000979a600000)]
  0x000002414c078c50 JavaThread "Cache worker for file content cache (C:\Users\SANJU\.gradle\caches\8.13\fileContent)" [_thread_blocked, id=30432, stack(0x000000979a700000,0x000000979a800000)]
  0x000002414d3cb090 JavaThread "Memory manager" [_thread_blocked, id=19192, stack(0x000000979d300000,0x000000979d400000)]
  0x000002414d3fb970 JavaThread "jar transforms Thread 2" [_thread_blocked, id=27664, stack(0x00000097a3700000,0x00000097a3800000)]
  0x000002414d3ff120 JavaThread "jar transforms Thread 3" [_thread_blocked, id=27460, stack(0x00000097a3c00000,0x00000097a3d00000)]
  0x000002414d400f80 JavaThread "jar transforms Thread 4" [_thread_blocked, id=29372, stack(0x00000097a4800000,0x00000097a4900000)]
  0x000002414d401490 JavaThread "jar transforms Thread 5" [_thread_blocked, id=26676, stack(0x00000097a4600000,0x00000097a4700000)]
  0x000002414d4019a0 JavaThread "jar transforms Thread 6" [_thread_blocked, id=14912, stack(0x00000097a4700000,0x00000097a4800000)]
  0x00000241509d5c20 JavaThread "jar transforms Thread 7" [_thread_blocked, id=23668, stack(0x00000097a4d00000,0x00000097a4e00000)]
  0x00000241509d7a80 JavaThread "jar transforms Thread 8" [_thread_blocked, id=30004, stack(0x00000097a4e00000,0x00000097a4f00000)]
  0x00000241509d4cf0 JavaThread "jar transforms Thread 9" [_thread_blocked, id=25644, stack(0x00000097a4f00000,0x00000097a5000000)]
  0x00000241509d6b50 JavaThread "jar transforms Thread 10" [_thread_blocked, id=21732, stack(0x00000097a5000000,0x00000097a5100000)]
  0x00000241509d93d0 JavaThread "jar transforms Thread 11" [_thread_blocked, id=29600, stack(0x00000097a5100000,0x00000097a5200000)]
  0x00000241509d98e0 JavaThread "jar transforms Thread 12" [_thread_blocked, id=26528, stack(0x00000097a5200000,0x00000097a5300000)]
  0x0000024152cd5d70 JavaThread "pool-3-thread-1" [_thread_blocked, id=16396, stack(0x0000009797300000,0x0000009797400000)]
  0x000002415ace4970 JavaThread "pool-6-thread-1" [_thread_blocked, id=13564, stack(0x00000097a3f00000,0x00000097a4000000)]
  0x000002415034c320 JavaThread "pool-9-thread-1" [_thread_blocked, id=25556, stack(0x00000097a4300000,0x00000097a4400000)]
  0x000002414c077810 JavaThread "pool-12-thread-1" [_thread_blocked, id=29672, stack(0x00000097a4500000,0x00000097a4600000)]
  0x000002414d3cbab0 JavaThread "pool-15-thread-1" [_thread_blocked, id=30224, stack(0x00000097a3b00000,0x00000097a3c00000)]
  0x000002414d3ffb40 JavaThread "pool-18-thread-1" [_thread_blocked, id=22652, stack(0x00000097a0600000,0x00000097a0700000)]
  0x000002414ca73840 JavaThread "Cache worker for Java compile cache (C:\Users\SANJU\.gradle\caches\8.13\javaCompile)" [_thread_blocked, id=16488, stack(0x00000097a6400000,0x00000097a6500000)]
  0x000002415907c9b0 JavaThread "pool-22-thread-1" [_thread_blocked, id=22020, stack(0x00000097a5900000,0x00000097a5a00000)]
  0x0000024158bb6f40 JavaThread "RMI Scheduler(0)" daemon [_thread_blocked, id=20920, stack(0x0000009799000000,0x0000009799100000)]
  0x0000024162ce2340 JavaThread "RMI TCP Accept-0" daemon [_thread_in_native, id=3020, stack(0x00000097a6000000,0x00000097a6100000)]
  0x0000024159ab5df0 JavaThread "pool-25-thread-1" [_thread_blocked, id=3036, stack(0x00000097a5b00000,0x00000097a5c00000)]
  0x000002415907d8e0 JavaThread "pool-28-thread-1" [_thread_blocked, id=24808, stack(0x00000097a5a00000,0x00000097a5b00000)]
  0x0000024160c15ba0 JavaThread "pool-31-thread-1" [_thread_blocked, id=13508, stack(0x00000097a5d00000,0x00000097a5e00000)]
  0x0000024161523e10 JavaThread "pool-35-thread-1" [_thread_blocked, id=25588, stack(0x00000097a5800000,0x00000097a5900000)]
  0x0000024158c5b1b0 JavaThread "pool-38-thread-1" [_thread_blocked, id=27892, stack(0x00000097a6800000,0x00000097a6900000)]
  0x000002416a649e10 JavaThread "RMI TCP Accept-0" daemon [_thread_in_native, id=16128, stack(0x00000097a8d00000,0x00000097a8e00000)]
  0x000002416aef4590 JavaThread "Daemon Thread 10" [_thread_blocked, id=28824, stack(0x0000009797200000,0x0000009797300000)]
  0x000002415b043ac0 JavaThread "Handler for socket connection from /127.0.0.1:53157 to /127.0.0.1:63692" [_thread_in_native, id=30020, stack(0x0000009799100000,0x0000009799200000)]
  0x000002415b043fd0 JavaThread "Cancel handler" [_thread_blocked, id=24104, stack(0x0000009799200000,0x0000009799300000)]
  0x000002415b040820 JavaThread "Daemon worker Thread 10" [_thread_blocked, id=28516, stack(0x0000009799300000,0x0000009799400000)]
  0x000002415a375d10 JavaThread "Asynchronous log dispatcher for DefaultDaemonConnection: socket connection from /127.0.0.1:53157 to /127.0.0.1:63692" [_thread_blocked, id=18028, stack(0x0000009799400000,0x0000009799500000)]
  0x000002416aef59d0 JavaThread "Stdin handler" [_thread_blocked, id=27812, stack(0x0000009799500000,0x0000009799600000)]
  0x000002416aef2220 JavaThread "Daemon client event forwarder" [_thread_blocked, id=14424, stack(0x0000009799600000,0x0000009799700000)]
  0x000002416aef2730 JavaThread "Cache worker for file hash cache (E:\Development\Projects\spotify\android\.gradle\8.13\fileHashes)" [_thread_blocked, id=9388, stack(0x0000009799f00000,0x000000979a000000)]
  0x000002416aef2c40 JavaThread "Cache worker for Build Output Cleanup Cache (E:\Development\Projects\spotify\android\.gradle\buildOutputCleanup)" [_thread_blocked, id=29164, stack(0x000000979a000000,0x000000979a100000)]
  0x000002416aef3150 JavaThread "Cache worker for checksums cache (E:\Development\Projects\spotify\android\.gradle\8.13\checksums)" [_thread_blocked, id=6100, stack(0x000000979a600000,0x000000979a700000)]
  0x000002416aef4fb0 JavaThread "Cache worker for cache directory md-supplier (C:\Users\SANJU\.gradle\caches\8.13\md-supplier)" [_thread_blocked, id=7544, stack(0x000000979a800000,0x000000979a900000)]
  0x000002416aef3b70 JavaThread "Cache worker for cache directory md-rule (C:\Users\SANJU\.gradle\caches\8.13\md-rule)" [_thread_blocked, id=13264, stack(0x000000979a900000,0x000000979aa00000)]
  0x00000241600f52d0 JavaThread "Cache worker for Build Output Cleanup Cache (E:\Development\Projects\spotify\node_modules\@react-native\gradle-plugin\.gradle\buildOutputCleanup)" [_thread_blocked, id=26652, stack(0x000000979aa00000,0x000000979ab00000)]
  0x00000241600f43a0 JavaThread "Unconstrained build operations" [_thread_blocked, id=27340, stack(0x000000979ab00000,0x000000979ac00000)]
  0x00000241600f4dc0 JavaThread "Unconstrained build operations Thread 2" [_thread_blocked, id=28112, stack(0x000000979ac00000,0x000000979ad00000)]
  0x00000241600f3470 JavaThread "Unconstrained build operations Thread 3" [_thread_blocked, id=9516, stack(0x000000979ad00000,0x000000979ae00000)]
  0x00000241600f57e0 JavaThread "Unconstrained build operations Thread 4" [_thread_blocked, id=30316, stack(0x000000979ae00000,0x000000979af00000)]
  0x00000241600f3e90 JavaThread "Unconstrained build operations Thread 5" [_thread_blocked, id=27916, stack(0x000000979af00000,0x000000979b000000)]
  0x00000241600f2540 JavaThread "Unconstrained build operations Thread 6" [_thread_blocked, id=22240, stack(0x000000979b000000,0x000000979b100000)]
  0x00000241600f5cf0 JavaThread "Unconstrained build operations Thread 7" [_thread_blocked, id=360, stack(0x000000979b100000,0x000000979b200000)]
  0x00000241600f2a50 JavaThread "Unconstrained build operations Thread 8" [_thread_blocked, id=2200, stack(0x000000979b200000,0x000000979b300000)]
  0x00000241600f2f60 JavaThread "Unconstrained build operations Thread 9" [_thread_blocked, id=15112, stack(0x000000979b300000,0x000000979b400000)]
  0x000002416267e350 JavaThread "Unconstrained build operations Thread 10" [_thread_blocked, id=5100, stack(0x000000979b400000,0x000000979b500000)]
  0x000002416267bad0 JavaThread "Unconstrained build operations Thread 11" [_thread_blocked, id=27076, stack(0x000000979b500000,0x000000979b600000)]
  0x000002416267ed70 JavaThread "Unconstrained build operations Thread 12" [_thread_blocked, id=24644, stack(0x000000979b600000,0x000000979b700000)]
  0x0000024160289090 JavaThread "Unconstrained build operations Thread 13" [_thread_blocked, id=29116, stack(0x000000979b700000,0x000000979b800000)]
  0x000002416028a4d0 JavaThread "Unconstrained build operations Thread 14" [_thread_blocked, id=17948, stack(0x000000979b800000,0x000000979b900000)]
  0x0000024160289fc0 JavaThread "Unconstrained build operations Thread 15" [_thread_blocked, id=25280, stack(0x000000979b900000,0x000000979ba00000)]
  0x000002416028be20 JavaThread "Unconstrained build operations Thread 16" [_thread_blocked, id=25444, stack(0x000000979ba00000,0x000000979bb00000)]
  0x000002416028a9e0 JavaThread "Unconstrained build operations Thread 17" [_thread_blocked, id=21772, stack(0x000000979bb00000,0x000000979bc00000)]
  0x000002416028b400 JavaThread "Unconstrained build operations Thread 18" [_thread_blocked, id=24228, stack(0x000000979bc00000,0x000000979bd00000)]
  0x0000024160288670 JavaThread "Unconstrained build operations Thread 19" [_thread_blocked, id=29604, stack(0x000000979bd00000,0x000000979be00000)]
  0x000002416028aef0 JavaThread "Unconstrained build operations Thread 20" [_thread_blocked, id=11832, stack(0x000000979be00000,0x000000979bf00000)]
  0x0000024160bfa7b0 JavaThread "Unconstrained build operations Thread 21" [_thread_blocked, id=30036, stack(0x000000979bf00000,0x000000979c000000)]
  0x0000024160bf9d90 JavaThread "Unconstrained build operations Thread 22" [_thread_blocked, id=18420, stack(0x000000979c000000,0x000000979c100000)]
  0x000002415170a570 JavaThread "Unconstrained build operations Thread 23" [_thread_blocked, id=23816, stack(0x000000979c100000,0x000000979c200000)]
  0x000002415170d300 JavaThread "Unconstrained build operations Thread 24" [_thread_blocked, id=10828, stack(0x000000979c200000,0x000000979c300000)]
  0x000002415170c3d0 JavaThread "Unconstrained build operations Thread 25" [_thread_blocked, id=20976, stack(0x000000979c300000,0x000000979c400000)]
  0x000002415170a060 JavaThread "Unconstrained build operations Thread 26" [_thread_blocked, id=26672, stack(0x000000979c400000,0x000000979c500000)]
  0x000002415170aa80 JavaThread "build event listener" [_thread_blocked, id=13216, stack(0x000000979c700000,0x000000979c800000)]
  0x0000024162ce2850 JavaThread "ForkJoinPool.commonPool-worker-57" daemon [_thread_blocked, id=11280, stack(0x000000979c900000,0x000000979ca00000)]
  0x000002415a373490 JavaThread "ForkJoinPool.commonPool-worker-58" daemon [_thread_blocked, id=29304, stack(0x000000979ca00000,0x000000979cb00000)]
  0x0000024162ce2d60 JavaThread "ForkJoinPool.commonPool-worker-59" daemon [_thread_blocked, id=18496, stack(0x000000979cb00000,0x000000979cc00000)]
  0x000002415a3739a0 JavaThread "ForkJoinPool.commonPool-worker-60" daemon [_thread_blocked, id=27748, stack(0x000000979cc00000,0x000000979cd00000)]
  0x0000024162ce3780 JavaThread "ForkJoinPool.commonPool-worker-61" daemon [_thread_blocked, id=27000, stack(0x000000979cd00000,0x000000979ce00000)]
  0x00000241635a1e90 JavaThread "ForkJoinPool.commonPool-worker-62" daemon [_thread_blocked, id=14916, stack(0x000000979ce00000,0x000000979cf00000)]
  0x000002415170c8e0 JavaThread "ForkJoinPool.commonPool-worker-63" daemon [_thread_blocked, id=24304, stack(0x000000979cf00000,0x000000979d000000)]
  0x00000241635a3cf0 JavaThread "ForkJoinPool.commonPool-worker-64" daemon [_thread_blocked, id=5908, stack(0x000000979d000000,0x000000979d100000)]
  0x0000024162ce3c90 JavaThread "included builds" [_thread_blocked, id=13984, stack(0x000000979d100000,0x000000979d200000)]
  0x0000024158c5b6c0 JavaThread "Execution worker" [_thread_blocked, id=4208, stack(0x000000979d200000,0x000000979d300000)]
  0x0000024158c5bbd0 JavaThread "Execution worker Thread 2" [_thread_blocked, id=17668, stack(0x000000979d400000,0x000000979d500000)]
  0x0000024158c5c0e0 JavaThread "Execution worker Thread 3" [_thread_blocked, id=21236, stack(0x000000979d500000,0x000000979d600000)]
  0x0000024158c59860 JavaThread "Execution worker Thread 4" [_thread_blocked, id=21928, stack(0x000000979d600000,0x000000979d700000)]
  0x0000024158c5aca0 JavaThread "Execution worker Thread 5" [_thread_blocked, id=22756, stack(0x000000979d700000,0x000000979d800000)]
  0x0000024158c59350 JavaThread "Execution worker Thread 6" [_thread_blocked, id=25308, stack(0x000000979d800000,0x000000979d900000)]
  0x0000024158c58930 JavaThread "Execution worker Thread 7" [_thread_blocked, id=18608, stack(0x000000979d900000,0x000000979da00000)]
  0x000002415ac45e20 JavaThread "Execution worker Thread 8" [_thread_blocked, id=22044, stack(0x000000979da00000,0x000000979db00000)]
  0x000002415ac46840 JavaThread "Execution worker Thread 9" [_thread_blocked, id=13968, stack(0x000000979db00000,0x000000979dc00000)]
  0x000002415ac46d50 JavaThread "Execution worker Thread 10" [_thread_blocked, id=26216, stack(0x000000979dc00000,0x000000979dd00000)]
  0x000002415ac47770 JavaThread "Execution worker Thread 11" [_thread_blocked, id=28032, stack(0x000000979dd00000,0x000000979de00000)]
  0x000002415b041750 JavaThread "Cache worker for execution history cache (E:\Development\Projects\spotify\node_modules\@react-native\gradle-plugin\.gradle\8.13\executionHistory)" [_thread_blocked, id=1120, stack(0x000000979de00000,0x000000979df00000)]
  0x000002416104f740 JavaThread "Unconstrained build operations Thread 27" [_thread_blocked, id=22236, stack(0x000000979df00000,0x000000979e000000)]
  0x000002416104c4a0 JavaThread "Unconstrained build operations Thread 28" [_thread_blocked, id=24904, stack(0x000000979e000000,0x000000979e100000)]
  0x000002416104ddf0 JavaThread "Unconstrained build operations Thread 29" [_thread_blocked, id=14444, stack(0x000000979e100000,0x000000979e200000)]
  0x000002416104bf90 JavaThread "Unconstrained build operations Thread 30" [_thread_blocked, id=9280, stack(0x000000979e200000,0x000000979e300000)]
  0x000002416104ed20 JavaThread "Unconstrained build operations Thread 31" [_thread_blocked, id=2500, stack(0x000000979e300000,0x000000979e400000)]
  0x000002416104e300 JavaThread "Unconstrained build operations Thread 32" [_thread_blocked, id=29536, stack(0x000000979e400000,0x000000979e500000)]
  0x000002416104f230 JavaThread "Unconstrained build operations Thread 33" [_thread_blocked, id=14028, stack(0x000000979e500000,0x000000979e600000)]
  0x000002416307f010 JavaThread "Unconstrained build operations Thread 34" [_thread_blocked, id=30336, stack(0x000000979e600000,0x000000979e700000)]
  0x000002416307e5f0 JavaThread "Unconstrained build operations Thread 35" [_thread_blocked, id=28412, stack(0x000000979e700000,0x000000979e800000)]
  0x000002415b040d30 JavaThread "Unconstrained build operations Thread 36" [_thread_blocked, id=19304, stack(0x000000979e800000,0x000000979e900000)]
  0x000002415b041240 JavaThread "Unconstrained build operations Thread 37" [_thread_blocked, id=26960, stack(0x000000979e900000,0x000000979ea00000)]
  0x000002415b041c60 JavaThread "Unconstrained build operations Thread 38" [_thread_blocked, id=24280, stack(0x000000979ea00000,0x000000979eb00000)]
  0x00000241635a0f60 JavaThread "Unconstrained build operations Thread 39" [_thread_blocked, id=13764, stack(0x000000979eb00000,0x000000979ec00000)]
  0x00000241635a2dc0 JavaThread "Unconstrained build operations Thread 40" [_thread_blocked, id=18180, stack(0x000000979ec00000,0x000000979ed00000)]
  0x00000241635a37e0 JavaThread "Unconstrained build operations Thread 41" [_thread_blocked, id=17420, stack(0x000000979ed00000,0x000000979ee00000)]
  0x0000024150324ca0 JavaThread "Unconstrained build operations Thread 42" [_thread_blocked, id=27568, stack(0x000000979ee00000,0x000000979ef00000)]
  0x0000024150327f40 JavaThread "Unconstrained build operations Thread 43" [_thread_blocked, id=9540, stack(0x000000979ef00000,0x000000979f000000)]
  0x000002415b042170 JavaThread "Unconstrained build operations Thread 44" [_thread_blocked, id=29676, stack(0x000000979f000000,0x000000979f100000)]
  0x000002415170af90 JavaThread "Unconstrained build operations Thread 45" [_thread_blocked, id=27680, stack(0x000000979f100000,0x000000979f200000)]
  0x000002415170b4a0 JavaThread "Unconstrained build operations Thread 46" [_thread_blocked, id=5828, stack(0x000000979f200000,0x000000979f300000)]
  0x000002415170b9b0 JavaThread "Unconstrained build operations Thread 47" [_thread_blocked, id=25328, stack(0x000000979f300000,0x000000979f400000)]
  0x000002415170d810 JavaThread "Unconstrained build operations Thread 48" [_thread_blocked, id=29912, stack(0x000000979f400000,0x000000979f500000)]
  0x000002415170bec0 JavaThread "Unconstrained build operations Thread 49" [_thread_blocked, id=20216, stack(0x000000979f500000,0x000000979f600000)]
  0x000002415170cdf0 JavaThread "Unconstrained build operations Thread 50" [_thread_blocked, id=14552, stack(0x000000979f600000,0x000000979f700000)]
  0x00000241592f1ad0 JavaThread "Unconstrained build operations Thread 51" [_thread_blocked, id=6804, stack(0x000000979f700000,0x000000979f800000)]
  0x00000241592f0690 JavaThread "Unconstrained build operations Thread 52" [_thread_blocked, id=25156, stack(0x000000979f800000,0x000000979f900000)]
  0x00000241592efc70 JavaThread "Unconstrained build operations Thread 53" [_thread_blocked, id=5600, stack(0x000000979f900000,0x000000979fa00000)]
  0x00000241592f0ba0 JavaThread "Unconstrained build operations Thread 54" [_thread_blocked, id=960, stack(0x000000979fa00000,0x000000979fb00000)]
  0x00000241592ee830 JavaThread "Unconstrained build operations Thread 55" [_thread_blocked, id=24216, stack(0x000000979fb00000,0x000000979fc00000)]
  0x00000241592f10b0 JavaThread "Unconstrained build operations Thread 56" [_thread_blocked, id=384, stack(0x000000979fc00000,0x000000979fd00000)]
  0x00000241592f15c0 JavaThread "Unconstrained build operations Thread 57" [_thread_blocked, id=20984, stack(0x000000979fd00000,0x000000979fe00000)]
  0x00000241592ee320 JavaThread "Unconstrained build operations Thread 58" [_thread_blocked, id=13980, stack(0x000000979fe00000,0x000000979ff00000)]
  0x00000241592eed40 JavaThread "Unconstrained build operations Thread 59" [_thread_blocked, id=29468, stack(0x000000979ff00000,0x00000097a0000000)]
  0x00000241592ef250 JavaThread "Unconstrained build operations Thread 60" [_thread_blocked, id=26828, stack(0x00000097a0000000,0x00000097a0100000)]
  0x00000241592ef760 JavaThread "Unconstrained build operations Thread 61" [_thread_blocked, id=26128, stack(0x00000097a0100000,0x00000097a0200000)]
  0x00000241592f0180 JavaThread "Unconstrained build operations Thread 62" [_thread_blocked, id=13736, stack(0x00000097a0200000,0x00000097a0300000)]
  0x000002415bc969b0 JavaThread "Unconstrained build operations Thread 63" [_thread_blocked, id=14272, stack(0x00000097a0300000,0x00000097a0400000)]
  0x000002415bc95060 JavaThread "Unconstrained build operations Thread 64" [_thread_blocked, id=28068, stack(0x00000097a0400000,0x00000097a0500000)]
  0x000002415bc96ec0 JavaThread "Unconstrained build operations Thread 65" [_thread_blocked, id=27780, stack(0x00000097a0500000,0x00000097a0600000)]
  0x000002415bc978e0 JavaThread "Unconstrained build operations Thread 66" [_thread_blocked, id=29592, stack(0x00000097a0700000,0x00000097a0800000)]
  0x000002415bc98300 JavaThread "Exec process Thread 64" [_thread_blocked, id=4412, stack(0x00000097a0800000,0x00000097a0900000)]
  0x0000024160c14c70 JavaThread "Exec process Thread 65" [_thread_blocked, id=10756, stack(0x00000097a0900000,0x00000097a0a00000)]
  0x0000024160c15690 JavaThread "Exec process Thread 66" [_thread_blocked, id=5228, stack(0x00000097a0a00000,0x00000097a0b00000)]
  0x0000024160c15180 JavaThread "Unconstrained build operations Thread 67" [_thread_blocked, id=11316, stack(0x000000979c800000,0x000000979c900000)]
  0x0000024160c165c0 JavaThread "Unconstrained build operations Thread 68" [_thread_blocked, id=24392, stack(0x00000097a0b00000,0x00000097a0c00000)]
  0x0000024160c13320 JavaThread "Unconstrained build operations Thread 69" [_thread_blocked, id=20556, stack(0x00000097a0c00000,0x00000097a0d00000)]
  0x0000024160c19d70 JavaThread "Unconstrained build operations Thread 70" [_thread_blocked, id=22552, stack(0x00000097a0d00000,0x00000097a0e00000)]
  0x0000024158c59d70 JavaThread "Unconstrained build operations Thread 71" [_thread_blocked, id=25332, stack(0x00000097a0e00000,0x00000097a0f00000)]
  0x0000024158c5a790 JavaThread "Unconstrained build operations Thread 72" [_thread_blocked, id=14816, stack(0x00000097a0f00000,0x00000097a1000000)]
  0x000002416a64a830 JavaThread "Unconstrained build operations Thread 73" [_thread_blocked, id=6140, stack(0x00000097a1000000,0x00000097a1100000)]
  0x000002416a64ad40 JavaThread "Unconstrained build operations Thread 74" [_thread_blocked, id=9924, stack(0x00000097a1100000,0x00000097a1200000)]
  0x000002416a6493f0 JavaThread "Unconstrained build operations Thread 75" [_thread_blocked, id=24388, stack(0x00000097a1200000,0x00000097a1300000)]
  0x000002416a649900 JavaThread "Unconstrained build operations Thread 76" [_thread_blocked, id=12732, stack(0x00000097a1300000,0x00000097a1400000)]
  0x000002415bc97df0 JavaThread "Unconstrained build operations Thread 77" [_thread_blocked, id=12792, stack(0x00000097a1400000,0x00000097a1500000)]
  0x000002415bc973d0 JavaThread "Unconstrained build operations Thread 78" [_thread_blocked, id=23364, stack(0x00000097a1500000,0x00000097a1600000)]
  0x000002415bc95a80 JavaThread "Unconstrained build operations Thread 79" [_thread_blocked, id=5040, stack(0x00000097a1600000,0x00000097a1700000)]
  0x000002415bc964a0 JavaThread "Unconstrained build operations Thread 80" [_thread_blocked, id=27328, stack(0x00000097a1700000,0x00000097a1800000)]
  0x000002415bc95f90 JavaThread "Unconstrained build operations Thread 81" [_thread_blocked, id=3288, stack(0x00000097a1800000,0x00000097a1900000)]
  0x000002415bc95570 JavaThread "Unconstrained build operations Thread 82" [_thread_blocked, id=26292, stack(0x00000097a1900000,0x00000097a1a00000)]
  0x000002415bc98810 JavaThread "Unconstrained build operations Thread 83" [_thread_blocked, id=11748, stack(0x00000097a1a00000,0x00000097a1b00000)]
  0x0000024164490590 JavaThread "Unconstrained build operations Thread 84" [_thread_blocked, id=11588, stack(0x00000097a1b00000,0x00000097a1c00000)]
  0x000002416448dd10 JavaThread "Unconstrained build operations Thread 85" [_thread_blocked, id=6624, stack(0x00000097a1c00000,0x00000097a1d00000)]
  0x0000024164490080 JavaThread "Unconstrained build operations Thread 86" [_thread_blocked, id=29980, stack(0x00000097a1d00000,0x00000097a1e00000)]
  0x000002416448e220 JavaThread "Unconstrained build operations Thread 87" [_thread_blocked, id=27496, stack(0x00000097a1e00000,0x00000097a1f00000)]
  0x000002416448d2f0 JavaThread "Unconstrained build operations Thread 88" [_thread_blocked, id=28548, stack(0x00000097a1f00000,0x00000097a2000000)]
  0x000002416448e730 JavaThread "Unconstrained build operations Thread 89" [_thread_blocked, id=24640, stack(0x00000097a2000000,0x00000097a2100000)]
  0x000002416448cde0 JavaThread "Unconstrained build operations Thread 90" [_thread_blocked, id=6172, stack(0x00000097a2100000,0x00000097a2200000)]
  0x000002416448ec40 JavaThread "Unconstrained build operations Thread 91" [_thread_blocked, id=15364, stack(0x00000097a2200000,0x00000097a2300000)]
  0x000002416448fb70 JavaThread "Unconstrained build operations Thread 92" [_thread_blocked, id=27068, stack(0x00000097a2300000,0x00000097a2400000)]
  0x000002416448d800 JavaThread "Unconstrained build operations Thread 93" [_thread_blocked, id=7176, stack(0x00000097a2400000,0x00000097a2500000)]
  0x000002416448f150 JavaThread "Unconstrained build operations Thread 94" [_thread_blocked, id=13424, stack(0x00000097a2500000,0x00000097a2600000)]
  0x000002416448f660 JavaThread "Unconstrained build operations Thread 95" [_thread_blocked, id=27836, stack(0x00000097a2600000,0x00000097a2700000)]
  0x000002416a0d2e70 JavaThread "Unconstrained build operations Thread 96" [_thread_blocked, id=11120, stack(0x00000097a2700000,0x00000097a2800000)]
  0x000002416a0d42b0 JavaThread "Unconstrained build operations Thread 97" [_thread_blocked, id=27536, stack(0x00000097a2800000,0x00000097a2900000)]
  0x000002416a0d3890 JavaThread "Unconstrained build operations Thread 98" [_thread_blocked, id=9364, stack(0x00000097a2900000,0x00000097a2a00000)]
  0x000002416a0d1f40 JavaThread "build event listener" [_thread_blocked, id=6120, stack(0x00000097a2a00000,0x00000097a2b00000)]
  0x000002416a0d1010 JavaThread "Problems report writer" [_thread_blocked, id=29208, stack(0x00000097a2b00000,0x00000097a2c00000)]
  0x000002416a0d3da0 JavaThread "Unconstrained build operations Thread 99" [_thread_blocked, id=5588, stack(0x00000097a2d00000,0x00000097a2e00000)]
  0x000002416a0d47c0 JavaThread "Unconstrained build operations Thread 100" [_thread_blocked, id=984, stack(0x00000097a2e00000,0x00000097a2f00000)]
  0x000002416a0d3380 JavaThread "Unconstrained build operations Thread 101" [_thread_blocked, id=28356, stack(0x00000097a2f00000,0x00000097a3000000)]
  0x000002416a0d1520 JavaThread "Unconstrained build operations Thread 102" [_thread_blocked, id=7560, stack(0x00000097a3000000,0x00000097a3100000)]
  0x000002416a0d1a30 JavaThread "Unconstrained build operations Thread 103" [_thread_blocked, id=12620, stack(0x00000097a3100000,0x00000097a3200000)]
  0x000002416a0d2450 JavaThread "Unconstrained build operations Thread 104" [_thread_blocked, id=4748, stack(0x00000097a3200000,0x00000097a3300000)]
  0x000002416a0d2960 JavaThread "Unconstrained build operations Thread 105" [_thread_blocked, id=22856, stack(0x00000097a3300000,0x00000097a3400000)]
  0x0000024152c70990 JavaThread "Unconstrained build operations Thread 106" [_thread_blocked, id=30476, stack(0x00000097a3400000,0x00000097a3500000)]
  0x0000024152c6f550 JavaThread "Unconstrained build operations Thread 107" [_thread_blocked, id=23736, stack(0x00000097a3500000,0x00000097a3600000)]
  0x0000024160c11ee0 JavaThread "Unconstrained build operations Thread 108" [_thread_blocked, id=7960, stack(0x00000097a3600000,0x00000097a3700000)]
  0x0000024160c174f0 JavaThread "Unconstrained build operations Thread 109" [_thread_blocked, id=17992, stack(0x00000097a3800000,0x00000097a3900000)]
  0x0000024160c18420 JavaThread "Unconstrained build operations Thread 110" [_thread_blocked, id=19516, stack(0x00000097a3900000,0x00000097a3a00000)]
  0x0000024160c1a280 JavaThread "Unconstrained build operations Thread 111" [_thread_blocked, id=8316, stack(0x00000097a3a00000,0x00000097a3b00000)]
  0x0000024160c16ad0 JavaThread "Unconstrained build operations Thread 112" [_thread_blocked, id=23004, stack(0x00000097a3d00000,0x00000097a3e00000)]
  0x0000024160c1a790 JavaThread "Unconstrained build operations Thread 113" [_thread_blocked, id=26188, stack(0x00000097a3e00000,0x00000097a3f00000)]
  0x0000024160c16fe0 JavaThread "Unconstrained build operations Thread 114" [_thread_blocked, id=14180, stack(0x00000097a4000000,0x00000097a4100000)]
  0x0000024160c1aca0 JavaThread "Unconstrained build operations Thread 115" [_thread_blocked, id=28844, stack(0x00000097a4100000,0x00000097a4200000)]
  0x0000024160c17a00 JavaThread "Unconstrained build operations Thread 116" [_thread_blocked, id=11296, stack(0x00000097a4200000,0x00000097a4300000)]
  0x0000024160c18e40 JavaThread "Unconstrained build operations Thread 117" [_thread_blocked, id=28604, stack(0x00000097a4400000,0x00000097a4500000)]
  0x0000024160c1b1b0 JavaThread "Unconstrained build operations Thread 118" [_thread_blocked, id=24568, stack(0x00000097a4900000,0x00000097a4a00000)]
  0x0000024160c1b6c0 JavaThread "Unconstrained build operations Thread 119" [_thread_blocked, id=23812, stack(0x00000097a4a00000,0x00000097a4b00000)]
  0x0000024160c17f10 JavaThread "Unconstrained build operations Thread 120" [_thread_blocked, id=28564, stack(0x00000097a4b00000,0x00000097a4c00000)]
  0x000002415b042680 JavaThread "ForkJoinPool.commonPool-worker-65" daemon [_thread_blocked, id=27644, stack(0x00000097a5c00000,0x00000097a5d00000)]
  0x000002416307f520 JavaThread "ForkJoinPool.commonPool-worker-66" daemon [_thread_blocked, id=604, stack(0x00000097a5e00000,0x00000097a5f00000)]
  0x000002415b0430a0 JavaThread "pool-43-thread-1" [_thread_blocked, id=16572, stack(0x00000097a5f00000,0x00000097a6000000)]
  0x000002415ac449e0 JavaThread "build event listener" [_thread_blocked, id=25632, stack(0x00000097a6100000,0x00000097a6200000)]
  0x0000024152c6f040 JavaThread "Cache worker for execution history cache (E:\Development\Projects\spotify\android\.gradle\8.13\executionHistory)" [_thread_blocked, id=22164, stack(0x00000097a6200000,0x00000097a6300000)]
  0x000002415907b570 JavaThread "WorkerExecutor Queue" [_thread_blocked, id=17684, stack(0x00000097a6300000,0x00000097a6400000)]
  0x0000024150325bd0 JavaThread "WorkerExecutor Queue Thread 2" [_thread_blocked, id=29636, stack(0x00000097a6500000,0x00000097a6600000)]
  0x000002415907ba80 JavaThread "WorkerExecutor Queue Thread 3" [_thread_blocked, id=15344, stack(0x00000097a5700000,0x00000097a5800000)]
  0x0000024162ce3270 JavaThread "WorkerExecutor Queue Thread 4" [_thread_blocked, id=28160, stack(0x00000097a6600000,0x00000097a6700000)]
  0x00000241503251b0 JavaThread "WorkerExecutor Queue Thread 5" [_thread_blocked, id=29624, stack(0x00000097a6700000,0x00000097a6800000)]
  0x00000241597522c0 JavaThread "WorkerExecutor Queue Thread 6" [_thread_blocked, id=12200, stack(0x00000097a6a00000,0x00000097a6b00000)]
  0x000002415907bf90 JavaThread "WorkerExecutor Queue Thread 7" [_thread_blocked, id=20464, stack(0x00000097a6b00000,0x00000097a6c00000)]
  0x000002415b0435b0 JavaThread "WorkerExecutor Queue Thread 8" [_thread_blocked, id=2736, stack(0x00000097a6c00000,0x00000097a6d00000)]
  0x000002415a373eb0 JavaThread "pool-44-thread-1" [_thread_blocked, id=3636, stack(0x00000097a6d00000,0x00000097a6e00000)]
  0x000002417068f310 JavaThread "stderr" [_thread_in_native, id=26592, stack(0x00000097a6900000,0x00000097a6a00000)]
  0x000002417068ded0 JavaThread "stdout" [_thread_in_native, id=25952, stack(0x00000097a6e00000,0x00000097a6f00000)]
  0x000002415a48a450 JavaThread "Build operations" [_thread_blocked, id=2092, stack(0x00000097a6f00000,0x00000097a7000000)]
  0x000002415a489f40 JavaThread "Build operations Thread 2" [_thread_blocked, id=10244, stack(0x00000097a7000000,0x00000097a7100000)]
  0x000002415a48c2b0 JavaThread "Build operations Thread 3" [_thread_blocked, id=15768, stack(0x00000097a7100000,0x00000097a7200000)]
  0x000002415a48ccd0 JavaThread "Build operations Thread 4" [_thread_blocked, id=6628, stack(0x00000097a7400000,0x00000097a7500000)]
  0x000002415a48d1e0 JavaThread "Build operations Thread 5" [_thread_blocked, id=6496, stack(0x00000097a7500000,0x00000097a7600000)]
  0x000002415a48d6f0 JavaThread "Build operations Thread 6" [_thread_blocked, id=30164, stack(0x00000097a7600000,0x00000097a7700000)]
  0x000002415a48a960 JavaThread "Build operations Thread 7" [_thread_blocked, id=27924, stack(0x00000097a7700000,0x00000097a7800000)]
  0x000002415a48b890 JavaThread "Build operations Thread 8" [_thread_blocked, id=28904, stack(0x00000097a7800000,0x00000097a7900000)]
  0x000002415a48b380 JavaThread "Build operations Thread 9" [_thread_blocked, id=24124, stack(0x00000097a7900000,0x00000097a7a00000)]
  0x000002415a48c7c0 JavaThread "Build operations Thread 10" [_thread_blocked, id=28664, stack(0x00000097a7a00000,0x00000097a7b00000)]
  0x0000024161bf22e0 JavaThread "Build operations Thread 11" [_thread_blocked, id=28008, stack(0x00000097a7b00000,0x00000097a7c00000)]
  0x0000024161bf27f0 JavaThread "WorkerExecutor Queue Thread 9" [_thread_blocked, id=4196, stack(0x00000097a7c00000,0x00000097a7d00000)]
  0x00000241503260e0 JavaThread "WorkerExecutor Queue Thread 10" [_thread_blocked, id=24148, stack(0x00000097a7d00000,0x00000097a7e00000)]
  0x0000024158624af0 JavaThread "WorkerExecutor Queue Thread 11" [_thread_blocked, id=14496, stack(0x00000097a7e00000,0x00000097a7f00000)]
  0x000002415907b060 JavaThread "WorkerExecutor Queue Thread 12" [_thread_blocked, id=20024, stack(0x00000097a7f00000,0x00000097a8000000)]
  0x000002415907c4a0 JavaThread "RMI RenewClean-[127.0.0.1:17506,org.jetbrains.kotlin.daemon.common.LoopbackNetworkInterface$ClientLoopbackSocketFactory@20ab330]" daemon [_thread_blocked, id=30244, stack(0x00000097a8100000,0x00000097a8200000)]
  0x000002415907ddf0 JavaThread "RMI GC Daemon" daemon [_thread_blocked, id=24128, stack(0x00000097a8200000,0x00000097a8300000)]
  0x000002415907d3d0 JavaThread "RMI Reaper" [_thread_blocked, id=10052, stack(0x00000097a8300000,0x00000097a8400000)]
  0x0000024161616c20 JavaThread "RMI TCP Connection(58)-127.0.0.1" daemon [_thread_in_native, id=7404, stack(0x00000097a8400000,0x00000097a8500000)]
  0x0000024161526ba0 JavaThread "Build operations Thread 12" [_thread_blocked, id=13544, stack(0x00000097a8000000,0x00000097a8100000)]
  0x0000024159b61050 JavaThread "C2 CompilerThread1" daemon [_thread_blocked, id=30700, stack(0x00000097a8500000,0x00000097a8600000)]

Other Threads:
=>0x000002412abba5a0 VMThread "VM Thread" [stack: 0x0000009797b00000,0x0000009797c00000] [id=9688]
  0x000002410cb50010 WatcherThread [stack: 0x0000009798700000,0x0000009798800000] [id=27580]
  0x000002410cbae380 GCTaskThread "GC Thread#0" [stack: 0x0000009797600000,0x0000009797700000] [id=30360]
  0x000002414b230930 GCTaskThread "GC Thread#1" [stack: 0x0000009798900000,0x0000009798a00000] [id=14880]
  0x000002414b13e020 GCTaskThread "GC Thread#2" [stack: 0x0000009798a00000,0x0000009798b00000] [id=26112]
  0x000002414c05b040 GCTaskThread "GC Thread#3" [stack: 0x0000009798b00000,0x0000009798c00000] [id=21680]
  0x000002414b6be5d0 GCTaskThread "GC Thread#4" [stack: 0x0000009798c00000,0x0000009798d00000] [id=17808]
  0x000002414c5f7c80 GCTaskThread "GC Thread#5" [stack: 0x0000009799a00000,0x0000009799b00000] [id=10892]
  0x000002414e038240 GCTaskThread "GC Thread#6" [stack: 0x0000009799b00000,0x0000009799c00000] [id=30292]
  0x000002414d591920 GCTaskThread "GC Thread#7" [stack: 0x0000009799c00000,0x0000009799d00000] [id=24704]
  0x000002414cdc9000 GCTaskThread "GC Thread#8" [stack: 0x0000009799d00000,0x0000009799e00000] [id=16744]
  0x000002414d769c60 GCTaskThread "GC Thread#9" [stack: 0x0000009799e00000,0x0000009799f00000] [id=19744]
  0x000002410cbbf1e0 ConcurrentGCThread "G1 Main Marker" [stack: 0x0000009797700000,0x0000009797800000] [id=22056]
  0x000002410cbc07e0 ConcurrentGCThread "G1 Conc#0" [stack: 0x0000009797800000,0x0000009797900000] [id=13064]
  0x000002414d76aa20 ConcurrentGCThread "G1 Conc#1" [stack: 0x000000979a100000,0x000000979a200000] [id=28908]
  0x000002414d76a1e0 ConcurrentGCThread "G1 Conc#2" [stack: 0x000000979a200000,0x000000979a300000] [id=21816]
  0x000002412aa759c0 ConcurrentGCThread "G1 Refine#0" [stack: 0x0000009797900000,0x0000009797a00000] [id=26784]
  0x0000024158ac8ce0 ConcurrentGCThread "G1 Refine#1" [stack: 0x0000009797400000,0x0000009797500000] [id=23632]
  0x0000024153011f40 ConcurrentGCThread "G1 Refine#2" [stack: 0x0000009798f00000,0x0000009799000000] [id=29560]
  0x00000241530104d0 ConcurrentGCThread "G1 Refine#3" [stack: 0x000000979c500000,0x000000979c600000] [id=23924]
  0x000002414dec3190 ConcurrentGCThread "G1 Refine#4" [stack: 0x000000979c600000,0x000000979c700000] [id=4516]
  0x000002414fe12d70 ConcurrentGCThread "G1 Refine#5" [stack: 0x00000097a4c00000,0x00000097a4d00000] [id=24468]
  0x000002415a9f9710 ConcurrentGCThread "G1 Refine#6" [stack: 0x00000097a5300000,0x00000097a5400000] [id=396]
  0x000002415a9f9a00 ConcurrentGCThread "G1 Refine#7" [stack: 0x00000097a5400000,0x00000097a5500000] [id=3976]
  0x00000241517bde10 ConcurrentGCThread "G1 Refine#8" [stack: 0x00000097a5500000,0x00000097a5600000] [id=23848]
  0x0000024158ba7c80 ConcurrentGCThread "G1 Refine#9" [stack: 0x00000097a5600000,0x00000097a5700000] [id=15752]
  0x000002410cbfe770 ConcurrentGCThread "G1 Service" [stack: 0x0000009797a00000,0x0000009797b00000] [id=20772]

Threads with active compile tasks:

VM state: at safepoint (normal execution)

VM Mutex/Monitor currently owned by a thread:  ([mutex/lock_event])
[0x000002410a8be220] Threads_lock - owner thread: 0x000002412abba5a0
[0x000002410cb4d080] Heap_lock - owner thread: 0x0000024162ce3c90

Heap address: 0x0000000080000000, size: 2048 MB, Compressed Oops mode: 32-bit

CDS archive(s) mapped at: [0x000002412c000000-0x000002412cbb0000-0x000002412cbb0000), size 12255232, SharedBaseAddress: 0x000002412c000000, ArchiveRelocationMode: 1.
Compressed class space mapped at: 0x000002412d000000-0x0000024147000000, reserved size: 436207616
Narrow klass base: 0x000002412c000000, Narrow klass shift: 0, Narrow klass range: 0x100000000

GC Precious Log:
 CPUs: 12 total, 12 available
 Memory: 7597M
 Large Page Support: Disabled
 NUMA Support: Disabled
 Compressed Oops: Enabled (32-bit)
 Heap Region Size: 1M
 Heap Min Capacity: 8M
 Heap Initial Capacity: 120M
 Heap Max Capacity: 2G
 Pre-touch: Disabled
 Parallel Workers: 10
 Concurrent Workers: 3
 Concurrent Refinement Workers: 10
 Periodic GC: Disabled

Heap:
 garbage-first heap   total 849920K, used 379955K [0x0000000080000000, 0x0000000100000000)
  region size 1024K, 7 young (7168K), 7 survivors (7168K)
 Metaspace       used 286104K, committed 292224K, reserved 688128K
  class space    used 36090K, committed 38464K, reserved 425984K

Heap Regions: E=young(eden), S=young(survivor), O=old, HS=humongous(starts), HC=humongous(continues), CS=collection set, F=free, OA=open archive, CA=closed archive, TAMS=top-at-mark-start (previous, next)
|   0|0x0000000080000000, 0x0000000080100000, 0x0000000080100000|100%|HS|  |TAMS 0x0000000080100000, 0x0000000080100000| Complete 
|   1|0x0000000080100000, 0x0000000080200000, 0x0000000080200000|100%|HC|  |TAMS 0x0000000080200000, 0x0000000080200000| Complete 
|   2|0x0000000080200000, 0x0000000080300000, 0x0000000080300000|100%|HC|  |TAMS 0x0000000080300000, 0x0000000080300000| Complete 
|   3|0x0000000080300000, 0x0000000080400000, 0x0000000080400000|100%| O|  |TAMS 0x0000000080400000, 0x0000000080400000| Untracked 
|   4|0x0000000080400000, 0x00000000804ffff8, 0x0000000080500000| 99%| O|  |TAMS 0x00000000804ffff8, 0x00000000804ffff8| Untracked 
|   5|0x0000000080500000, 0x0000000080600000, 0x0000000080600000|100%| O|  |TAMS 0x0000000080600000, 0x0000000080600000| Untracked 
|   6|0x0000000080600000, 0x0000000080700000, 0x0000000080700000|100%|HS|  |TAMS 0x0000000080700000, 0x0000000080700000| Complete 
|   7|0x0000000080700000, 0x00000000807f5408, 0x0000000080800000| 95%| O|  |TAMS 0x00000000807f5408, 0x00000000807f5408| Untracked 
|   8|0x0000000080800000, 0x0000000080900000, 0x0000000080900000|100%| O|  |TAMS 0x0000000080900000, 0x0000000080900000| Untracked 
|   9|0x0000000080900000, 0x0000000080a00000, 0x0000000080a00000|100%| O|  |TAMS 0x0000000080a00000, 0x0000000080a00000| Untracked 
|  10|0x0000000080a00000, 0x0000000080b00000, 0x0000000080b00000|100%| O|  |TAMS 0x0000000080b00000, 0x0000000080b00000| Untracked 
|  11|0x0000000080b00000, 0x0000000080c00000, 0x0000000080c00000|100%| O|  |TAMS 0x0000000080c00000, 0x0000000080c00000| Untracked 
|  12|0x0000000080c00000, 0x0000000080cffff0, 0x0000000080d00000| 99%| O|  |TAMS 0x0000000080cffff0, 0x0000000080cffff0| Untracked 
|  13|0x0000000080d00000, 0x0000000080dfffb0, 0x0000000080e00000| 99%| O|  |TAMS 0x0000000080dfffb0, 0x0000000080dfffb0| Untracked 
|  14|0x0000000080e00000, 0x0000000080f00000, 0x0000000080f00000|100%| O|  |TAMS 0x0000000080f00000, 0x0000000080f00000| Untracked 
|  15|0x0000000080f00000, 0x0000000080fffff0, 0x0000000081000000| 99%| O|  |TAMS 0x0000000080fffff0, 0x0000000080fffff0| Untracked 
|  16|0x0000000081000000, 0x0000000081100000, 0x0000000081100000|100%| O|  |TAMS 0x0000000081100000, 0x0000000081100000| Untracked 
|  17|0x0000000081100000, 0x00000000811fffb8, 0x0000000081200000| 99%| O|  |TAMS 0x00000000811fffb8, 0x00000000811fffb8| Untracked 
|  18|0x0000000081200000, 0x00000000812fffc0, 0x0000000081300000| 99%| O|  |TAMS 0x00000000812fffc0, 0x00000000812fffc0| Untracked 
|  19|0x0000000081300000, 0x0000000081400000, 0x0000000081400000|100%| O|  |TAMS 0x0000000081400000, 0x0000000081400000| Untracked 
|  20|0x0000000081400000, 0x00000000814fffd0, 0x0000000081500000| 99%| O|  |TAMS 0x00000000814fffd0, 0x00000000814fffd0| Untracked 
|  21|0x0000000081500000, 0x00000000815fffb8, 0x0000000081600000| 99%| O|  |TAMS 0x00000000815fffb8, 0x00000000815fffb8| Untracked 
|  22|0x0000000081600000, 0x00000000816ffff8, 0x0000000081700000| 99%| O|  |TAMS 0x00000000816ffff8, 0x00000000816ffff8| Untracked 
|  23|0x0000000081700000, 0x00000000817fffd0, 0x0000000081800000| 99%| O|  |TAMS 0x00000000817fffd0, 0x00000000817fffd0| Untracked 
|  24|0x0000000081800000, 0x00000000818ffff0, 0x0000000081900000| 99%| O|  |TAMS 0x00000000818ffff0, 0x00000000818ffff0| Untracked 
|  25|0x0000000081900000, 0x00000000819fed30, 0x0000000081a00000| 99%| O|  |TAMS 0x00000000819fed30, 0x00000000819fed30| Untracked 
|  26|0x0000000081a00000, 0x0000000081afffb0, 0x0000000081b00000| 99%| O|  |TAMS 0x0000000081afffb0, 0x0000000081afffb0| Untracked 
|  27|0x0000000081b00000, 0x0000000081bffff0, 0x0000000081c00000| 99%| O|  |TAMS 0x0000000081bffff0, 0x0000000081bffff0| Untracked 
|  28|0x0000000081c00000, 0x0000000081cd9eb8, 0x0000000081d00000| 85%| O|  |TAMS 0x0000000081cd9eb8, 0x0000000081cd9eb8| Untracked 
|  29|0x0000000081d00000, 0x0000000081dffff0, 0x0000000081e00000| 99%| O|  |TAMS 0x0000000081dffff0, 0x0000000081dffff0| Untracked 
|  30|0x0000000081e00000, 0x0000000081efff98, 0x0000000081f00000| 99%| O|  |TAMS 0x0000000081efff98, 0x0000000081efff98| Untracked 
|  31|0x0000000081f00000, 0x0000000081fffff0, 0x0000000082000000| 99%| O|  |TAMS 0x0000000081fffff0, 0x0000000081fffff0| Untracked 
|  32|0x0000000082000000, 0x00000000820fffd8, 0x0000000082100000| 99%| O|  |TAMS 0x00000000820fffd8, 0x00000000820fffd8| Untracked 
|  33|0x0000000082100000, 0x00000000821ffff8, 0x0000000082200000| 99%| O|  |TAMS 0x00000000821ffff8, 0x00000000821ffff8| Untracked 
|  34|0x0000000082200000, 0x00000000822fffe0, 0x0000000082300000| 99%| O|  |TAMS 0x00000000822fffe0, 0x00000000822fffe0| Untracked 
|  35|0x0000000082300000, 0x0000000082400000, 0x0000000082400000|100%| O|  |TAMS 0x0000000082400000, 0x0000000082400000| Untracked 
|  36|0x0000000082400000, 0x0000000082500000, 0x0000000082500000|100%|HS|  |TAMS 0x0000000082500000, 0x0000000082500000| Complete 
|  37|0x0000000082500000, 0x0000000082600000, 0x0000000082600000|100%|HC|  |TAMS 0x0000000082600000, 0x0000000082600000| Complete 
|  38|0x0000000082600000, 0x0000000082700000, 0x0000000082700000|100%|HS|  |TAMS 0x0000000082700000, 0x0000000082700000| Complete 
|  39|0x0000000082700000, 0x0000000082800000, 0x0000000082800000|100%|HC|  |TAMS 0x0000000082800000, 0x0000000082800000| Complete 
|  40|0x0000000082800000, 0x0000000082900000, 0x0000000082900000|100%|HC|  |TAMS 0x0000000082900000, 0x0000000082900000| Complete 
|  41|0x0000000082900000, 0x00000000829ffff8, 0x0000000082a00000| 99%| O|  |TAMS 0x00000000829ffff8, 0x00000000829ffff8| Untracked 
|  42|0x0000000082a00000, 0x0000000082aeb818, 0x0000000082b00000| 91%| O|  |TAMS 0x0000000082aeb818, 0x0000000082aeb818| Untracked 
|  43|0x0000000082b00000, 0x0000000082bfffe8, 0x0000000082c00000| 99%| O|  |TAMS 0x0000000082bfffe8, 0x0000000082bfffe8| Untracked 
|  44|0x0000000082c00000, 0x0000000082d00000, 0x0000000082d00000|100%| O|  |TAMS 0x0000000082d00000, 0x0000000082d00000| Untracked 
|  45|0x0000000082d00000, 0x0000000082dffff8, 0x0000000082e00000| 99%| O|  |TAMS 0x0000000082dffff8, 0x0000000082dffff8| Untracked 
|  46|0x0000000082e00000, 0x0000000082efffc0, 0x0000000082f00000| 99%| O|  |TAMS 0x0000000082efffc0, 0x0000000082efffc0| Untracked 
|  47|0x0000000082f00000, 0x0000000082fffff0, 0x0000000083000000| 99%| O|  |TAMS 0x0000000082fffff0, 0x0000000082fffff0| Untracked 
|  48|0x0000000083000000, 0x0000000083100000, 0x0000000083100000|100%| O|  |TAMS 0x0000000083100000, 0x0000000083100000| Untracked 
|  49|0x0000000083100000, 0x0000000083200000, 0x0000000083200000|100%|HS|  |TAMS 0x0000000083200000, 0x0000000083200000| Complete 
|  50|0x0000000083200000, 0x0000000083300000, 0x0000000083300000|100%|HS|  |TAMS 0x0000000083300000, 0x0000000083300000| Complete 
|  51|0x0000000083300000, 0x0000000083400000, 0x0000000083400000|100%|HS|  |TAMS 0x0000000083400000, 0x0000000083400000| Complete 
|  52|0x0000000083400000, 0x0000000083500000, 0x0000000083500000|100%|HC|  |TAMS 0x0000000083500000, 0x0000000083500000| Complete 
|  53|0x0000000083500000, 0x00000000835ffff8, 0x0000000083600000| 99%| O|  |TAMS 0x00000000835ffff8, 0x00000000835ffff8| Untracked 
|  54|0x0000000083600000, 0x00000000836fffb8, 0x0000000083700000| 99%| O|  |TAMS 0x00000000836fffb8, 0x00000000836fffb8| Untracked 
|  55|0x0000000083700000, 0x00000000837ffff8, 0x0000000083800000| 99%| O|  |TAMS 0x00000000837ffff8, 0x00000000837ffff8| Untracked 
|  56|0x0000000083800000, 0x00000000838ffa10, 0x0000000083900000| 99%| O|  |TAMS 0x00000000838ffa10, 0x00000000838ffa10| Untracked 
|  57|0x0000000083900000, 0x0000000083a00000, 0x0000000083a00000|100%|HS|  |TAMS 0x0000000083a00000, 0x0000000083a00000| Complete 
|  58|0x0000000083a00000, 0x0000000083b00000, 0x0000000083b00000|100%|HC|  |TAMS 0x0000000083b00000, 0x0000000083b00000| Complete 
|  59|0x0000000083b00000, 0x0000000083c00000, 0x0000000083c00000|100%|HC|  |TAMS 0x0000000083c00000, 0x0000000083c00000| Complete 
|  60|0x0000000083c00000, 0x0000000083d00000, 0x0000000083d00000|100%| O|  |TAMS 0x0000000083d00000, 0x0000000083d00000| Untracked 
|  61|0x0000000083d00000, 0x0000000083dfe158, 0x0000000083e00000| 99%| O|  |TAMS 0x0000000083dfe158, 0x0000000083dfe158| Untracked 
|  62|0x0000000083e00000, 0x0000000083effff0, 0x0000000083f00000| 99%| O|  |TAMS 0x0000000083effff0, 0x0000000083effff0| Untracked 
|  63|0x0000000083f00000, 0x0000000083ffd338, 0x0000000084000000| 98%| O|  |TAMS 0x0000000083ffd338, 0x0000000083ffd338| Untracked 
|  64|0x0000000084000000, 0x00000000840ffff8, 0x0000000084100000| 99%| O|  |TAMS 0x00000000840ffff8, 0x00000000840ffff8| Untracked 
|  65|0x0000000084100000, 0x0000000084200000, 0x0000000084200000|100%| O|  |TAMS 0x0000000084200000, 0x0000000084200000| Untracked 
|  66|0x0000000084200000, 0x00000000842ffff8, 0x0000000084300000| 99%| O|  |TAMS 0x00000000842ffff8, 0x00000000842ffff8| Untracked 
|  67|0x0000000084300000, 0x00000000843f1ba8, 0x0000000084400000| 94%| O|  |TAMS 0x00000000843f1ba8, 0x00000000843f1ba8| Untracked 
|  68|0x0000000084400000, 0x00000000844ffff8, 0x0000000084500000| 99%| O|  |TAMS 0x00000000844ffff8, 0x00000000844ffff8| Untracked 
|  69|0x0000000084500000, 0x00000000845ffff8, 0x0000000084600000| 99%| O|  |TAMS 0x00000000845ffff8, 0x00000000845ffff8| Untracked 
|  70|0x0000000084600000, 0x00000000846ffff0, 0x0000000084700000| 99%| O|  |TAMS 0x00000000846ffff0, 0x00000000846ffff0| Untracked 
|  71|0x0000000084700000, 0x00000000847ffff8, 0x0000000084800000| 99%| O|  |TAMS 0x00000000847ffff8, 0x00000000847ffff8| Untracked 
|  72|0x0000000084800000, 0x00000000848fda48, 0x0000000084900000| 99%| O|  |TAMS 0x00000000848fda48, 0x00000000848fda48| Untracked 
|  73|0x0000000084900000, 0x0000000084a00000, 0x0000000084a00000|100%|HS|  |TAMS 0x0000000084a00000, 0x0000000084a00000| Complete 
|  74|0x0000000084a00000, 0x0000000084b00000, 0x0000000084b00000|100%|HS|  |TAMS 0x0000000084b00000, 0x0000000084b00000| Complete 
|  75|0x0000000084b00000, 0x0000000084c00000, 0x0000000084c00000|100%|HS|  |TAMS 0x0000000084c00000, 0x0000000084c00000| Complete 
|  76|0x0000000084c00000, 0x0000000084d00000, 0x0000000084d00000|100%|HS|  |TAMS 0x0000000084d00000, 0x0000000084d00000| Complete 
|  77|0x0000000084d00000, 0x0000000084dfffd8, 0x0000000084e00000| 99%| O|  |TAMS 0x0000000084dfffd8, 0x0000000084dfffd8| Untracked 
|  78|0x0000000084e00000, 0x0000000084f00000, 0x0000000084f00000|100%| O|  |TAMS 0x0000000084f00000, 0x0000000084f00000| Untracked 
|  79|0x0000000084f00000, 0x0000000084ffffc8, 0x0000000085000000| 99%| O|  |TAMS 0x0000000084ffffc8, 0x0000000084ffffc8| Untracked 
|  80|0x0000000085000000, 0x00000000850f5d38, 0x0000000085100000| 96%| O|  |TAMS 0x00000000850f5d38, 0x00000000850f5d38| Untracked 
|  81|0x0000000085100000, 0x00000000851ffff8, 0x0000000085200000| 99%| O|  |TAMS 0x00000000851ffff8, 0x00000000851ffff8| Untracked 
|  82|0x0000000085200000, 0x00000000852fffe0, 0x0000000085300000| 99%| O|  |TAMS 0x00000000852fffe0, 0x00000000852fffe0| Untracked 
|  83|0x0000000085300000, 0x00000000853dbf18, 0x0000000085400000| 85%| O|  |TAMS 0x00000000853dbf18, 0x00000000853dbf18| Untracked 
|  84|0x0000000085400000, 0x0000000085500000, 0x0000000085500000|100%| O|  |TAMS 0x0000000085500000, 0x0000000085500000| Untracked 
|  85|0x0000000085500000, 0x00000000855fec08, 0x0000000085600000| 99%| O|  |TAMS 0x00000000855fec08, 0x00000000855fec08| Untracked 
|  86|0x0000000085600000, 0x00000000856f6180, 0x0000000085700000| 96%| O|  |TAMS 0x00000000856f6180, 0x00000000856f6180| Untracked 
|  87|0x0000000085700000, 0x00000000857ecfc0, 0x0000000085800000| 92%| O|  |TAMS 0x00000000857ecfc0, 0x00000000857ecfc0| Untracked 
|  88|0x0000000085800000, 0x00000000858fffe8, 0x0000000085900000| 99%| O|  |TAMS 0x00000000858fffe8, 0x00000000858fffe8| Untracked 
|  89|0x0000000085900000, 0x00000000859fff80, 0x0000000085a00000| 99%| O|  |TAMS 0x00000000859fff80, 0x00000000859fff80| Untracked 
|  90|0x0000000085a00000, 0x0000000085b00000, 0x0000000085b00000|100%| O|  |TAMS 0x0000000085b00000, 0x0000000085b00000| Untracked 
|  91|0x0000000085b00000, 0x0000000085c00000, 0x0000000085c00000|100%| O|  |TAMS 0x0000000085c00000, 0x0000000085c00000| Untracked 
|  92|0x0000000085c00000, 0x0000000085cfffd8, 0x0000000085d00000| 99%| O|  |TAMS 0x0000000085cfffd8, 0x0000000085cfffd8| Untracked 
|  93|0x0000000085d00000, 0x0000000085dfffd8, 0x0000000085e00000| 99%| O|  |TAMS 0x0000000085dfffd8, 0x0000000085dfffd8| Untracked 
|  94|0x0000000085e00000, 0x0000000085f00000, 0x0000000085f00000|100%| O|  |TAMS 0x0000000085f00000, 0x0000000085f00000| Untracked 
|  95|0x0000000085f00000, 0x0000000085fffff8, 0x0000000086000000| 99%| O|  |TAMS 0x0000000085fffff8, 0x0000000085fffff8| Untracked 
|  96|0x0000000086000000, 0x00000000860fe7a8, 0x0000000086100000| 99%| O|  |TAMS 0x00000000860fe7a8, 0x00000000860fe7a8| Untracked 
|  97|0x0000000086100000, 0x0000000086200000, 0x0000000086200000|100%|HS|  |TAMS 0x0000000086200000, 0x0000000086200000| Complete 
|  98|0x0000000086200000, 0x0000000086300000, 0x0000000086300000|100%|HS|  |TAMS 0x0000000086300000, 0x0000000086300000| Complete 
|  99|0x0000000086300000, 0x0000000086400000, 0x0000000086400000|100%|HC|  |TAMS 0x0000000086400000, 0x0000000086400000| Complete 
| 100|0x0000000086400000, 0x00000000864ca430, 0x0000000086500000| 79%| O|  |TAMS 0x00000000864ca430, 0x00000000864ca430| Untracked 
| 101|0x0000000086500000, 0x00000000865fffa0, 0x0000000086600000| 99%| O|  |TAMS 0x00000000865fffa0, 0x00000000865fffa0| Untracked 
| 102|0x0000000086600000, 0x00000000866ffff8, 0x0000000086700000| 99%| O|  |TAMS 0x00000000866ffff8, 0x00000000866ffff8| Untracked 
| 103|0x0000000086700000, 0x0000000086800000, 0x0000000086800000|100%| O|  |TAMS 0x0000000086800000, 0x0000000086800000| Untracked 
| 104|0x0000000086800000, 0x00000000868ffff8, 0x0000000086900000| 99%| O|  |TAMS 0x00000000868ffff8, 0x00000000868ffff8| Untracked 
| 105|0x0000000086900000, 0x00000000869fffe0, 0x0000000086a00000| 99%| O|  |TAMS 0x00000000869fffe0, 0x00000000869fffe0| Untracked 
| 106|0x0000000086a00000, 0x0000000086ac8b08, 0x0000000086b00000| 78%| O|  |TAMS 0x0000000086ac8b08, 0x0000000086ac8b08| Untracked 
| 107|0x0000000086b00000, 0x0000000086bf9f90, 0x0000000086c00000| 97%| O|  |TAMS 0x0000000086bf9f90, 0x0000000086bf9f90| Untracked 
| 108|0x0000000086c00000, 0x0000000086cfc4d8, 0x0000000086d00000| 98%| O|  |TAMS 0x0000000086cfc4d8, 0x0000000086cfc4d8| Untracked 
| 109|0x0000000086d00000, 0x0000000086dfff58, 0x0000000086e00000| 99%| O|  |TAMS 0x0000000086dfff58, 0x0000000086dfff58| Untracked 
| 110|0x0000000086e00000, 0x0000000086efffc0, 0x0000000086f00000| 99%| O|  |TAMS 0x0000000086efffc0, 0x0000000086efffc0| Untracked 
| 111|0x0000000086f00000, 0x0000000086fffff0, 0x0000000087000000| 99%| O|  |TAMS 0x0000000086fffff0, 0x0000000086fffff0| Untracked 
| 112|0x0000000087000000, 0x00000000870fffc0, 0x0000000087100000| 99%| O|  |TAMS 0x00000000870fffc0, 0x00000000870fffc0| Untracked 
| 113|0x0000000087100000, 0x00000000871d3980, 0x0000000087200000| 82%| O|  |TAMS 0x00000000871d3980, 0x00000000871d3980| Untracked 
| 114|0x0000000087200000, 0x00000000872fcd48, 0x0000000087300000| 98%| O|  |TAMS 0x00000000872fcd48, 0x00000000872fcd48| Untracked 
| 115|0x0000000087300000, 0x00000000873ffff8, 0x0000000087400000| 99%| O|  |TAMS 0x00000000873ffff8, 0x00000000873ffff8| Untracked 
| 116|0x0000000087400000, 0x00000000874fff80, 0x0000000087500000| 99%| O|  |TAMS 0x00000000874fff80, 0x00000000874fff80| Untracked 
| 117|0x0000000087500000, 0x00000000875fffa0, 0x0000000087600000| 99%| O|  |TAMS 0x00000000875fffa0, 0x00000000875fffa0| Untracked 
| 118|0x0000000087600000, 0x00000000876fd790, 0x0000000087700000| 99%| O|  |TAMS 0x00000000876fd790, 0x00000000876fd790| Untracked 
| 119|0x0000000087700000, 0x00000000877fffd8, 0x0000000087800000| 99%| O|  |TAMS 0x00000000877fffd8, 0x00000000877fffd8| Untracked 
| 120|0x0000000087800000, 0x0000000087900000, 0x0000000087900000|100%| O|  |TAMS 0x0000000087900000, 0x0000000087900000| Untracked 
| 121|0x0000000087900000, 0x00000000879fffb8, 0x0000000087a00000| 99%| O|  |TAMS 0x00000000879fffb8, 0x00000000879fffb8| Untracked 
| 122|0x0000000087a00000, 0x0000000087afbc50, 0x0000000087b00000| 98%| O|  |TAMS 0x0000000087afbc50, 0x0000000087afbc50| Untracked 
| 123|0x0000000087b00000, 0x0000000087bfffb8, 0x0000000087c00000| 99%| O|  |TAMS 0x0000000087bfffb8, 0x0000000087bfffb8| Untracked 
| 124|0x0000000087c00000, 0x0000000087cfffe8, 0x0000000087d00000| 99%| O|  |TAMS 0x0000000087cfffe8, 0x0000000087cfffe8| Untracked 
| 125|0x0000000087d00000, 0x0000000087e00000, 0x0000000087e00000|100%|HS|  |TAMS 0x0000000087e00000, 0x0000000087e00000| Complete 
| 126|0x0000000087e00000, 0x0000000087f00000, 0x0000000087f00000|100%|HS|  |TAMS 0x0000000087f00000, 0x0000000087f00000| Complete 
| 127|0x0000000087f00000, 0x0000000088000000, 0x0000000088000000|100%|HS|  |TAMS 0x0000000088000000, 0x0000000088000000| Complete 
| 128|0x0000000088000000, 0x0000000088100000, 0x0000000088100000|100%|HC|  |TAMS 0x0000000088100000, 0x0000000088100000| Complete 
| 129|0x0000000088100000, 0x00000000881ffff8, 0x0000000088200000| 99%| O|  |TAMS 0x00000000881ffff8, 0x00000000881ffff8| Untracked 
| 130|0x0000000088200000, 0x0000000088300000, 0x0000000088300000|100%| O|  |TAMS 0x0000000088300000, 0x0000000088300000| Untracked 
| 131|0x0000000088300000, 0x00000000883ffff0, 0x0000000088400000| 99%| O|  |TAMS 0x00000000883ffff0, 0x00000000883ffff0| Untracked 
| 132|0x0000000088400000, 0x0000000088500000, 0x0000000088500000|100%| O|  |TAMS 0x0000000088500000, 0x0000000088500000| Untracked 
| 133|0x0000000088500000, 0x00000000885ffff0, 0x0000000088600000| 99%| O|  |TAMS 0x00000000885ffff0, 0x00000000885ffff0| Untracked 
| 134|0x0000000088600000, 0x0000000088700000, 0x0000000088700000|100%| O|  |TAMS 0x0000000088700000, 0x0000000088700000| Untracked 
| 135|0x0000000088700000, 0x00000000887ffff0, 0x0000000088800000| 99%| O|  |TAMS 0x00000000887ffff0, 0x00000000887ffff0| Untracked 
| 136|0x0000000088800000, 0x00000000888fff80, 0x0000000088900000| 99%| O|  |TAMS 0x00000000888fff80, 0x00000000888fff80| Untracked 
| 137|0x0000000088900000, 0x00000000889ffff0, 0x0000000088a00000| 99%| O|  |TAMS 0x00000000889ffff0, 0x00000000889ffff0| Untracked 
| 138|0x0000000088a00000, 0x0000000088b00000, 0x0000000088b00000|100%| O|  |TAMS 0x0000000088b00000, 0x0000000088b00000| Untracked 
| 139|0x0000000088b00000, 0x0000000088bfffa8, 0x0000000088c00000| 99%| O|  |TAMS 0x0000000088bfffa8, 0x0000000088bfffa8| Untracked 
| 140|0x0000000088c00000, 0x0000000088cfffa0, 0x0000000088d00000| 99%| O|  |TAMS 0x0000000088cfffa0, 0x0000000088cfffa0| Untracked 
| 141|0x0000000088d00000, 0x0000000088dfffd8, 0x0000000088e00000| 99%| O|  |TAMS 0x0000000088dfffd8, 0x0000000088dfffd8| Untracked 
| 142|0x0000000088e00000, 0x0000000088effff8, 0x0000000088f00000| 99%| O|  |TAMS 0x0000000088effff8, 0x0000000088effff8| Untracked 
| 143|0x0000000088f00000, 0x0000000088fffff8, 0x0000000089000000| 99%| O|  |TAMS 0x0000000088fffff8, 0x0000000088fffff8| Untracked 
| 144|0x0000000089000000, 0x00000000890ffff8, 0x0000000089100000| 99%| O|  |TAMS 0x00000000890ffff8, 0x00000000890ffff8| Untracked 
| 145|0x0000000089100000, 0x00000000891ffff8, 0x0000000089200000| 99%| O|  |TAMS 0x00000000891ffff8, 0x00000000891ffff8| Untracked 
| 146|0x0000000089200000, 0x00000000892ff998, 0x0000000089300000| 99%| O|  |TAMS 0x00000000892ff998, 0x00000000892ff998| Untracked 
| 147|0x0000000089300000, 0x00000000893ffff8, 0x0000000089400000| 99%| O|  |TAMS 0x00000000893ffff8, 0x00000000893ffff8| Untracked 
| 148|0x0000000089400000, 0x0000000089500000, 0x0000000089500000|100%| O|  |TAMS 0x0000000089500000, 0x0000000089500000| Untracked 
| 149|0x0000000089500000, 0x0000000089600000, 0x0000000089600000|100%| O|  |TAMS 0x0000000089600000, 0x0000000089600000| Untracked 
| 150|0x0000000089600000, 0x00000000896ffff8, 0x0000000089700000| 99%| O|  |TAMS 0x00000000896ffff8, 0x00000000896ffff8| Untracked 
| 151|0x0000000089700000, 0x0000000089800000, 0x0000000089800000|100%| O|  |TAMS 0x0000000089800000, 0x0000000089800000| Untracked 
| 152|0x0000000089800000, 0x0000000089900000, 0x0000000089900000|100%| O|  |TAMS 0x0000000089900000, 0x0000000089900000| Untracked 
| 153|0x0000000089900000, 0x00000000899fffc0, 0x0000000089a00000| 99%| O|  |TAMS 0x00000000899fffc0, 0x00000000899fffc0| Untracked 
| 154|0x0000000089a00000, 0x0000000089b00000, 0x0000000089b00000|100%|HS|  |TAMS 0x0000000089b00000, 0x0000000089b00000| Complete 
| 155|0x0000000089b00000, 0x0000000089c00000, 0x0000000089c00000|100%|HS|  |TAMS 0x0000000089c00000, 0x0000000089c00000| Complete 
| 156|0x0000000089c00000, 0x0000000089d00000, 0x0000000089d00000|100%|HS|  |TAMS 0x0000000089d00000, 0x0000000089d00000| Complete 
| 157|0x0000000089d00000, 0x0000000089dd8850, 0x0000000089e00000| 84%| O|  |TAMS 0x0000000089dd8850, 0x0000000089dd8850| Untracked 
| 158|0x0000000089e00000, 0x0000000089efad40, 0x0000000089f00000| 97%| O|  |TAMS 0x0000000089efad40, 0x0000000089efad40| Untracked 
| 159|0x0000000089f00000, 0x0000000089ffffe8, 0x000000008a000000| 99%| O|  |TAMS 0x0000000089ffffe8, 0x0000000089ffffe8| Untracked 
| 160|0x000000008a000000, 0x000000008a0fffe8, 0x000000008a100000| 99%| O|  |TAMS 0x000000008a0fffe8, 0x000000008a0fffe8| Untracked 
| 161|0x000000008a100000, 0x000000008a1fffb8, 0x000000008a200000| 99%| O|  |TAMS 0x000000008a1fffb8, 0x000000008a1fffb8| Untracked 
| 162|0x000000008a200000, 0x000000008a300000, 0x000000008a300000|100%| O|  |TAMS 0x000000008a300000, 0x000000008a300000| Untracked 
| 163|0x000000008a300000, 0x000000008a3ffff8, 0x000000008a400000| 99%| O|  |TAMS 0x000000008a3ffff8, 0x000000008a3ffff8| Untracked 
| 164|0x000000008a400000, 0x000000008a4ffff0, 0x000000008a500000| 99%| O|  |TAMS 0x000000008a4ffff0, 0x000000008a4ffff0| Untracked 
| 165|0x000000008a500000, 0x000000008a600000, 0x000000008a600000|100%| O|  |TAMS 0x000000008a600000, 0x000000008a600000| Untracked 
| 166|0x000000008a600000, 0x000000008a6ffff8, 0x000000008a700000| 99%| O|  |TAMS 0x000000008a6ffff8, 0x000000008a6ffff8| Untracked 
| 167|0x000000008a700000, 0x000000008a7fffe8, 0x000000008a800000| 99%| O|  |TAMS 0x000000008a7fffe8, 0x000000008a7fffe8| Untracked 
| 168|0x000000008a800000, 0x000000008a8ffff0, 0x000000008a900000| 99%| O|  |TAMS 0x000000008a8ffff0, 0x000000008a8ffff0| Untracked 
| 169|0x000000008a900000, 0x000000008aa00000, 0x000000008aa00000|100%| O|  |TAMS 0x000000008aa00000, 0x000000008aa00000| Untracked 
| 170|0x000000008aa00000, 0x000000008aafff98, 0x000000008ab00000| 99%| O|  |TAMS 0x000000008aafff98, 0x000000008aafff98| Untracked 
| 171|0x000000008ab00000, 0x000000008abfffe8, 0x000000008ac00000| 99%| O|  |TAMS 0x000000008abfffe8, 0x000000008abfffe8| Untracked 
| 172|0x000000008ac00000, 0x000000008acffff0, 0x000000008ad00000| 99%| O|  |TAMS 0x000000008acffff0, 0x000000008acffff0| Untracked 
| 173|0x000000008ad00000, 0x000000008adfffe8, 0x000000008ae00000| 99%| O|  |TAMS 0x000000008adfffe8, 0x000000008adfffe8| Untracked 
| 174|0x000000008ae00000, 0x000000008aeffff8, 0x000000008af00000| 99%| O|  |TAMS 0x000000008aeffff8, 0x000000008aeffff8| Untracked 
| 175|0x000000008af00000, 0x000000008affffe0, 0x000000008b000000| 99%| O|  |TAMS 0x000000008affffe0, 0x000000008affffe0| Untracked 
| 176|0x000000008b000000, 0x000000008b0ffff8, 0x000000008b100000| 99%| O|  |TAMS 0x000000008b0ffff8, 0x000000008b0ffff8| Untracked 
| 177|0x000000008b100000, 0x000000008b1fffc8, 0x000000008b200000| 99%| O|  |TAMS 0x000000008b1fffc8, 0x000000008b1fffc8| Untracked 
| 178|0x000000008b200000, 0x000000008b2fffd8, 0x000000008b300000| 99%| O|  |TAMS 0x000000008b2fffd8, 0x000000008b2fffd8| Untracked 
| 179|0x000000008b300000, 0x000000008b3fffe0, 0x000000008b400000| 99%| O|  |TAMS 0x000000008b3fffe0, 0x000000008b3fffe0| Untracked 
| 180|0x000000008b400000, 0x000000008b4ffff0, 0x000000008b500000| 99%| O|  |TAMS 0x000000008b4ffff0, 0x000000008b4ffff0| Untracked 
| 181|0x000000008b500000, 0x000000008b5ee618, 0x000000008b600000| 93%| O|  |TAMS 0x000000008b5ee618, 0x000000008b5ee618| Untracked 
| 182|0x000000008b600000, 0x000000008b6fffe0, 0x000000008b700000| 99%| O|  |TAMS 0x000000008b6fffe0, 0x000000008b6fffe0| Untracked 
| 183|0x000000008b700000, 0x000000008b7fffd0, 0x000000008b800000| 99%| O|  |TAMS 0x000000008b7fffd0, 0x000000008b7fffd0| Untracked 
| 184|0x000000008b800000, 0x000000008b8ffff0, 0x000000008b900000| 99%| O|  |TAMS 0x000000008b8ffff0, 0x000000008b8ffff0| Untracked 
| 185|0x000000008b900000, 0x000000008ba00000, 0x000000008ba00000|100%| O|  |TAMS 0x000000008ba00000, 0x000000008ba00000| Untracked 
| 186|0x000000008ba00000, 0x000000008baffb70, 0x000000008bb00000| 99%| O|  |TAMS 0x000000008baffb70, 0x000000008baffb70| Untracked 
| 187|0x000000008bb00000, 0x000000008bbffff0, 0x000000008bc00000| 99%| O|  |TAMS 0x000000008bbffff0, 0x000000008bbffff0| Untracked 
| 188|0x000000008bc00000, 0x000000008bd00000, 0x000000008bd00000|100%| O|  |TAMS 0x000000008bd00000, 0x000000008bd00000| Untracked 
| 189|0x000000008bd00000, 0x000000008be00000, 0x000000008be00000|100%| O|  |TAMS 0x000000008be00000, 0x000000008be00000| Untracked 
| 190|0x000000008be00000, 0x000000008befff98, 0x000000008bf00000| 99%| O|  |TAMS 0x000000008befff98, 0x000000008befff98| Untracked 
| 191|0x000000008bf00000, 0x000000008c000000, 0x000000008c000000|100%|HS|  |TAMS 0x000000008c000000, 0x000000008c000000| Untracked 
| 192|0x000000008c000000, 0x000000008c0fffb8, 0x000000008c100000| 99%| O|  |TAMS 0x000000008c0fffb8, 0x000000008c0fffb8| Untracked 
| 193|0x000000008c100000, 0x000000008c200000, 0x000000008c200000|100%| O|  |TAMS 0x000000008c200000, 0x000000008c200000| Untracked 
| 194|0x000000008c200000, 0x000000008c300000, 0x000000008c300000|100%| O|  |TAMS 0x000000008c300000, 0x000000008c300000| Untracked 
| 195|0x000000008c300000, 0x000000008c400000, 0x000000008c400000|100%|HS|  |TAMS 0x000000008c400000, 0x000000008c400000| Complete 
| 196|0x000000008c400000, 0x000000008c500000, 0x000000008c500000|100%|HS|  |TAMS 0x000000008c500000, 0x000000008c500000| Complete 
| 197|0x000000008c500000, 0x000000008c600000, 0x000000008c600000|100%| O|  |TAMS 0x000000008c600000, 0x000000008c600000| Untracked 
| 198|0x000000008c600000, 0x000000008c6fb6a8, 0x000000008c700000| 98%| O|  |TAMS 0x000000008c6fb6a8, 0x000000008c6fb6a8| Untracked 
| 199|0x000000008c700000, 0x000000008c7fffd8, 0x000000008c800000| 99%| O|  |TAMS 0x000000008c7fffd8, 0x000000008c7fffd8| Untracked 
| 200|0x000000008c800000, 0x000000008c900000, 0x000000008c900000|100%| O|  |TAMS 0x000000008c900000, 0x000000008c900000| Untracked 
| 201|0x000000008c900000, 0x000000008ca00000, 0x000000008ca00000|100%| O|  |TAMS 0x000000008ca00000, 0x000000008ca00000| Untracked 
| 202|0x000000008ca00000, 0x000000008caf5708, 0x000000008cb00000| 95%| O|  |TAMS 0x000000008caf5708, 0x000000008caf5708| Untracked 
| 203|0x000000008cb00000, 0x000000008cbffff8, 0x000000008cc00000| 99%| O|  |TAMS 0x000000008cbffff8, 0x000000008cbffff8| Untracked 
| 204|0x000000008cc00000, 0x000000008ccffff0, 0x000000008cd00000| 99%| O|  |TAMS 0x000000008ccffff0, 0x000000008ccffff0| Untracked 
| 205|0x000000008cd00000, 0x000000008cdfffc8, 0x000000008ce00000| 99%| O|  |TAMS 0x000000008cdfffc8, 0x000000008cdfffc8| Untracked 
| 206|0x000000008ce00000, 0x000000008cefff98, 0x000000008cf00000| 99%| O|  |TAMS 0x000000008cefff98, 0x000000008cefff98| Untracked 
| 207|0x000000008cf00000, 0x000000008cff3cd0, 0x000000008d000000| 95%| O|  |TAMS 0x000000008cff3cd0, 0x000000008cff3cd0| Untracked 
| 208|0x000000008d000000, 0x000000008d0fffe8, 0x000000008d100000| 99%| O|  |TAMS 0x000000008d0fffe8, 0x000000008d0fffe8| Untracked 
| 209|0x000000008d100000, 0x000000008d200000, 0x000000008d200000|100%| O|  |TAMS 0x000000008d200000, 0x000000008d200000| Untracked 
| 210|0x000000008d200000, 0x000000008d2ae3c0, 0x000000008d300000| 68%| O|  |TAMS 0x000000008d2ae3c0, 0x000000008d2ae3c0| Untracked 
| 211|0x000000008d300000, 0x000000008d3ffff0, 0x000000008d400000| 99%| O|  |TAMS 0x000000008d3ffff0, 0x000000008d3ffff0| Untracked 
| 212|0x000000008d400000, 0x000000008d4fffd0, 0x000000008d500000| 99%| O|  |TAMS 0x000000008d4fffd0, 0x000000008d4fffd0| Untracked 
| 213|0x000000008d500000, 0x000000008d5fffd8, 0x000000008d600000| 99%| O|  |TAMS 0x000000008d5fffd8, 0x000000008d5fffd8| Untracked 
| 214|0x000000008d600000, 0x000000008d6fffe8, 0x000000008d700000| 99%| O|  |TAMS 0x000000008d6fffe8, 0x000000008d6fffe8| Untracked 
| 215|0x000000008d700000, 0x000000008d7a15d0, 0x000000008d800000| 63%| O|  |TAMS 0x000000008d7a15d0, 0x000000008d7a15d0| Untracked 
| 216|0x000000008d800000, 0x000000008d900000, 0x000000008d900000|100%| O|  |TAMS 0x000000008d900000, 0x000000008d900000| Untracked 
| 217|0x000000008d900000, 0x000000008d9ffff0, 0x000000008da00000| 99%| O|  |TAMS 0x000000008d9ffff0, 0x000000008d9ffff0| Untracked 
| 218|0x000000008da00000, 0x000000008db00000, 0x000000008db00000|100%|HS|  |TAMS 0x000000008db00000, 0x000000008db00000| Complete 
| 219|0x000000008db00000, 0x000000008dc00000, 0x000000008dc00000|100%|HS|  |TAMS 0x000000008dc00000, 0x000000008dc00000| Complete 
| 220|0x000000008dc00000, 0x000000008dcffff8, 0x000000008dd00000| 99%| O|  |TAMS 0x000000008dcffff8, 0x000000008dcffff8| Untracked 
| 221|0x000000008dd00000, 0x000000008ddffff0, 0x000000008de00000| 99%| O|  |TAMS 0x000000008ddffff0, 0x000000008ddffff0| Untracked 
| 222|0x000000008de00000, 0x000000008defffd8, 0x000000008df00000| 99%| O|  |TAMS 0x000000008defffd8, 0x000000008defffd8| Untracked 
| 223|0x000000008df00000, 0x000000008dffff80, 0x000000008e000000| 99%| O|  |TAMS 0x000000008dffff80, 0x000000008dffff80| Untracked 
| 224|0x000000008e000000, 0x000000008e0fffe8, 0x000000008e100000| 99%| O|  |TAMS 0x000000008e0fffe8, 0x000000008e0fffe8| Untracked 
| 225|0x000000008e100000, 0x000000008e1ffff8, 0x000000008e200000| 99%| O|  |TAMS 0x000000008e1ffff8, 0x000000008e1ffff8| Untracked 
| 226|0x000000008e200000, 0x000000008e2fff38, 0x000000008e300000| 99%| O|  |TAMS 0x000000008e2fff38, 0x000000008e2fff38| Untracked 
| 227|0x000000008e300000, 0x000000008e400000, 0x000000008e400000|100%| O|  |TAMS 0x000000008e400000, 0x000000008e400000| Untracked 
| 228|0x000000008e400000, 0x000000008e500000, 0x000000008e500000|100%| O|  |TAMS 0x000000008e400000, 0x000000008e500000| Untracked 
| 229|0x000000008e500000, 0x000000008e600000, 0x000000008e600000|100%| O|  |TAMS 0x000000008e500000, 0x000000008e600000| Untracked 
| 230|0x000000008e600000, 0x000000008e6ff7d0, 0x000000008e700000| 99%| O|  |TAMS 0x000000008e6ff7d0, 0x000000008e6ff7d0| Untracked 
| 231|0x000000008e700000, 0x000000008e800000, 0x000000008e800000|100%| O|  |TAMS 0x000000008e800000, 0x000000008e800000| Untracked 
| 232|0x000000008e800000, 0x000000008e8ffff8, 0x000000008e900000| 99%| O|  |TAMS 0x000000008e8ffff8, 0x000000008e8ffff8| Untracked 
| 233|0x000000008e900000, 0x000000008ea00000, 0x000000008ea00000|100%| O|  |TAMS 0x000000008ea00000, 0x000000008ea00000| Untracked 
| 234|0x000000008ea00000, 0x000000008ea00000, 0x000000008eb00000|  0%| F|  |TAMS 0x000000008ea00000, 0x000000008ea00000| Untracked 
| 235|0x000000008eb00000, 0x000000008ec00000, 0x000000008ec00000|100%| O|  |TAMS 0x000000008ec00000, 0x000000008ec00000| Untracked 
| 236|0x000000008ec00000, 0x000000008ed00000, 0x000000008ed00000|100%| O|  |TAMS 0x000000008ed00000, 0x000000008ed00000| Untracked 
| 237|0x000000008ed00000, 0x000000008ee00000, 0x000000008ee00000|100%| O|  |TAMS 0x000000008ee00000, 0x000000008ee00000| Untracked 
| 238|0x000000008ee00000, 0x000000008eee3c30, 0x000000008ef00000| 88%| O|  |TAMS 0x000000008eee3c30, 0x000000008eee3c30| Untracked 
| 239|0x000000008ef00000, 0x000000008f000000, 0x000000008f000000|100%| O|  |TAMS 0x000000008f000000, 0x000000008f000000| Untracked 
| 240|0x000000008f000000, 0x000000008f100000, 0x000000008f100000|100%| O|  |TAMS 0x000000008f100000, 0x000000008f100000| Untracked 
| 241|0x000000008f100000, 0x000000008f200000, 0x000000008f200000|100%| O|  |TAMS 0x000000008f200000, 0x000000008f200000| Untracked 
| 242|0x000000008f200000, 0x000000008f300000, 0x000000008f300000|100%| O|  |TAMS 0x000000008f200000, 0x000000008f300000| Untracked 
| 243|0x000000008f300000, 0x000000008f400000, 0x000000008f400000|100%| O|  |TAMS 0x000000008f400000, 0x000000008f400000| Untracked 
| 244|0x000000008f400000, 0x000000008f500000, 0x000000008f500000|100%| O|  |TAMS 0x000000008f500000, 0x000000008f500000| Untracked 
| 245|0x000000008f500000, 0x000000008f600000, 0x000000008f600000|100%| O|  |TAMS 0x000000008f600000, 0x000000008f600000| Untracked 
| 246|0x000000008f600000, 0x000000008f700000, 0x000000008f700000|100%| O|  |TAMS 0x000000008f700000, 0x000000008f700000| Untracked 
| 247|0x000000008f700000, 0x000000008f800000, 0x000000008f800000|100%| O|  |TAMS 0x000000008f800000, 0x000000008f800000| Untracked 
| 248|0x000000008f800000, 0x000000008f900000, 0x000000008f900000|100%| O|  |TAMS 0x000000008f900000, 0x000000008f900000| Untracked 
| 249|0x000000008f900000, 0x000000008fa00000, 0x000000008fa00000|100%| O|  |TAMS 0x000000008fa00000, 0x000000008fa00000| Untracked 
| 250|0x000000008fa00000, 0x000000008fb00000, 0x000000008fb00000|100%| O|  |TAMS 0x000000008fb00000, 0x000000008fb00000| Untracked 
| 251|0x000000008fb00000, 0x000000008fc00000, 0x000000008fc00000|100%| O|  |TAMS 0x000000008fc00000, 0x000000008fc00000| Untracked 
| 252|0x000000008fc00000, 0x000000008fd00000, 0x000000008fd00000|100%| O|  |TAMS 0x000000008fd00000, 0x000000008fd00000| Untracked 
| 253|0x000000008fd00000, 0x000000008fe00000, 0x000000008fe00000|100%| O|  |TAMS 0x000000008fe00000, 0x000000008fe00000| Untracked 
| 254|0x000000008fe00000, 0x000000008ff00000, 0x000000008ff00000|100%| O|  |TAMS 0x000000008ff00000, 0x000000008ff00000| Untracked 
| 255|0x000000008ff00000, 0x0000000090000000, 0x0000000090000000|100%| O|  |TAMS 0x0000000090000000, 0x0000000090000000| Untracked 
| 256|0x0000000090000000, 0x0000000090100000, 0x0000000090100000|100%| O|  |TAMS 0x0000000090100000, 0x0000000090100000| Untracked 
| 257|0x0000000090100000, 0x0000000090200000, 0x0000000090200000|100%| O|  |TAMS 0x0000000090200000, 0x0000000090200000| Untracked 
| 258|0x0000000090200000, 0x0000000090300000, 0x0000000090300000|100%| O|  |TAMS 0x0000000090300000, 0x0000000090300000| Untracked 
| 259|0x0000000090300000, 0x00000000903fffd0, 0x0000000090400000| 99%| O|  |TAMS 0x00000000903fffd0, 0x00000000903fffd0| Untracked 
| 260|0x0000000090400000, 0x0000000090500000, 0x0000000090500000|100%| O|  |TAMS 0x0000000090500000, 0x0000000090500000| Untracked 
| 261|0x0000000090500000, 0x0000000090600000, 0x0000000090600000|100%| O|  |TAMS 0x0000000090600000, 0x0000000090600000| Untracked 
| 262|0x0000000090600000, 0x0000000090700000, 0x0000000090700000|100%| O|  |TAMS 0x0000000090700000, 0x0000000090700000| Untracked 
| 263|0x0000000090700000, 0x0000000090800000, 0x0000000090800000|100%| O|  |TAMS 0x0000000090800000, 0x0000000090800000| Untracked 
| 264|0x0000000090800000, 0x0000000090900000, 0x0000000090900000|100%| O|  |TAMS 0x0000000090900000, 0x0000000090900000| Untracked 
| 265|0x0000000090900000, 0x00000000909fffe0, 0x0000000090a00000| 99%| O|  |TAMS 0x00000000909fffe0, 0x00000000909fffe0| Untracked 
| 266|0x0000000090a00000, 0x0000000090b00000, 0x0000000090b00000|100%|HS|  |TAMS 0x0000000090b00000, 0x0000000090b00000| Complete 
| 267|0x0000000090b00000, 0x0000000090c00000, 0x0000000090c00000|100%|HC|  |TAMS 0x0000000090c00000, 0x0000000090c00000| Complete 
| 268|0x0000000090c00000, 0x0000000090d00000, 0x0000000090d00000|100%| O|  |TAMS 0x0000000090d00000, 0x0000000090d00000| Untracked 
| 269|0x0000000090d00000, 0x0000000090e00000, 0x0000000090e00000|100%|HS|  |TAMS 0x0000000090e00000, 0x0000000090e00000| Complete 
| 270|0x0000000090e00000, 0x0000000090f00000, 0x0000000090f00000|100%|HC|  |TAMS 0x0000000090f00000, 0x0000000090f00000| Complete 
| 271|0x0000000090f00000, 0x0000000091000000, 0x0000000091000000|100%| O|  |TAMS 0x0000000091000000, 0x0000000091000000| Untracked 
| 272|0x0000000091000000, 0x00000000910fffe8, 0x0000000091100000| 99%| O|  |TAMS 0x00000000910fffe8, 0x00000000910fffe8| Untracked 
| 273|0x0000000091100000, 0x0000000091200000, 0x0000000091200000|100%| O|  |TAMS 0x0000000091200000, 0x0000000091200000| Untracked 
| 274|0x0000000091200000, 0x0000000091300000, 0x0000000091300000|100%| O|  |TAMS 0x0000000091300000, 0x0000000091300000| Untracked 
| 275|0x0000000091300000, 0x0000000091400000, 0x0000000091400000|100%| O|  |TAMS 0x0000000091400000, 0x0000000091400000| Untracked 
| 276|0x0000000091400000, 0x0000000091400000, 0x0000000091500000|  0%| F|  |TAMS 0x0000000091400000, 0x0000000091400000| Untracked 
| 277|0x0000000091500000, 0x0000000091600000, 0x0000000091600000|100%| O|  |TAMS 0x0000000091600000, 0x0000000091600000| Untracked 
| 278|0x0000000091600000, 0x00000000916ffff8, 0x0000000091700000| 99%| O|  |TAMS 0x00000000916ffff8, 0x00000000916ffff8| Untracked 
| 279|0x0000000091700000, 0x00000000917fffd0, 0x0000000091800000| 99%| O|  |TAMS 0x00000000917fffd0, 0x00000000917fffd0| Untracked 
| 280|0x0000000091800000, 0x0000000091900000, 0x0000000091900000|100%| O|  |TAMS 0x0000000091900000, 0x0000000091900000| Untracked 
| 281|0x0000000091900000, 0x0000000091a00000, 0x0000000091a00000|100%| O|  |TAMS 0x0000000091a00000, 0x0000000091a00000| Untracked 
| 282|0x0000000091a00000, 0x0000000091aa2ee0, 0x0000000091b00000| 63%| O|  |TAMS 0x0000000091aa2ee0, 0x0000000091aa2ee0| Untracked 
| 283|0x0000000091b00000, 0x0000000091c00000, 0x0000000091c00000|100%| O|  |TAMS 0x0000000091c00000, 0x0000000091c00000| Untracked 
| 284|0x0000000091c00000, 0x0000000091d00000, 0x0000000091d00000|100%| O|  |TAMS 0x0000000091d00000, 0x0000000091d00000| Untracked 
| 285|0x0000000091d00000, 0x0000000091e00000, 0x0000000091e00000|100%| O|  |TAMS 0x0000000091e00000, 0x0000000091e00000| Untracked 
| 286|0x0000000091e00000, 0x0000000091f00000, 0x0000000091f00000|100%| O|  |TAMS 0x0000000091f00000, 0x0000000091f00000| Untracked 
| 287|0x0000000091f00000, 0x0000000092000000, 0x0000000092000000|100%| O|  |TAMS 0x0000000092000000, 0x0000000092000000| Untracked 
| 288|0x0000000092000000, 0x0000000092100000, 0x0000000092100000|100%| O|  |TAMS 0x0000000092100000, 0x0000000092100000| Untracked 
| 289|0x0000000092100000, 0x0000000092200000, 0x0000000092200000|100%| O|  |TAMS 0x0000000092200000, 0x0000000092200000| Untracked 
| 290|0x0000000092200000, 0x0000000092300000, 0x0000000092300000|100%| O|  |TAMS 0x0000000092300000, 0x0000000092300000| Untracked 
| 291|0x0000000092300000, 0x0000000092400000, 0x0000000092400000|100%| O|  |TAMS 0x0000000092400000, 0x0000000092400000| Untracked 
| 292|0x0000000092400000, 0x0000000092500000, 0x0000000092500000|100%| O|  |TAMS 0x0000000092500000, 0x0000000092500000| Untracked 
| 293|0x0000000092500000, 0x0000000092600000, 0x0000000092600000|100%| O|  |TAMS 0x0000000092600000, 0x0000000092600000| Untracked 
| 294|0x0000000092600000, 0x0000000092700000, 0x0000000092700000|100%| O|  |TAMS 0x0000000092700000, 0x0000000092700000| Untracked 
| 295|0x0000000092700000, 0x0000000092800000, 0x0000000092800000|100%| O|  |TAMS 0x0000000092800000, 0x0000000092800000| Untracked 
| 296|0x0000000092800000, 0x0000000092900000, 0x0000000092900000|100%| O|  |TAMS 0x0000000092900000, 0x0000000092900000| Untracked 
| 297|0x0000000092900000, 0x0000000092a00000, 0x0000000092a00000|100%| O|  |TAMS 0x0000000092a00000, 0x0000000092a00000| Untracked 
| 298|0x0000000092a00000, 0x0000000092b00000, 0x0000000092b00000|100%| O|  |TAMS 0x0000000092b00000, 0x0000000092b00000| Untracked 
| 299|0x0000000092b00000, 0x0000000092c00000, 0x0000000092c00000|100%| O|  |TAMS 0x0000000092c00000, 0x0000000092c00000| Untracked 
| 300|0x0000000092c00000, 0x0000000092d00000, 0x0000000092d00000|100%| O|  |TAMS 0x0000000092d00000, 0x0000000092d00000| Untracked 
| 301|0x0000000092d00000, 0x0000000092e00000, 0x0000000092e00000|100%| O|  |TAMS 0x0000000092e00000, 0x0000000092e00000| Untracked 
| 302|0x0000000092e00000, 0x0000000092f00000, 0x0000000092f00000|100%| O|  |TAMS 0x0000000092f00000, 0x0000000092f00000| Untracked 
| 303|0x0000000092f00000, 0x0000000093000000, 0x0000000093000000|100%| O|  |TAMS 0x0000000093000000, 0x0000000093000000| Untracked 
| 304|0x0000000093000000, 0x0000000093100000, 0x0000000093100000|100%| O|  |TAMS 0x0000000093100000, 0x0000000093100000| Untracked 
| 305|0x0000000093100000, 0x0000000093200000, 0x0000000093200000|100%| O|  |TAMS 0x0000000093200000, 0x0000000093200000| Untracked 
| 306|0x0000000093200000, 0x0000000093300000, 0x0000000093300000|100%| O|  |TAMS 0x0000000093300000, 0x0000000093300000| Untracked 
| 307|0x0000000093300000, 0x0000000093400000, 0x0000000093400000|100%| O|  |TAMS 0x0000000093400000, 0x0000000093400000| Untracked 
| 308|0x0000000093400000, 0x0000000093500000, 0x0000000093500000|100%| O|  |TAMS 0x0000000093500000, 0x0000000093500000| Untracked 
| 309|0x0000000093500000, 0x0000000093600000, 0x0000000093600000|100%| O|  |TAMS 0x0000000093600000, 0x0000000093600000| Untracked 
| 310|0x0000000093600000, 0x0000000093700000, 0x0000000093700000|100%| O|  |TAMS 0x0000000093700000, 0x0000000093700000| Untracked 
| 311|0x0000000093700000, 0x0000000093800000, 0x0000000093800000|100%| O|  |TAMS 0x0000000093700000, 0x0000000093800000| Untracked 
| 312|0x0000000093800000, 0x0000000093800000, 0x0000000093900000|  0%| F|  |TAMS 0x0000000093800000, 0x0000000093800000| Untracked 
| 313|0x0000000093900000, 0x0000000093a00000, 0x0000000093a00000|100%| O|  |TAMS 0x0000000093900000, 0x0000000093a00000| Untracked 
| 314|0x0000000093a00000, 0x0000000093b00000, 0x0000000093b00000|100%| O|  |TAMS 0x0000000093b00000, 0x0000000093b00000| Untracked 
| 315|0x0000000093b00000, 0x0000000093c00000, 0x0000000093c00000|100%| O|  |TAMS 0x0000000093c00000, 0x0000000093c00000| Untracked 
| 316|0x0000000093c00000, 0x0000000093d00000, 0x0000000093d00000|100%| O|  |TAMS 0x0000000093d00000, 0x0000000093d00000| Untracked 
| 317|0x0000000093d00000, 0x0000000093e00000, 0x0000000093e00000|100%| O|  |TAMS 0x0000000093e00000, 0x0000000093e00000| Untracked 
| 318|0x0000000093e00000, 0x0000000093f00000, 0x0000000093f00000|100%| O|  |TAMS 0x0000000093f00000, 0x0000000093f00000| Untracked 
| 319|0x0000000093f00000, 0x0000000094000000, 0x0000000094000000|100%| O|  |TAMS 0x0000000094000000, 0x0000000094000000| Untracked 
| 320|0x0000000094000000, 0x0000000094100000, 0x0000000094100000|100%| O|  |TAMS 0x0000000094100000, 0x0000000094100000| Untracked 
| 321|0x0000000094100000, 0x0000000094100000, 0x0000000094200000|  0%| F|  |TAMS 0x0000000094100000, 0x0000000094100000| Untracked 
| 322|0x0000000094200000, 0x0000000094200000, 0x0000000094300000|  0%| F|  |TAMS 0x0000000094200000, 0x0000000094200000| Untracked 
| 323|0x0000000094300000, 0x0000000094400000, 0x0000000094400000|100%| O|  |TAMS 0x0000000094400000, 0x0000000094400000| Untracked 
| 324|0x0000000094400000, 0x0000000094500000, 0x0000000094500000|100%| O|  |TAMS 0x0000000094500000, 0x0000000094500000| Untracked 
| 325|0x0000000094500000, 0x0000000094600000, 0x0000000094600000|100%| O|  |TAMS 0x0000000094600000, 0x0000000094600000| Untracked 
| 326|0x0000000094600000, 0x0000000094700000, 0x0000000094700000|100%| O|  |TAMS 0x0000000094700000, 0x0000000094700000| Untracked 
| 327|0x0000000094700000, 0x0000000094800000, 0x0000000094800000|100%| O|  |TAMS 0x0000000094800000, 0x0000000094800000| Untracked 
| 328|0x0000000094800000, 0x0000000094900000, 0x0000000094900000|100%| O|  |TAMS 0x0000000094900000, 0x0000000094900000| Untracked 
| 329|0x0000000094900000, 0x0000000094a00000, 0x0000000094a00000|100%| O|  |TAMS 0x0000000094a00000, 0x0000000094a00000| Untracked 
| 330|0x0000000094a00000, 0x0000000094b00000, 0x0000000094b00000|100%| O|  |TAMS 0x0000000094b00000, 0x0000000094b00000| Untracked 
| 331|0x0000000094b00000, 0x0000000094c00000, 0x0000000094c00000|100%| O|  |TAMS 0x0000000094c00000, 0x0000000094c00000| Untracked 
| 332|0x0000000094c00000, 0x0000000094d00000, 0x0000000094d00000|100%| O|  |TAMS 0x0000000094d00000, 0x0000000094d00000| Untracked 
| 333|0x0000000094d00000, 0x0000000094e00000, 0x0000000094e00000|100%| O|  |TAMS 0x0000000094e00000, 0x0000000094e00000| Untracked 
| 334|0x0000000094e00000, 0x0000000094f00000, 0x0000000094f00000|100%| O|  |TAMS 0x0000000094f00000, 0x0000000094f00000| Untracked 
| 335|0x0000000094f00000, 0x0000000095000000, 0x0000000095000000|100%| O|  |TAMS 0x0000000095000000, 0x0000000095000000| Untracked 
| 336|0x0000000095000000, 0x0000000095100000, 0x0000000095100000|100%| O|  |TAMS 0x0000000095100000, 0x0000000095100000| Untracked 
| 337|0x0000000095100000, 0x0000000095200000, 0x0000000095200000|100%| O|  |TAMS 0x0000000095200000, 0x0000000095200000| Untracked 
| 338|0x0000000095200000, 0x0000000095300000, 0x0000000095300000|100%| O|  |TAMS 0x0000000095300000, 0x0000000095300000| Untracked 
| 339|0x0000000095300000, 0x0000000095400000, 0x0000000095400000|100%| O|  |TAMS 0x0000000095400000, 0x0000000095400000| Untracked 
| 340|0x0000000095400000, 0x0000000095500000, 0x0000000095500000|100%| O|  |TAMS 0x0000000095500000, 0x0000000095500000| Untracked 
| 341|0x0000000095500000, 0x0000000095600000, 0x0000000095600000|100%| O|  |TAMS 0x0000000095600000, 0x0000000095600000| Untracked 
| 342|0x0000000095600000, 0x0000000095700000, 0x0000000095700000|100%| O|  |TAMS 0x0000000095700000, 0x0000000095700000| Untracked 
| 343|0x0000000095700000, 0x0000000095800000, 0x0000000095800000|100%| O|  |TAMS 0x0000000095800000, 0x0000000095800000| Untracked 
| 344|0x0000000095800000, 0x0000000095900000, 0x0000000095900000|100%| O|  |TAMS 0x0000000095900000, 0x0000000095900000| Untracked 
| 345|0x0000000095900000, 0x0000000095a00000, 0x0000000095a00000|100%| O|  |TAMS 0x0000000095a00000, 0x0000000095a00000| Untracked 
| 346|0x0000000095a00000, 0x0000000095b00000, 0x0000000095b00000|100%| O|  |TAMS 0x0000000095b00000, 0x0000000095b00000| Untracked 
| 347|0x0000000095b00000, 0x0000000095c00000, 0x0000000095c00000|100%| O|  |TAMS 0x0000000095b3b800, 0x0000000095c00000| Untracked 
| 348|0x0000000095c00000, 0x0000000095d00000, 0x0000000095d00000|100%| O|  |TAMS 0x0000000095c00000, 0x0000000095d00000| Untracked 
| 349|0x0000000095d00000, 0x0000000095e00000, 0x0000000095e00000|100%| O|  |TAMS 0x0000000095d00000, 0x0000000095e00000| Untracked 
| 350|0x0000000095e00000, 0x0000000095e00000, 0x0000000095f00000|  0%| F|  |TAMS 0x0000000095e00000, 0x0000000095e00000| Untracked 
| 351|0x0000000095f00000, 0x0000000095f00000, 0x0000000096000000|  0%| F|  |TAMS 0x0000000095f00000, 0x0000000095f00000| Untracked 
| 352|0x0000000096000000, 0x0000000096100000, 0x0000000096100000|100%| O|  |TAMS 0x0000000096000000, 0x0000000096100000| Untracked 
| 353|0x0000000096100000, 0x0000000096200000, 0x0000000096200000|100%| O|  |TAMS 0x0000000096100000, 0x0000000096200000| Untracked 
| 354|0x0000000096200000, 0x0000000096300000, 0x0000000096300000|100%| O|  |TAMS 0x0000000096200000, 0x0000000096300000| Untracked 
| 355|0x0000000096300000, 0x0000000096400000, 0x0000000096400000|100%| O|  |TAMS 0x0000000096300000, 0x0000000096400000| Untracked 
| 356|0x0000000096400000, 0x0000000096500000, 0x0000000096500000|100%| O|  |TAMS 0x0000000096400000, 0x0000000096500000| Untracked 
| 357|0x0000000096500000, 0x0000000096600000, 0x0000000096600000|100%| O|  |TAMS 0x0000000096500000, 0x0000000096600000| Untracked 
| 358|0x0000000096600000, 0x0000000096700000, 0x0000000096700000|100%| O|  |TAMS 0x0000000096600000, 0x0000000096700000| Untracked 
| 359|0x0000000096700000, 0x0000000096800000, 0x0000000096800000|100%| O|  |TAMS 0x0000000096700000, 0x0000000096800000| Untracked 
| 360|0x0000000096800000, 0x0000000096900000, 0x0000000096900000|100%| O|  |TAMS 0x0000000096800000, 0x0000000096900000| Untracked 
| 361|0x0000000096900000, 0x0000000096a00000, 0x0000000096a00000|100%| O|  |TAMS 0x0000000096900000, 0x0000000096a00000| Untracked 
| 362|0x0000000096a00000, 0x0000000096b00000, 0x0000000096b00000|100%| O|  |TAMS 0x0000000096a00000, 0x0000000096b00000| Untracked 
| 363|0x0000000096b00000, 0x0000000096c00000, 0x0000000096c00000|100%| O|  |TAMS 0x0000000096b00000, 0x0000000096c00000| Untracked 
| 364|0x0000000096c00000, 0x0000000096d00000, 0x0000000096d00000|100%| O|  |TAMS 0x0000000096c00000, 0x0000000096d00000| Untracked 
| 365|0x0000000096d00000, 0x0000000096e00000, 0x0000000096e00000|100%| O|  |TAMS 0x0000000096d00000, 0x0000000096e00000| Untracked 
| 366|0x0000000096e00000, 0x0000000096f00000, 0x0000000096f00000|100%| O|  |TAMS 0x0000000096e00000, 0x0000000096f00000| Untracked 
| 367|0x0000000096f00000, 0x0000000097000000, 0x0000000097000000|100%| O|  |TAMS 0x0000000096f00000, 0x0000000097000000| Untracked 
| 368|0x0000000097000000, 0x0000000097100000, 0x0000000097100000|100%| O|  |TAMS 0x0000000097000000, 0x0000000097100000| Untracked 
| 369|0x0000000097100000, 0x0000000097200000, 0x0000000097200000|100%| O|  |TAMS 0x0000000097100000, 0x0000000097200000| Untracked 
| 370|0x0000000097200000, 0x0000000097300000, 0x0000000097300000|100%| O|  |TAMS 0x0000000097200000, 0x0000000097300000| Untracked 
| 371|0x0000000097300000, 0x0000000097400000, 0x0000000097400000|100%| O|  |TAMS 0x0000000097300000, 0x0000000097400000| Untracked 
| 372|0x0000000097400000, 0x000000009740e000, 0x0000000097500000|  5%| O|  |TAMS 0x0000000097400000, 0x000000009740e000| Untracked 
| 373|0x0000000097500000, 0x0000000097500000, 0x0000000097600000|  0%| F|  |TAMS 0x0000000097500000, 0x0000000097500000| Untracked 
| 374|0x0000000097600000, 0x0000000097600000, 0x0000000097700000|  0%| F|  |TAMS 0x0000000097600000, 0x0000000097600000| Untracked 
| 375|0x0000000097700000, 0x0000000097700000, 0x0000000097800000|  0%| F|  |TAMS 0x0000000097700000, 0x0000000097700000| Untracked 
| 376|0x0000000097800000, 0x0000000097800000, 0x0000000097900000|  0%| F|  |TAMS 0x0000000097800000, 0x0000000097800000| Untracked 
| 377|0x0000000097900000, 0x0000000097900000, 0x0000000097a00000|  0%| F|  |TAMS 0x0000000097900000, 0x0000000097900000| Untracked 
| 378|0x0000000097a00000, 0x0000000097a00000, 0x0000000097b00000|  0%| F|  |TAMS 0x0000000097a00000, 0x0000000097a00000| Untracked 
| 379|0x0000000097b00000, 0x0000000097b00000, 0x0000000097c00000|  0%| F|  |TAMS 0x0000000097b00000, 0x0000000097b00000| Untracked 
| 380|0x0000000097c00000, 0x0000000097c00000, 0x0000000097d00000|  0%| F|  |TAMS 0x0000000097c00000, 0x0000000097c00000| Untracked 
| 381|0x0000000097d00000, 0x0000000097d00000, 0x0000000097e00000|  0%| F|  |TAMS 0x0000000097d00000, 0x0000000097d00000| Untracked 
| 382|0x0000000097e00000, 0x0000000097e00000, 0x0000000097f00000|  0%| F|  |TAMS 0x0000000097e00000, 0x0000000097e00000| Untracked 
| 383|0x0000000097f00000, 0x0000000097f00000, 0x0000000098000000|  0%| F|  |TAMS 0x0000000097f00000, 0x0000000097f00000| Untracked 
| 384|0x0000000098000000, 0x0000000098000000, 0x0000000098100000|  0%| F|  |TAMS 0x0000000098000000, 0x0000000098000000| Untracked 
| 385|0x0000000098100000, 0x0000000098100000, 0x0000000098200000|  0%| F|  |TAMS 0x0000000098100000, 0x0000000098100000| Untracked 
| 386|0x0000000098200000, 0x0000000098200000, 0x0000000098300000|  0%| F|  |TAMS 0x0000000098200000, 0x0000000098200000| Untracked 
| 387|0x0000000098300000, 0x0000000098300000, 0x0000000098400000|  0%| F|  |TAMS 0x0000000098300000, 0x0000000098300000| Untracked 
| 388|0x0000000098400000, 0x0000000098400000, 0x0000000098500000|  0%| F|  |TAMS 0x0000000098400000, 0x0000000098400000| Untracked 
| 389|0x0000000098500000, 0x0000000098500000, 0x0000000098600000|  0%| F|  |TAMS 0x0000000098500000, 0x0000000098500000| Untracked 
| 390|0x0000000098600000, 0x0000000098600000, 0x0000000098700000|  0%| F|  |TAMS 0x0000000098600000, 0x0000000098600000| Untracked 
| 391|0x0000000098700000, 0x0000000098700000, 0x0000000098800000|  0%| F|  |TAMS 0x0000000098700000, 0x0000000098700000| Untracked 
| 392|0x0000000098800000, 0x0000000098800000, 0x0000000098900000|  0%| F|  |TAMS 0x0000000098800000, 0x0000000098800000| Untracked 
| 393|0x0000000098900000, 0x0000000098900000, 0x0000000098a00000|  0%| F|  |TAMS 0x0000000098900000, 0x0000000098900000| Untracked 
| 394|0x0000000098a00000, 0x0000000098a00000, 0x0000000098b00000|  0%| F|  |TAMS 0x0000000098a00000, 0x0000000098a00000| Untracked 
| 395|0x0000000098b00000, 0x0000000098b00000, 0x0000000098c00000|  0%| F|  |TAMS 0x0000000098b00000, 0x0000000098b00000| Untracked 
| 396|0x0000000098c00000, 0x0000000098c00000, 0x0000000098d00000|  0%| F|  |TAMS 0x0000000098c00000, 0x0000000098c00000| Untracked 
| 397|0x0000000098d00000, 0x0000000098d00000, 0x0000000098e00000|  0%| F|  |TAMS 0x0000000098d00000, 0x0000000098d00000| Untracked 
| 398|0x0000000098e00000, 0x0000000098e00000, 0x0000000098f00000|  0%| F|  |TAMS 0x0000000098e00000, 0x0000000098e00000| Untracked 
| 399|0x0000000098f00000, 0x0000000098f00000, 0x0000000099000000|  0%| F|  |TAMS 0x0000000098f00000, 0x0000000098f00000| Untracked 
| 400|0x0000000099000000, 0x0000000099000000, 0x0000000099100000|  0%| F|  |TAMS 0x0000000099000000, 0x0000000099000000| Untracked 
| 401|0x0000000099100000, 0x0000000099100000, 0x0000000099200000|  0%| F|  |TAMS 0x0000000099100000, 0x0000000099100000| Untracked 
| 402|0x0000000099200000, 0x0000000099200000, 0x0000000099300000|  0%| F|  |TAMS 0x0000000099200000, 0x0000000099200000| Untracked 
| 403|0x0000000099300000, 0x0000000099300000, 0x0000000099400000|  0%| F|  |TAMS 0x0000000099300000, 0x0000000099300000| Untracked 
| 404|0x0000000099400000, 0x0000000099400000, 0x0000000099500000|  0%| F|  |TAMS 0x0000000099400000, 0x0000000099400000| Untracked 
| 405|0x0000000099500000, 0x0000000099500000, 0x0000000099600000|  0%| F|  |TAMS 0x0000000099500000, 0x0000000099500000| Untracked 
| 406|0x0000000099600000, 0x0000000099600000, 0x0000000099700000|  0%| F|  |TAMS 0x0000000099600000, 0x0000000099600000| Untracked 
| 407|0x0000000099700000, 0x0000000099700000, 0x0000000099800000|  0%| F|  |TAMS 0x0000000099700000, 0x0000000099700000| Untracked 
| 408|0x0000000099800000, 0x0000000099800000, 0x0000000099900000|  0%| F|  |TAMS 0x0000000099800000, 0x0000000099800000| Untracked 
| 409|0x0000000099900000, 0x0000000099900000, 0x0000000099a00000|  0%| F|  |TAMS 0x0000000099900000, 0x0000000099900000| Untracked 
| 410|0x0000000099a00000, 0x0000000099a00000, 0x0000000099b00000|  0%| F|  |TAMS 0x0000000099a00000, 0x0000000099a00000| Untracked 
| 411|0x0000000099b00000, 0x0000000099b00000, 0x0000000099c00000|  0%| F|  |TAMS 0x0000000099b00000, 0x0000000099b00000| Untracked 
| 412|0x0000000099c00000, 0x0000000099c00000, 0x0000000099d00000|  0%| F|  |TAMS 0x0000000099c00000, 0x0000000099c00000| Untracked 
| 413|0x0000000099d00000, 0x0000000099d00000, 0x0000000099e00000|  0%| F|  |TAMS 0x0000000099d00000, 0x0000000099d00000| Untracked 
| 414|0x0000000099e00000, 0x0000000099e00000, 0x0000000099f00000|  0%| F|  |TAMS 0x0000000099e00000, 0x0000000099e00000| Untracked 
| 415|0x0000000099f00000, 0x0000000099f00000, 0x000000009a000000|  0%| F|  |TAMS 0x0000000099f00000, 0x0000000099f00000| Untracked 
| 416|0x000000009a000000, 0x000000009a000000, 0x000000009a100000|  0%| F|  |TAMS 0x000000009a000000, 0x000000009a000000| Untracked 
| 417|0x000000009a100000, 0x000000009a100000, 0x000000009a200000|  0%| F|  |TAMS 0x000000009a100000, 0x000000009a100000| Untracked 
| 418|0x000000009a200000, 0x000000009a200000, 0x000000009a300000|  0%| F|  |TAMS 0x000000009a200000, 0x000000009a200000| Untracked 
| 419|0x000000009a300000, 0x000000009a300000, 0x000000009a400000|  0%| F|  |TAMS 0x000000009a300000, 0x000000009a300000| Untracked 
| 420|0x000000009a400000, 0x000000009a400000, 0x000000009a500000|  0%| F|  |TAMS 0x000000009a400000, 0x000000009a400000| Untracked 
| 421|0x000000009a500000, 0x000000009a500000, 0x000000009a600000|  0%| F|  |TAMS 0x000000009a500000, 0x000000009a500000| Untracked 
| 422|0x000000009a600000, 0x000000009a600000, 0x000000009a700000|  0%| F|  |TAMS 0x000000009a600000, 0x000000009a600000| Untracked 
| 423|0x000000009a700000, 0x000000009a700000, 0x000000009a800000|  0%| F|  |TAMS 0x000000009a700000, 0x000000009a700000| Untracked 
| 424|0x000000009a800000, 0x000000009a800000, 0x000000009a900000|  0%| F|  |TAMS 0x000000009a800000, 0x000000009a800000| Untracked 
| 425|0x000000009a900000, 0x000000009a900000, 0x000000009aa00000|  0%| F|  |TAMS 0x000000009a900000, 0x000000009a900000| Untracked 
| 426|0x000000009aa00000, 0x000000009aa00000, 0x000000009ab00000|  0%| F|  |TAMS 0x000000009aa00000, 0x000000009aa00000| Untracked 
| 427|0x000000009ab00000, 0x000000009ab00000, 0x000000009ac00000|  0%| F|  |TAMS 0x000000009ab00000, 0x000000009ab00000| Untracked 
| 428|0x000000009ac00000, 0x000000009ac00000, 0x000000009ad00000|  0%| F|  |TAMS 0x000000009ac00000, 0x000000009ac00000| Untracked 
| 429|0x000000009ad00000, 0x000000009ad00000, 0x000000009ae00000|  0%| F|  |TAMS 0x000000009ad00000, 0x000000009ad00000| Untracked 
| 430|0x000000009ae00000, 0x000000009ae00000, 0x000000009af00000|  0%| F|  |TAMS 0x000000009ae00000, 0x000000009ae00000| Untracked 
| 431|0x000000009af00000, 0x000000009af00000, 0x000000009b000000|  0%| F|  |TAMS 0x000000009af00000, 0x000000009af00000| Untracked 
| 432|0x000000009b000000, 0x000000009b000000, 0x000000009b100000|  0%| F|  |TAMS 0x000000009b000000, 0x000000009b000000| Untracked 
| 433|0x000000009b100000, 0x000000009b100000, 0x000000009b200000|  0%| F|  |TAMS 0x000000009b100000, 0x000000009b100000| Untracked 
| 434|0x000000009b200000, 0x000000009b200000, 0x000000009b300000|  0%| F|  |TAMS 0x000000009b200000, 0x000000009b200000| Untracked 
| 435|0x000000009b300000, 0x000000009b300000, 0x000000009b400000|  0%| F|  |TAMS 0x000000009b300000, 0x000000009b300000| Untracked 
| 436|0x000000009b400000, 0x000000009b400000, 0x000000009b500000|  0%| F|  |TAMS 0x000000009b400000, 0x000000009b400000| Untracked 
| 437|0x000000009b500000, 0x000000009b500000, 0x000000009b600000|  0%| F|  |TAMS 0x000000009b500000, 0x000000009b500000| Untracked 
| 438|0x000000009b600000, 0x000000009b600000, 0x000000009b700000|  0%| F|  |TAMS 0x000000009b600000, 0x000000009b600000| Untracked 
| 439|0x000000009b700000, 0x000000009b700000, 0x000000009b800000|  0%| F|  |TAMS 0x000000009b700000, 0x000000009b700000| Untracked 
| 440|0x000000009b800000, 0x000000009b800000, 0x000000009b900000|  0%| F|  |TAMS 0x000000009b800000, 0x000000009b800000| Untracked 
| 441|0x000000009b900000, 0x000000009b900000, 0x000000009ba00000|  0%| F|  |TAMS 0x000000009b900000, 0x000000009b900000| Untracked 
| 442|0x000000009ba00000, 0x000000009ba00000, 0x000000009bb00000|  0%| F|  |TAMS 0x000000009ba00000, 0x000000009ba00000| Untracked 
| 443|0x000000009bb00000, 0x000000009bb00000, 0x000000009bc00000|  0%| F|  |TAMS 0x000000009bb00000, 0x000000009bb00000| Untracked 
| 444|0x000000009bc00000, 0x000000009bc00000, 0x000000009bd00000|  0%| F|  |TAMS 0x000000009bc00000, 0x000000009bc00000| Untracked 
| 445|0x000000009bd00000, 0x000000009bd00000, 0x000000009be00000|  0%| F|  |TAMS 0x000000009bd00000, 0x000000009bd00000| Untracked 
| 446|0x000000009be00000, 0x000000009be00000, 0x000000009bf00000|  0%| F|  |TAMS 0x000000009be00000, 0x000000009be00000| Untracked 
| 447|0x000000009bf00000, 0x000000009bf00000, 0x000000009c000000|  0%| F|  |TAMS 0x000000009bf00000, 0x000000009bf00000| Untracked 
| 448|0x000000009c000000, 0x000000009c000000, 0x000000009c100000|  0%| F|  |TAMS 0x000000009c000000, 0x000000009c000000| Untracked 
| 449|0x000000009c100000, 0x000000009c100000, 0x000000009c200000|  0%| F|  |TAMS 0x000000009c100000, 0x000000009c100000| Untracked 
| 450|0x000000009c200000, 0x000000009c200000, 0x000000009c300000|  0%| F|  |TAMS 0x000000009c200000, 0x000000009c200000| Untracked 
| 451|0x000000009c300000, 0x000000009c300000, 0x000000009c400000|  0%| F|  |TAMS 0x000000009c300000, 0x000000009c300000| Untracked 
| 452|0x000000009c400000, 0x000000009c400000, 0x000000009c500000|  0%| F|  |TAMS 0x000000009c400000, 0x000000009c400000| Untracked 
| 453|0x000000009c500000, 0x000000009c500000, 0x000000009c600000|  0%| F|  |TAMS 0x000000009c500000, 0x000000009c500000| Untracked 
| 454|0x000000009c600000, 0x000000009c600000, 0x000000009c700000|  0%| F|  |TAMS 0x000000009c600000, 0x000000009c600000| Untracked 
| 455|0x000000009c700000, 0x000000009c700000, 0x000000009c800000|  0%| F|  |TAMS 0x000000009c700000, 0x000000009c700000| Untracked 
| 456|0x000000009c800000, 0x000000009c800000, 0x000000009c900000|  0%| F|  |TAMS 0x000000009c800000, 0x000000009c800000| Untracked 
| 457|0x000000009c900000, 0x000000009c900000, 0x000000009ca00000|  0%| F|  |TAMS 0x000000009c900000, 0x000000009c900000| Untracked 
| 458|0x000000009ca00000, 0x000000009ca00000, 0x000000009cb00000|  0%| F|  |TAMS 0x000000009ca00000, 0x000000009ca00000| Untracked 
| 459|0x000000009cb00000, 0x000000009cb00000, 0x000000009cc00000|  0%| F|  |TAMS 0x000000009cb00000, 0x000000009cb00000| Untracked 
| 460|0x000000009cc00000, 0x000000009cc00000, 0x000000009cd00000|  0%| F|  |TAMS 0x000000009cc00000, 0x000000009cc00000| Untracked 
| 461|0x000000009cd00000, 0x000000009cd00000, 0x000000009ce00000|  0%| F|  |TAMS 0x000000009cd00000, 0x000000009cd00000| Untracked 
| 462|0x000000009ce00000, 0x000000009ce00000, 0x000000009cf00000|  0%| F|  |TAMS 0x000000009ce00000, 0x000000009ce00000| Untracked 
| 463|0x000000009cf00000, 0x000000009cf00000, 0x000000009d000000|  0%| F|  |TAMS 0x000000009cf00000, 0x000000009cf00000| Untracked 
| 464|0x000000009d000000, 0x000000009d000000, 0x000000009d100000|  0%| F|  |TAMS 0x000000009d000000, 0x000000009d000000| Untracked 
| 465|0x000000009d100000, 0x000000009d100000, 0x000000009d200000|  0%| F|  |TAMS 0x000000009d100000, 0x000000009d100000| Untracked 
| 466|0x000000009d200000, 0x000000009d200000, 0x000000009d300000|  0%| F|  |TAMS 0x000000009d200000, 0x000000009d200000| Untracked 
| 467|0x000000009d300000, 0x000000009d300000, 0x000000009d400000|  0%| F|  |TAMS 0x000000009d300000, 0x000000009d300000| Untracked 
| 468|0x000000009d400000, 0x000000009d400000, 0x000000009d500000|  0%| F|  |TAMS 0x000000009d400000, 0x000000009d400000| Untracked 
| 469|0x000000009d500000, 0x000000009d500000, 0x000000009d600000|  0%| F|  |TAMS 0x000000009d500000, 0x000000009d500000| Untracked 
| 470|0x000000009d600000, 0x000000009d600000, 0x000000009d700000|  0%| F|  |TAMS 0x000000009d600000, 0x000000009d600000| Untracked 
| 471|0x000000009d700000, 0x000000009d700000, 0x000000009d800000|  0%| F|  |TAMS 0x000000009d700000, 0x000000009d700000| Untracked 
| 472|0x000000009d800000, 0x000000009d800000, 0x000000009d900000|  0%| F|  |TAMS 0x000000009d800000, 0x000000009d800000| Untracked 
| 473|0x000000009d900000, 0x000000009d900000, 0x000000009da00000|  0%| F|  |TAMS 0x000000009d900000, 0x000000009d900000| Untracked 
| 474|0x000000009da00000, 0x000000009da00000, 0x000000009db00000|  0%| F|  |TAMS 0x000000009da00000, 0x000000009da00000| Untracked 
| 475|0x000000009db00000, 0x000000009db00000, 0x000000009dc00000|  0%| F|  |TAMS 0x000000009db00000, 0x000000009db00000| Untracked 
| 476|0x000000009dc00000, 0x000000009dc00000, 0x000000009dd00000|  0%| F|  |TAMS 0x000000009dc00000, 0x000000009dc00000| Untracked 
| 477|0x000000009dd00000, 0x000000009dd00000, 0x000000009de00000|  0%| F|  |TAMS 0x000000009dd00000, 0x000000009dd00000| Untracked 
| 478|0x000000009de00000, 0x000000009de00000, 0x000000009df00000|  0%| F|  |TAMS 0x000000009de00000, 0x000000009de00000| Untracked 
| 479|0x000000009df00000, 0x000000009df00000, 0x000000009e000000|  0%| F|  |TAMS 0x000000009df00000, 0x000000009df00000| Untracked 
| 480|0x000000009e000000, 0x000000009e000000, 0x000000009e100000|  0%| F|  |TAMS 0x000000009e000000, 0x000000009e000000| Untracked 
| 481|0x000000009e100000, 0x000000009e100000, 0x000000009e200000|  0%| F|  |TAMS 0x000000009e100000, 0x000000009e100000| Untracked 
| 482|0x000000009e200000, 0x000000009e200000, 0x000000009e300000|  0%| F|  |TAMS 0x000000009e200000, 0x000000009e200000| Untracked 
| 483|0x000000009e300000, 0x000000009e300000, 0x000000009e400000|  0%| F|  |TAMS 0x000000009e300000, 0x000000009e300000| Untracked 
| 484|0x000000009e400000, 0x000000009e400000, 0x000000009e500000|  0%| F|  |TAMS 0x000000009e400000, 0x000000009e400000| Untracked 
| 485|0x000000009e500000, 0x000000009e500000, 0x000000009e600000|  0%| F|  |TAMS 0x000000009e500000, 0x000000009e500000| Untracked 
| 486|0x000000009e600000, 0x000000009e600000, 0x000000009e700000|  0%| F|  |TAMS 0x000000009e600000, 0x000000009e600000| Untracked 
| 487|0x000000009e700000, 0x000000009e700000, 0x000000009e800000|  0%| F|  |TAMS 0x000000009e700000, 0x000000009e700000| Untracked 
| 488|0x000000009e800000, 0x000000009e800000, 0x000000009e900000|  0%| F|  |TAMS 0x000000009e800000, 0x000000009e800000| Untracked 
| 489|0x000000009e900000, 0x000000009e900000, 0x000000009ea00000|  0%| F|  |TAMS 0x000000009e900000, 0x000000009e900000| Untracked 
| 490|0x000000009ea00000, 0x000000009ea00000, 0x000000009eb00000|  0%| F|  |TAMS 0x000000009ea00000, 0x000000009ea00000| Untracked 
| 491|0x000000009eb00000, 0x000000009eb00000, 0x000000009ec00000|  0%| F|  |TAMS 0x000000009eb00000, 0x000000009eb00000| Untracked 
| 492|0x000000009ec00000, 0x000000009ec00000, 0x000000009ed00000|  0%| F|  |TAMS 0x000000009ec00000, 0x000000009ec00000| Untracked 
| 493|0x000000009ed00000, 0x000000009ed00000, 0x000000009ee00000|  0%| F|  |TAMS 0x000000009ed00000, 0x000000009ed00000| Untracked 
| 494|0x000000009ee00000, 0x000000009ee00000, 0x000000009ef00000|  0%| F|  |TAMS 0x000000009ee00000, 0x000000009ee00000| Untracked 
| 495|0x000000009ef00000, 0x000000009ef00000, 0x000000009f000000|  0%| F|  |TAMS 0x000000009ef00000, 0x000000009ef00000| Untracked 
| 496|0x000000009f000000, 0x000000009f000000, 0x000000009f100000|  0%| F|  |TAMS 0x000000009f000000, 0x000000009f000000| Untracked 
| 497|0x000000009f100000, 0x000000009f200000, 0x000000009f200000|100%| O|  |TAMS 0x000000009f200000, 0x000000009f200000| Untracked 
| 498|0x000000009f200000, 0x000000009f200000, 0x000000009f300000|  0%| F|  |TAMS 0x000000009f200000, 0x000000009f200000| Untracked 
| 499|0x000000009f300000, 0x000000009f300000, 0x000000009f400000|  0%| F|  |TAMS 0x000000009f300000, 0x000000009f300000| Untracked 
| 500|0x000000009f400000, 0x000000009f400000, 0x000000009f500000|  0%| F|  |TAMS 0x000000009f400000, 0x000000009f400000| Untracked 
| 501|0x000000009f500000, 0x000000009f500000, 0x000000009f600000|  0%| F|  |TAMS 0x000000009f500000, 0x000000009f500000| Untracked 
| 502|0x000000009f600000, 0x000000009f600000, 0x000000009f700000|  0%| F|  |TAMS 0x000000009f600000, 0x000000009f600000| Untracked 
| 503|0x000000009f700000, 0x000000009f700000, 0x000000009f800000|  0%| F|  |TAMS 0x000000009f700000, 0x000000009f700000| Untracked 
| 504|0x000000009f800000, 0x000000009f800000, 0x000000009f900000|  0%| F|  |TAMS 0x000000009f800000, 0x000000009f800000| Untracked 
| 505|0x000000009f900000, 0x000000009f900000, 0x000000009fa00000|  0%| F|  |TAMS 0x000000009f900000, 0x000000009f900000| Untracked 
| 506|0x000000009fa00000, 0x000000009fa00000, 0x000000009fb00000|  0%| F|  |TAMS 0x000000009fa00000, 0x000000009fa00000| Untracked 
| 507|0x000000009fb00000, 0x000000009fb00000, 0x000000009fc00000|  0%| F|  |TAMS 0x000000009fb00000, 0x000000009fb00000| Untracked 
| 508|0x000000009fc00000, 0x000000009fd00000, 0x000000009fd00000|100%| O|  |TAMS 0x000000009fd00000, 0x000000009fd00000| Untracked 
| 509|0x000000009fd00000, 0x000000009fd00000, 0x000000009fe00000|  0%| F|  |TAMS 0x000000009fd00000, 0x000000009fd00000| Untracked 
| 510|0x000000009fe00000, 0x000000009fe00000, 0x000000009ff00000|  0%| F|  |TAMS 0x000000009fe00000, 0x000000009fe00000| Untracked 
| 511|0x000000009ff00000, 0x000000009ff00000, 0x00000000a0000000|  0%| F|  |TAMS 0x000000009ff00000, 0x000000009ff00000| Untracked 
| 512|0x00000000a0000000, 0x00000000a0000000, 0x00000000a0100000|  0%| F|  |TAMS 0x00000000a0000000, 0x00000000a0000000| Untracked 
| 513|0x00000000a0100000, 0x00000000a0100000, 0x00000000a0200000|  0%| F|  |TAMS 0x00000000a0100000, 0x00000000a0100000| Untracked 
| 514|0x00000000a0200000, 0x00000000a0200000, 0x00000000a0300000|  0%| F|  |TAMS 0x00000000a0200000, 0x00000000a0200000| Untracked 
| 515|0x00000000a0300000, 0x00000000a0300000, 0x00000000a0400000|  0%| F|  |TAMS 0x00000000a0300000, 0x00000000a0300000| Untracked 
| 516|0x00000000a0400000, 0x00000000a0400000, 0x00000000a0500000|  0%| F|  |TAMS 0x00000000a0400000, 0x00000000a0400000| Untracked 
| 517|0x00000000a0500000, 0x00000000a0500000, 0x00000000a0600000|  0%| F|  |TAMS 0x00000000a0500000, 0x00000000a0500000| Untracked 
| 518|0x00000000a0600000, 0x00000000a0600000, 0x00000000a0700000|  0%| F|  |TAMS 0x00000000a0600000, 0x00000000a0600000| Untracked 
| 519|0x00000000a0700000, 0x00000000a0700000, 0x00000000a0800000|  0%| F|  |TAMS 0x00000000a0700000, 0x00000000a0700000| Untracked 
| 520|0x00000000a0800000, 0x00000000a0800000, 0x00000000a0900000|  0%| F|  |TAMS 0x00000000a0800000, 0x00000000a0800000| Untracked 
| 521|0x00000000a0900000, 0x00000000a0900000, 0x00000000a0a00000|  0%| F|  |TAMS 0x00000000a0900000, 0x00000000a0900000| Untracked 
| 522|0x00000000a0a00000, 0x00000000a0a00000, 0x00000000a0b00000|  0%| F|  |TAMS 0x00000000a0a00000, 0x00000000a0a00000| Untracked 
| 523|0x00000000a0b00000, 0x00000000a0b00000, 0x00000000a0c00000|  0%| F|  |TAMS 0x00000000a0b00000, 0x00000000a0b00000| Untracked 
| 524|0x00000000a0c00000, 0x00000000a0c00000, 0x00000000a0d00000|  0%| F|  |TAMS 0x00000000a0c00000, 0x00000000a0c00000| Untracked 
| 525|0x00000000a0d00000, 0x00000000a0d00000, 0x00000000a0e00000|  0%| F|  |TAMS 0x00000000a0d00000, 0x00000000a0d00000| Untracked 
| 526|0x00000000a0e00000, 0x00000000a0e00000, 0x00000000a0f00000|  0%| F|  |TAMS 0x00000000a0e00000, 0x00000000a0e00000| Untracked 
| 527|0x00000000a0f00000, 0x00000000a0f00000, 0x00000000a1000000|  0%| F|  |TAMS 0x00000000a0f00000, 0x00000000a0f00000| Untracked 
| 528|0x00000000a1000000, 0x00000000a1000000, 0x00000000a1100000|  0%| F|  |TAMS 0x00000000a1000000, 0x00000000a1000000| Untracked 
| 529|0x00000000a1100000, 0x00000000a1100000, 0x00000000a1200000|  0%| F|  |TAMS 0x00000000a1100000, 0x00000000a1100000| Untracked 
| 530|0x00000000a1200000, 0x00000000a1200000, 0x00000000a1300000|  0%| F|  |TAMS 0x00000000a1200000, 0x00000000a1200000| Untracked 
| 531|0x00000000a1300000, 0x00000000a1300000, 0x00000000a1400000|  0%| F|  |TAMS 0x00000000a1300000, 0x00000000a1300000| Untracked 
| 532|0x00000000a1400000, 0x00000000a1400000, 0x00000000a1500000|  0%| F|  |TAMS 0x00000000a1400000, 0x00000000a1400000| Untracked 
| 533|0x00000000a1500000, 0x00000000a1500000, 0x00000000a1600000|  0%| F|  |TAMS 0x00000000a1500000, 0x00000000a1500000| Untracked 
| 534|0x00000000a1600000, 0x00000000a1600000, 0x00000000a1700000|  0%| F|  |TAMS 0x00000000a1600000, 0x00000000a1600000| Untracked 
| 535|0x00000000a1700000, 0x00000000a1700000, 0x00000000a1800000|  0%| F|  |TAMS 0x00000000a1700000, 0x00000000a1700000| Untracked 
| 536|0x00000000a1800000, 0x00000000a1800000, 0x00000000a1900000|  0%| F|  |TAMS 0x00000000a1800000, 0x00000000a1800000| Untracked 
| 537|0x00000000a1900000, 0x00000000a1900000, 0x00000000a1a00000|  0%| F|  |TAMS 0x00000000a1900000, 0x00000000a1900000| Untracked 
| 538|0x00000000a1a00000, 0x00000000a1a00000, 0x00000000a1b00000|  0%| F|  |TAMS 0x00000000a1a00000, 0x00000000a1a00000| Untracked 
| 539|0x00000000a1b00000, 0x00000000a1b00000, 0x00000000a1c00000|  0%| F|  |TAMS 0x00000000a1b00000, 0x00000000a1b00000| Untracked 
| 540|0x00000000a1c00000, 0x00000000a1c00000, 0x00000000a1d00000|  0%| F|  |TAMS 0x00000000a1c00000, 0x00000000a1c00000| Untracked 
| 541|0x00000000a1d00000, 0x00000000a1d00000, 0x00000000a1e00000|  0%| F|  |TAMS 0x00000000a1d00000, 0x00000000a1d00000| Untracked 
| 542|0x00000000a1e00000, 0x00000000a1e00000, 0x00000000a1f00000|  0%| F|  |TAMS 0x00000000a1e00000, 0x00000000a1e00000| Untracked 
| 543|0x00000000a1f00000, 0x00000000a1f00000, 0x00000000a2000000|  0%| F|  |TAMS 0x00000000a1f00000, 0x00000000a1f00000| Untracked 
| 544|0x00000000a2000000, 0x00000000a2000000, 0x00000000a2100000|  0%| F|  |TAMS 0x00000000a2000000, 0x00000000a2000000| Untracked 
| 545|0x00000000a2100000, 0x00000000a2100000, 0x00000000a2200000|  0%| F|  |TAMS 0x00000000a2100000, 0x00000000a2100000| Untracked 
| 546|0x00000000a2200000, 0x00000000a2200000, 0x00000000a2300000|  0%| F|  |TAMS 0x00000000a2200000, 0x00000000a2200000| Untracked 
| 547|0x00000000a2300000, 0x00000000a2300000, 0x00000000a2400000|  0%| F|  |TAMS 0x00000000a2300000, 0x00000000a2300000| Untracked 
| 548|0x00000000a2400000, 0x00000000a2400000, 0x00000000a2500000|  0%| F|  |TAMS 0x00000000a2400000, 0x00000000a2400000| Untracked 
| 549|0x00000000a2500000, 0x00000000a2500000, 0x00000000a2600000|  0%| F|  |TAMS 0x00000000a2500000, 0x00000000a2500000| Untracked 
| 550|0x00000000a2600000, 0x00000000a2600000, 0x00000000a2700000|  0%| F|  |TAMS 0x00000000a2600000, 0x00000000a2600000| Untracked 
| 551|0x00000000a2700000, 0x00000000a2700000, 0x00000000a2800000|  0%| F|  |TAMS 0x00000000a2700000, 0x00000000a2700000| Untracked 
| 552|0x00000000a2800000, 0x00000000a2800000, 0x00000000a2900000|  0%| F|  |TAMS 0x00000000a2800000, 0x00000000a2800000| Untracked 
| 553|0x00000000a2900000, 0x00000000a2900000, 0x00000000a2a00000|  0%| F|  |TAMS 0x00000000a2900000, 0x00000000a2900000| Untracked 
| 554|0x00000000a2a00000, 0x00000000a2a00000, 0x00000000a2b00000|  0%| F|  |TAMS 0x00000000a2a00000, 0x00000000a2a00000| Untracked 
| 555|0x00000000a2b00000, 0x00000000a2b00000, 0x00000000a2c00000|  0%| F|  |TAMS 0x00000000a2b00000, 0x00000000a2b00000| Untracked 
| 556|0x00000000a2c00000, 0x00000000a2c00000, 0x00000000a2d00000|  0%| F|  |TAMS 0x00000000a2c00000, 0x00000000a2c00000| Untracked 
| 557|0x00000000a2d00000, 0x00000000a2d00000, 0x00000000a2e00000|  0%| F|  |TAMS 0x00000000a2d00000, 0x00000000a2d00000| Untracked 
| 558|0x00000000a2e00000, 0x00000000a2e00000, 0x00000000a2f00000|  0%| F|  |TAMS 0x00000000a2e00000, 0x00000000a2e00000| Untracked 
| 559|0x00000000a2f00000, 0x00000000a2f00000, 0x00000000a3000000|  0%| F|  |TAMS 0x00000000a2f00000, 0x00000000a2f00000| Untracked 
| 560|0x00000000a3000000, 0x00000000a3000000, 0x00000000a3100000|  0%| F|  |TAMS 0x00000000a3000000, 0x00000000a3000000| Untracked 
| 561|0x00000000a3100000, 0x00000000a3100000, 0x00000000a3200000|  0%| F|  |TAMS 0x00000000a3100000, 0x00000000a3100000| Untracked 
| 562|0x00000000a3200000, 0x00000000a3200000, 0x00000000a3300000|  0%| F|  |TAMS 0x00000000a3200000, 0x00000000a3200000| Untracked 
| 563|0x00000000a3300000, 0x00000000a3300000, 0x00000000a3400000|  0%| F|  |TAMS 0x00000000a3300000, 0x00000000a3300000| Untracked 
| 564|0x00000000a3400000, 0x00000000a3400000, 0x00000000a3500000|  0%| F|  |TAMS 0x00000000a3400000, 0x00000000a3400000| Untracked 
| 565|0x00000000a3500000, 0x00000000a3500000, 0x00000000a3600000|  0%| F|  |TAMS 0x00000000a3500000, 0x00000000a3500000| Untracked 
| 566|0x00000000a3600000, 0x00000000a3600000, 0x00000000a3700000|  0%| F|  |TAMS 0x00000000a3600000, 0x00000000a3600000| Untracked 
| 567|0x00000000a3700000, 0x00000000a3700000, 0x00000000a3800000|  0%| F|  |TAMS 0x00000000a3700000, 0x00000000a3700000| Untracked 
| 568|0x00000000a3800000, 0x00000000a3800000, 0x00000000a3900000|  0%| F|  |TAMS 0x00000000a3800000, 0x00000000a3800000| Untracked 
| 569|0x00000000a3900000, 0x00000000a3900000, 0x00000000a3a00000|  0%| F|  |TAMS 0x00000000a3900000, 0x00000000a3900000| Untracked 
| 570|0x00000000a3a00000, 0x00000000a3a00000, 0x00000000a3b00000|  0%| F|  |TAMS 0x00000000a3a00000, 0x00000000a3a00000| Untracked 
| 571|0x00000000a3b00000, 0x00000000a3b00000, 0x00000000a3c00000|  0%| F|  |TAMS 0x00000000a3b00000, 0x00000000a3b00000| Untracked 
| 572|0x00000000a3c00000, 0x00000000a3c00000, 0x00000000a3d00000|  0%| F|  |TAMS 0x00000000a3c00000, 0x00000000a3c00000| Untracked 
| 573|0x00000000a3d00000, 0x00000000a3d00000, 0x00000000a3e00000|  0%| F|  |TAMS 0x00000000a3d00000, 0x00000000a3d00000| Untracked 
| 574|0x00000000a3e00000, 0x00000000a3e00000, 0x00000000a3f00000|  0%| F|  |TAMS 0x00000000a3e00000, 0x00000000a3e00000| Untracked 
| 575|0x00000000a3f00000, 0x00000000a3f00000, 0x00000000a4000000|  0%| F|  |TAMS 0x00000000a3f00000, 0x00000000a3f00000| Untracked 
| 576|0x00000000a4000000, 0x00000000a4000000, 0x00000000a4100000|  0%| F|  |TAMS 0x00000000a4000000, 0x00000000a4000000| Untracked 
| 577|0x00000000a4100000, 0x00000000a4100000, 0x00000000a4200000|  0%| F|  |TAMS 0x00000000a4100000, 0x00000000a4100000| Untracked 
| 578|0x00000000a4200000, 0x00000000a4200000, 0x00000000a4300000|  0%| F|  |TAMS 0x00000000a4200000, 0x00000000a4200000| Untracked 
| 579|0x00000000a4300000, 0x00000000a4300000, 0x00000000a4400000|  0%| F|  |TAMS 0x00000000a4300000, 0x00000000a4300000| Untracked 
| 580|0x00000000a4400000, 0x00000000a4400000, 0x00000000a4500000|  0%| F|  |TAMS 0x00000000a4400000, 0x00000000a4400000| Untracked 
| 581|0x00000000a4500000, 0x00000000a4500000, 0x00000000a4600000|  0%| F|  |TAMS 0x00000000a4500000, 0x00000000a4500000| Untracked 
| 582|0x00000000a4600000, 0x00000000a4600000, 0x00000000a4700000|  0%| F|  |TAMS 0x00000000a4600000, 0x00000000a4600000| Untracked 
| 583|0x00000000a4700000, 0x00000000a4700000, 0x00000000a4800000|  0%| F|  |TAMS 0x00000000a4700000, 0x00000000a4700000| Untracked 
| 584|0x00000000a4800000, 0x00000000a4800000, 0x00000000a4900000|  0%| F|  |TAMS 0x00000000a4800000, 0x00000000a4800000| Untracked 
| 585|0x00000000a4900000, 0x00000000a4900000, 0x00000000a4a00000|  0%| F|  |TAMS 0x00000000a4900000, 0x00000000a4900000| Untracked 
| 586|0x00000000a4a00000, 0x00000000a4a00000, 0x00000000a4b00000|  0%| F|  |TAMS 0x00000000a4a00000, 0x00000000a4a00000| Untracked 
| 587|0x00000000a4b00000, 0x00000000a4b00000, 0x00000000a4c00000|  0%| F|  |TAMS 0x00000000a4b00000, 0x00000000a4b00000| Untracked 
| 588|0x00000000a4c00000, 0x00000000a4c00000, 0x00000000a4d00000|  0%| F|  |TAMS 0x00000000a4c00000, 0x00000000a4c00000| Untracked 
| 589|0x00000000a4d00000, 0x00000000a4d00000, 0x00000000a4e00000|  0%| F|  |TAMS 0x00000000a4d00000, 0x00000000a4d00000| Untracked 
| 590|0x00000000a4e00000, 0x00000000a4e00000, 0x00000000a4f00000|  0%| F|  |TAMS 0x00000000a4e00000, 0x00000000a4e00000| Untracked 
| 591|0x00000000a4f00000, 0x00000000a4f00000, 0x00000000a5000000|  0%| F|  |TAMS 0x00000000a4f00000, 0x00000000a4f00000| Untracked 
| 592|0x00000000a5000000, 0x00000000a5000000, 0x00000000a5100000|  0%| F|  |TAMS 0x00000000a5000000, 0x00000000a5000000| Untracked 
| 593|0x00000000a5100000, 0x00000000a5100000, 0x00000000a5200000|  0%| F|  |TAMS 0x00000000a5100000, 0x00000000a5100000| Untracked 
| 594|0x00000000a5200000, 0x00000000a5200000, 0x00000000a5300000|  0%| F|  |TAMS 0x00000000a5200000, 0x00000000a5200000| Untracked 
| 595|0x00000000a5300000, 0x00000000a5300000, 0x00000000a5400000|  0%| F|  |TAMS 0x00000000a5300000, 0x00000000a5300000| Untracked 
| 596|0x00000000a5400000, 0x00000000a5400000, 0x00000000a5500000|  0%| F|  |TAMS 0x00000000a5400000, 0x00000000a5400000| Untracked 
| 597|0x00000000a5500000, 0x00000000a5500000, 0x00000000a5600000|  0%| F|  |TAMS 0x00000000a5500000, 0x00000000a5500000| Untracked 
| 598|0x00000000a5600000, 0x00000000a5600000, 0x00000000a5700000|  0%| F|  |TAMS 0x00000000a5600000, 0x00000000a5600000| Untracked 
| 599|0x00000000a5700000, 0x00000000a5700000, 0x00000000a5800000|  0%| F|  |TAMS 0x00000000a5700000, 0x00000000a5700000| Untracked 
| 600|0x00000000a5800000, 0x00000000a5800000, 0x00000000a5900000|  0%| F|  |TAMS 0x00000000a5800000, 0x00000000a5800000| Untracked 
| 601|0x00000000a5900000, 0x00000000a5900000, 0x00000000a5a00000|  0%| F|  |TAMS 0x00000000a5900000, 0x00000000a5900000| Untracked 
| 602|0x00000000a5a00000, 0x00000000a5a00000, 0x00000000a5b00000|  0%| F|  |TAMS 0x00000000a5a00000, 0x00000000a5a00000| Untracked 
| 603|0x00000000a5b00000, 0x00000000a5b00000, 0x00000000a5c00000|  0%| F|  |TAMS 0x00000000a5b00000, 0x00000000a5b00000| Untracked 
| 604|0x00000000a5c00000, 0x00000000a5c00000, 0x00000000a5d00000|  0%| F|  |TAMS 0x00000000a5c00000, 0x00000000a5c00000| Untracked 
| 605|0x00000000a5d00000, 0x00000000a5d00000, 0x00000000a5e00000|  0%| F|  |TAMS 0x00000000a5d00000, 0x00000000a5d00000| Untracked 
| 606|0x00000000a5e00000, 0x00000000a5e00000, 0x00000000a5f00000|  0%| F|  |TAMS 0x00000000a5e00000, 0x00000000a5e00000| Untracked 
| 607|0x00000000a5f00000, 0x00000000a5f00000, 0x00000000a6000000|  0%| F|  |TAMS 0x00000000a5f00000, 0x00000000a5f00000| Untracked 
| 608|0x00000000a6000000, 0x00000000a6000000, 0x00000000a6100000|  0%| F|  |TAMS 0x00000000a6000000, 0x00000000a6000000| Untracked 
| 609|0x00000000a6100000, 0x00000000a6100000, 0x00000000a6200000|  0%| F|  |TAMS 0x00000000a6100000, 0x00000000a6100000| Untracked 
| 610|0x00000000a6200000, 0x00000000a6200000, 0x00000000a6300000|  0%| F|  |TAMS 0x00000000a6200000, 0x00000000a6200000| Untracked 
| 611|0x00000000a6300000, 0x00000000a6300000, 0x00000000a6400000|  0%| F|  |TAMS 0x00000000a6300000, 0x00000000a6300000| Untracked 
| 612|0x00000000a6400000, 0x00000000a6400000, 0x00000000a6500000|  0%| F|  |TAMS 0x00000000a6400000, 0x00000000a6400000| Untracked 
| 613|0x00000000a6500000, 0x00000000a6500000, 0x00000000a6600000|  0%| F|  |TAMS 0x00000000a6500000, 0x00000000a6500000| Untracked 
| 614|0x00000000a6600000, 0x00000000a6600000, 0x00000000a6700000|  0%| F|  |TAMS 0x00000000a6600000, 0x00000000a6600000| Untracked 
| 615|0x00000000a6700000, 0x00000000a6700000, 0x00000000a6800000|  0%| F|  |TAMS 0x00000000a6700000, 0x00000000a6700000| Untracked 
| 616|0x00000000a6800000, 0x00000000a6800000, 0x00000000a6900000|  0%| F|  |TAMS 0x00000000a6800000, 0x00000000a6800000| Untracked 
| 617|0x00000000a6900000, 0x00000000a6900000, 0x00000000a6a00000|  0%| F|  |TAMS 0x00000000a6900000, 0x00000000a6900000| Untracked 
| 618|0x00000000a6a00000, 0x00000000a6a00000, 0x00000000a6b00000|  0%| F|  |TAMS 0x00000000a6a00000, 0x00000000a6a00000| Untracked 
| 619|0x00000000a6b00000, 0x00000000a6b00000, 0x00000000a6c00000|  0%| F|  |TAMS 0x00000000a6b00000, 0x00000000a6b00000| Untracked 
| 620|0x00000000a6c00000, 0x00000000a6c00000, 0x00000000a6d00000|  0%| F|  |TAMS 0x00000000a6c00000, 0x00000000a6c00000| Untracked 
| 621|0x00000000a6d00000, 0x00000000a6d00000, 0x00000000a6e00000|  0%| F|  |TAMS 0x00000000a6d00000, 0x00000000a6d00000| Untracked 
| 622|0x00000000a6e00000, 0x00000000a6e00000, 0x00000000a6f00000|  0%| F|  |TAMS 0x00000000a6e00000, 0x00000000a6e00000| Untracked 
| 623|0x00000000a6f00000, 0x00000000a6f00000, 0x00000000a7000000|  0%| F|  |TAMS 0x00000000a6f00000, 0x00000000a6f00000| Untracked 
| 624|0x00000000a7000000, 0x00000000a7000000, 0x00000000a7100000|  0%| F|  |TAMS 0x00000000a7000000, 0x00000000a7000000| Untracked 
| 625|0x00000000a7100000, 0x00000000a7100000, 0x00000000a7200000|  0%| F|  |TAMS 0x00000000a7100000, 0x00000000a7100000| Untracked 
| 626|0x00000000a7200000, 0x00000000a7200000, 0x00000000a7300000|  0%| F|  |TAMS 0x00000000a7200000, 0x00000000a7200000| Untracked 
| 627|0x00000000a7300000, 0x00000000a7300000, 0x00000000a7400000|  0%| F|  |TAMS 0x00000000a7300000, 0x00000000a7300000| Untracked 
| 628|0x00000000a7400000, 0x00000000a7400000, 0x00000000a7500000|  0%| F|  |TAMS 0x00000000a7400000, 0x00000000a7400000| Untracked 
| 629|0x00000000a7500000, 0x00000000a7500000, 0x00000000a7600000|  0%| F|  |TAMS 0x00000000a7500000, 0x00000000a7500000| Untracked 
| 630|0x00000000a7600000, 0x00000000a7600000, 0x00000000a7700000|  0%| F|  |TAMS 0x00000000a7600000, 0x00000000a7600000| Untracked 
| 631|0x00000000a7700000, 0x00000000a7700000, 0x00000000a7800000|  0%| F|  |TAMS 0x00000000a7700000, 0x00000000a7700000| Untracked 
| 632|0x00000000a7800000, 0x00000000a7800000, 0x00000000a7900000|  0%| F|  |TAMS 0x00000000a7800000, 0x00000000a7800000| Untracked 
| 633|0x00000000a7900000, 0x00000000a7900000, 0x00000000a7a00000|  0%| F|  |TAMS 0x00000000a7900000, 0x00000000a7900000| Untracked 
| 634|0x00000000a7a00000, 0x00000000a7a00000, 0x00000000a7b00000|  0%| F|  |TAMS 0x00000000a7a00000, 0x00000000a7a00000| Untracked 
| 635|0x00000000a7b00000, 0x00000000a7b00000, 0x00000000a7c00000|  0%| F|  |TAMS 0x00000000a7b00000, 0x00000000a7b00000| Untracked 
| 636|0x00000000a7c00000, 0x00000000a7c00000, 0x00000000a7d00000|  0%| F|  |TAMS 0x00000000a7c00000, 0x00000000a7c00000| Untracked 
| 637|0x00000000a7d00000, 0x00000000a7d00000, 0x00000000a7e00000|  0%| F|  |TAMS 0x00000000a7d00000, 0x00000000a7d00000| Untracked 
| 638|0x00000000a7e00000, 0x00000000a7e00000, 0x00000000a7f00000|  0%| F|  |TAMS 0x00000000a7e00000, 0x00000000a7e00000| Untracked 
| 639|0x00000000a7f00000, 0x00000000a7f00000, 0x00000000a8000000|  0%| F|  |TAMS 0x00000000a7f00000, 0x00000000a7f00000| Untracked 
| 640|0x00000000a8000000, 0x00000000a8000000, 0x00000000a8100000|  0%| F|  |TAMS 0x00000000a8000000, 0x00000000a8000000| Untracked 
| 641|0x00000000a8100000, 0x00000000a8100000, 0x00000000a8200000|  0%| F|  |TAMS 0x00000000a8100000, 0x00000000a8100000| Untracked 
| 642|0x00000000a8200000, 0x00000000a8200000, 0x00000000a8300000|  0%| F|  |TAMS 0x00000000a8200000, 0x00000000a8200000| Untracked 
| 643|0x00000000a8300000, 0x00000000a8300000, 0x00000000a8400000|  0%| F|  |TAMS 0x00000000a8300000, 0x00000000a8300000| Untracked 
| 644|0x00000000a8400000, 0x00000000a8400000, 0x00000000a8500000|  0%| F|  |TAMS 0x00000000a8400000, 0x00000000a8400000| Untracked 
| 645|0x00000000a8500000, 0x00000000a8500000, 0x00000000a8600000|  0%| F|  |TAMS 0x00000000a8500000, 0x00000000a8500000| Untracked 
| 646|0x00000000a8600000, 0x00000000a8600000, 0x00000000a8700000|  0%| F|  |TAMS 0x00000000a8600000, 0x00000000a8600000| Untracked 
| 647|0x00000000a8700000, 0x00000000a8700000, 0x00000000a8800000|  0%| F|  |TAMS 0x00000000a8700000, 0x00000000a8700000| Untracked 
| 648|0x00000000a8800000, 0x00000000a8800000, 0x00000000a8900000|  0%| F|  |TAMS 0x00000000a8800000, 0x00000000a8800000| Untracked 
| 649|0x00000000a8900000, 0x00000000a8900000, 0x00000000a8a00000|  0%| F|  |TAMS 0x00000000a8900000, 0x00000000a8900000| Untracked 
| 650|0x00000000a8a00000, 0x00000000a8a00000, 0x00000000a8b00000|  0%| F|  |TAMS 0x00000000a8a00000, 0x00000000a8a00000| Untracked 
| 651|0x00000000a8b00000, 0x00000000a8b00000, 0x00000000a8c00000|  0%| F|  |TAMS 0x00000000a8b00000, 0x00000000a8b00000| Untracked 
| 652|0x00000000a8c00000, 0x00000000a8c00000, 0x00000000a8d00000|  0%| F|  |TAMS 0x00000000a8c00000, 0x00000000a8c00000| Untracked 
| 653|0x00000000a8d00000, 0x00000000a8d00000, 0x00000000a8e00000|  0%| F|  |TAMS 0x00000000a8d00000, 0x00000000a8d00000| Untracked 
| 654|0x00000000a8e00000, 0x00000000a8e00000, 0x00000000a8f00000|  0%| F|  |TAMS 0x00000000a8e00000, 0x00000000a8e00000| Untracked 
| 655|0x00000000a8f00000, 0x00000000a8f00000, 0x00000000a9000000|  0%| F|  |TAMS 0x00000000a8f00000, 0x00000000a8f00000| Untracked 
| 656|0x00000000a9000000, 0x00000000a9000000, 0x00000000a9100000|  0%| F|  |TAMS 0x00000000a9000000, 0x00000000a9000000| Untracked 
| 657|0x00000000a9100000, 0x00000000a9100000, 0x00000000a9200000|  0%| F|  |TAMS 0x00000000a9100000, 0x00000000a9100000| Untracked 
| 658|0x00000000a9200000, 0x00000000a9200000, 0x00000000a9300000|  0%| F|  |TAMS 0x00000000a9200000, 0x00000000a9200000| Untracked 
| 659|0x00000000a9300000, 0x00000000a9300000, 0x00000000a9400000|  0%| F|  |TAMS 0x00000000a9300000, 0x00000000a9300000| Untracked 
| 660|0x00000000a9400000, 0x00000000a9400000, 0x00000000a9500000|  0%| F|  |TAMS 0x00000000a9400000, 0x00000000a9400000| Untracked 
| 661|0x00000000a9500000, 0x00000000a9500000, 0x00000000a9600000|  0%| F|  |TAMS 0x00000000a9500000, 0x00000000a9500000| Untracked 
| 662|0x00000000a9600000, 0x00000000a9600000, 0x00000000a9700000|  0%| F|  |TAMS 0x00000000a9600000, 0x00000000a9600000| Untracked 
| 663|0x00000000a9700000, 0x00000000a9700000, 0x00000000a9800000|  0%| F|  |TAMS 0x00000000a9700000, 0x00000000a9700000| Untracked 
| 664|0x00000000a9800000, 0x00000000a9800000, 0x00000000a9900000|  0%| F|  |TAMS 0x00000000a9800000, 0x00000000a9800000| Untracked 
| 665|0x00000000a9900000, 0x00000000a9900000, 0x00000000a9a00000|  0%| F|  |TAMS 0x00000000a9900000, 0x00000000a9900000| Untracked 
| 666|0x00000000a9a00000, 0x00000000a9a00000, 0x00000000a9b00000|  0%| F|  |TAMS 0x00000000a9a00000, 0x00000000a9a00000| Untracked 
| 667|0x00000000a9b00000, 0x00000000a9b00000, 0x00000000a9c00000|  0%| F|  |TAMS 0x00000000a9b00000, 0x00000000a9b00000| Untracked 
| 668|0x00000000a9c00000, 0x00000000a9c00000, 0x00000000a9d00000|  0%| F|  |TAMS 0x00000000a9c00000, 0x00000000a9c00000| Untracked 
| 669|0x00000000a9d00000, 0x00000000a9d00000, 0x00000000a9e00000|  0%| F|  |TAMS 0x00000000a9d00000, 0x00000000a9d00000| Untracked 
| 670|0x00000000a9e00000, 0x00000000a9e00000, 0x00000000a9f00000|  0%| F|  |TAMS 0x00000000a9e00000, 0x00000000a9e00000| Untracked 
| 671|0x00000000a9f00000, 0x00000000a9f00000, 0x00000000aa000000|  0%| F|  |TAMS 0x00000000a9f00000, 0x00000000a9f00000| Untracked 
| 672|0x00000000aa000000, 0x00000000aa000000, 0x00000000aa100000|  0%| F|  |TAMS 0x00000000aa000000, 0x00000000aa000000| Untracked 
| 673|0x00000000aa100000, 0x00000000aa100000, 0x00000000aa200000|  0%| F|  |TAMS 0x00000000aa100000, 0x00000000aa100000| Untracked 
| 674|0x00000000aa200000, 0x00000000aa200000, 0x00000000aa300000|  0%| F|  |TAMS 0x00000000aa200000, 0x00000000aa200000| Untracked 
| 675|0x00000000aa300000, 0x00000000aa300000, 0x00000000aa400000|  0%| F|  |TAMS 0x00000000aa300000, 0x00000000aa300000| Untracked 
| 676|0x00000000aa400000, 0x00000000aa400000, 0x00000000aa500000|  0%| F|  |TAMS 0x00000000aa400000, 0x00000000aa400000| Untracked 
| 677|0x00000000aa500000, 0x00000000aa500000, 0x00000000aa600000|  0%| F|  |TAMS 0x00000000aa500000, 0x00000000aa500000| Untracked 
| 678|0x00000000aa600000, 0x00000000aa600000, 0x00000000aa700000|  0%| F|  |TAMS 0x00000000aa600000, 0x00000000aa600000| Untracked 
| 679|0x00000000aa700000, 0x00000000aa700000, 0x00000000aa800000|  0%| F|  |TAMS 0x00000000aa700000, 0x00000000aa700000| Untracked 
| 680|0x00000000aa800000, 0x00000000aa800000, 0x00000000aa900000|  0%| F|  |TAMS 0x00000000aa800000, 0x00000000aa800000| Untracked 
| 681|0x00000000aa900000, 0x00000000aa900000, 0x00000000aaa00000|  0%| F|  |TAMS 0x00000000aa900000, 0x00000000aa900000| Untracked 
| 682|0x00000000aaa00000, 0x00000000aaa00000, 0x00000000aab00000|  0%| F|  |TAMS 0x00000000aaa00000, 0x00000000aaa00000| Untracked 
| 683|0x00000000aab00000, 0x00000000aab00000, 0x00000000aac00000|  0%| F|  |TAMS 0x00000000aab00000, 0x00000000aab00000| Untracked 
| 684|0x00000000aac00000, 0x00000000aac00000, 0x00000000aad00000|  0%| F|  |TAMS 0x00000000aac00000, 0x00000000aac00000| Untracked 
| 685|0x00000000aad00000, 0x00000000aad00000, 0x00000000aae00000|  0%| F|  |TAMS 0x00000000aad00000, 0x00000000aad00000| Untracked 
| 686|0x00000000aae00000, 0x00000000aae00000, 0x00000000aaf00000|  0%| F|  |TAMS 0x00000000aae00000, 0x00000000aae00000| Untracked 
| 687|0x00000000aaf00000, 0x00000000aaf00000, 0x00000000ab000000|  0%| F|  |TAMS 0x00000000aaf00000, 0x00000000aaf00000| Untracked 
| 688|0x00000000ab000000, 0x00000000ab000000, 0x00000000ab100000|  0%| F|  |TAMS 0x00000000ab000000, 0x00000000ab000000| Untracked 
| 689|0x00000000ab100000, 0x00000000ab100000, 0x00000000ab200000|  0%| F|  |TAMS 0x00000000ab100000, 0x00000000ab100000| Untracked 
| 690|0x00000000ab200000, 0x00000000ab200000, 0x00000000ab300000|  0%| F|  |TAMS 0x00000000ab200000, 0x00000000ab200000| Untracked 
| 691|0x00000000ab300000, 0x00000000ab300000, 0x00000000ab400000|  0%| F|  |TAMS 0x00000000ab300000, 0x00000000ab300000| Untracked 
| 692|0x00000000ab400000, 0x00000000ab400000, 0x00000000ab500000|  0%| F|  |TAMS 0x00000000ab400000, 0x00000000ab400000| Untracked 
| 693|0x00000000ab500000, 0x00000000ab500000, 0x00000000ab600000|  0%| F|  |TAMS 0x00000000ab500000, 0x00000000ab500000| Untracked 
| 694|0x00000000ab600000, 0x00000000ab600000, 0x00000000ab700000|  0%| F|  |TAMS 0x00000000ab600000, 0x00000000ab600000| Untracked 
| 695|0x00000000ab700000, 0x00000000ab700000, 0x00000000ab800000|  0%| F|  |TAMS 0x00000000ab700000, 0x00000000ab700000| Untracked 
| 696|0x00000000ab800000, 0x00000000ab800000, 0x00000000ab900000|  0%| F|  |TAMS 0x00000000ab800000, 0x00000000ab800000| Untracked 
| 697|0x00000000ab900000, 0x00000000ab900000, 0x00000000aba00000|  0%| F|  |TAMS 0x00000000ab900000, 0x00000000ab900000| Untracked 
| 698|0x00000000aba00000, 0x00000000aba00000, 0x00000000abb00000|  0%| F|  |TAMS 0x00000000aba00000, 0x00000000aba00000| Untracked 
| 699|0x00000000abb00000, 0x00000000abb00000, 0x00000000abc00000|  0%| F|  |TAMS 0x00000000abb00000, 0x00000000abb00000| Untracked 
| 700|0x00000000abc00000, 0x00000000abc00000, 0x00000000abd00000|  0%| F|  |TAMS 0x00000000abc00000, 0x00000000abc00000| Untracked 
| 701|0x00000000abd00000, 0x00000000abd00000, 0x00000000abe00000|  0%| F|  |TAMS 0x00000000abd00000, 0x00000000abd00000| Untracked 
| 702|0x00000000abe00000, 0x00000000abe00000, 0x00000000abf00000|  0%| F|  |TAMS 0x00000000abe00000, 0x00000000abe00000| Untracked 
| 703|0x00000000abf00000, 0x00000000abf00000, 0x00000000ac000000|  0%| F|  |TAMS 0x00000000abf00000, 0x00000000abf00000| Untracked 
| 704|0x00000000ac000000, 0x00000000ac000000, 0x00000000ac100000|  0%| F|  |TAMS 0x00000000ac000000, 0x00000000ac000000| Untracked 
| 705|0x00000000ac100000, 0x00000000ac100000, 0x00000000ac200000|  0%| F|  |TAMS 0x00000000ac100000, 0x00000000ac100000| Untracked 
| 706|0x00000000ac200000, 0x00000000ac200000, 0x00000000ac300000|  0%| F|  |TAMS 0x00000000ac200000, 0x00000000ac200000| Untracked 
| 707|0x00000000ac300000, 0x00000000ac300000, 0x00000000ac400000|  0%| F|  |TAMS 0x00000000ac300000, 0x00000000ac300000| Untracked 
| 708|0x00000000ac400000, 0x00000000ac400000, 0x00000000ac500000|  0%| F|  |TAMS 0x00000000ac400000, 0x00000000ac400000| Untracked 
| 709|0x00000000ac500000, 0x00000000ac5dbe58, 0x00000000ac600000| 85%| S|CS|TAMS 0x00000000ac500000, 0x00000000ac500000| Complete 
| 710|0x00000000ac600000, 0x00000000ac700000, 0x00000000ac700000|100%| S|CS|TAMS 0x00000000ac600000, 0x00000000ac600000| Complete 
| 711|0x00000000ac700000, 0x00000000ac800000, 0x00000000ac800000|100%| S|CS|TAMS 0x00000000ac700000, 0x00000000ac700000| Complete 
| 712|0x00000000ac800000, 0x00000000ac900000, 0x00000000ac900000|100%| S|CS|TAMS 0x00000000ac800000, 0x00000000ac800000| Complete 
| 713|0x00000000ac900000, 0x00000000aca00000, 0x00000000aca00000|100%| S|CS|TAMS 0x00000000ac900000, 0x00000000ac900000| Complete 
| 714|0x00000000aca00000, 0x00000000acb00000, 0x00000000acb00000|100%| S|CS|TAMS 0x00000000aca00000, 0x00000000aca00000| Complete 
| 715|0x00000000acb00000, 0x00000000acc00000, 0x00000000acc00000|100%| S|CS|TAMS 0x00000000acb00000, 0x00000000acb00000| Complete 
| 716|0x00000000acc00000, 0x00000000acc00000, 0x00000000acd00000|  0%| F|  |TAMS 0x00000000acc00000, 0x00000000acc00000| Untracked 
| 717|0x00000000acd00000, 0x00000000acd00000, 0x00000000ace00000|  0%| F|  |TAMS 0x00000000acd00000, 0x00000000acd00000| Untracked 
| 718|0x00000000ace00000, 0x00000000ace00000, 0x00000000acf00000|  0%| F|  |TAMS 0x00000000ace00000, 0x00000000ace00000| Untracked 
| 719|0x00000000acf00000, 0x00000000acf00000, 0x00000000ad000000|  0%| F|  |TAMS 0x00000000acf00000, 0x00000000acf00000| Untracked 
| 720|0x00000000ad000000, 0x00000000ad000000, 0x00000000ad100000|  0%| F|  |TAMS 0x00000000ad000000, 0x00000000ad000000| Untracked 
| 721|0x00000000ad100000, 0x00000000ad100000, 0x00000000ad200000|  0%| F|  |TAMS 0x00000000ad100000, 0x00000000ad100000| Untracked 
| 722|0x00000000ad200000, 0x00000000ad200000, 0x00000000ad300000|  0%| F|  |TAMS 0x00000000ad200000, 0x00000000ad200000| Untracked 
| 723|0x00000000ad300000, 0x00000000ad300000, 0x00000000ad400000|  0%| F|  |TAMS 0x00000000ad300000, 0x00000000ad300000| Untracked 
| 724|0x00000000ad400000, 0x00000000ad400000, 0x00000000ad500000|  0%| F|  |TAMS 0x00000000ad400000, 0x00000000ad400000| Untracked 
| 725|0x00000000ad500000, 0x00000000ad500000, 0x00000000ad600000|  0%| F|  |TAMS 0x00000000ad500000, 0x00000000ad500000| Untracked 
| 726|0x00000000ad600000, 0x00000000ad600000, 0x00000000ad700000|  0%| F|  |TAMS 0x00000000ad600000, 0x00000000ad600000| Untracked 
| 727|0x00000000ad700000, 0x00000000ad700000, 0x00000000ad800000|  0%| F|  |TAMS 0x00000000ad700000, 0x00000000ad700000| Untracked 
| 728|0x00000000ad800000, 0x00000000ad800000, 0x00000000ad900000|  0%| F|  |TAMS 0x00000000ad800000, 0x00000000ad800000| Untracked 
| 729|0x00000000ad900000, 0x00000000ad900000, 0x00000000ada00000|  0%| F|  |TAMS 0x00000000ad900000, 0x00000000ad900000| Untracked 
| 730|0x00000000ada00000, 0x00000000ada00000, 0x00000000adb00000|  0%| F|  |TAMS 0x00000000ada00000, 0x00000000ada00000| Untracked 
| 731|0x00000000adb00000, 0x00000000adb00000, 0x00000000adc00000|  0%| F|  |TAMS 0x00000000adb00000, 0x00000000adb00000| Untracked 
| 732|0x00000000adc00000, 0x00000000adc00000, 0x00000000add00000|  0%| F|  |TAMS 0x00000000adc00000, 0x00000000adc00000| Untracked 
| 733|0x00000000add00000, 0x00000000add00000, 0x00000000ade00000|  0%| F|  |TAMS 0x00000000add00000, 0x00000000add00000| Untracked 
| 734|0x00000000ade00000, 0x00000000ade00000, 0x00000000adf00000|  0%| F|  |TAMS 0x00000000ade00000, 0x00000000ade00000| Untracked 
| 735|0x00000000adf00000, 0x00000000adf00000, 0x00000000ae000000|  0%| F|  |TAMS 0x00000000adf00000, 0x00000000adf00000| Untracked 
| 736|0x00000000ae000000, 0x00000000ae000000, 0x00000000ae100000|  0%| F|  |TAMS 0x00000000ae000000, 0x00000000ae000000| Untracked 
| 737|0x00000000ae100000, 0x00000000ae100000, 0x00000000ae200000|  0%| F|  |TAMS 0x00000000ae100000, 0x00000000ae100000| Untracked 
| 738|0x00000000ae200000, 0x00000000ae200000, 0x00000000ae300000|  0%| F|  |TAMS 0x00000000ae200000, 0x00000000ae200000| Untracked 
| 739|0x00000000ae300000, 0x00000000ae300000, 0x00000000ae400000|  0%| F|  |TAMS 0x00000000ae300000, 0x00000000ae300000| Untracked 
| 740|0x00000000ae400000, 0x00000000ae400000, 0x00000000ae500000|  0%| F|  |TAMS 0x00000000ae400000, 0x00000000ae400000| Untracked 
| 741|0x00000000ae500000, 0x00000000ae500000, 0x00000000ae600000|  0%| F|  |TAMS 0x00000000ae500000, 0x00000000ae500000| Untracked 
| 742|0x00000000ae600000, 0x00000000ae600000, 0x00000000ae700000|  0%| F|  |TAMS 0x00000000ae600000, 0x00000000ae600000| Untracked 
| 743|0x00000000ae700000, 0x00000000ae700000, 0x00000000ae800000|  0%| F|  |TAMS 0x00000000ae700000, 0x00000000ae700000| Untracked 
| 744|0x00000000ae800000, 0x00000000ae800000, 0x00000000ae900000|  0%| F|  |TAMS 0x00000000ae800000, 0x00000000ae800000| Untracked 
| 745|0x00000000ae900000, 0x00000000ae900000, 0x00000000aea00000|  0%| F|  |TAMS 0x00000000ae900000, 0x00000000ae900000| Untracked 
| 746|0x00000000aea00000, 0x00000000aea00000, 0x00000000aeb00000|  0%| F|  |TAMS 0x00000000aea00000, 0x00000000aea00000| Untracked 
| 747|0x00000000aeb00000, 0x00000000aeb00000, 0x00000000aec00000|  0%| F|  |TAMS 0x00000000aeb00000, 0x00000000aeb00000| Untracked 
| 748|0x00000000aec00000, 0x00000000aec00000, 0x00000000aed00000|  0%| F|  |TAMS 0x00000000aec00000, 0x00000000aec00000| Untracked 
| 749|0x00000000aed00000, 0x00000000aed00000, 0x00000000aee00000|  0%| F|  |TAMS 0x00000000aed00000, 0x00000000aed00000| Untracked 
| 750|0x00000000aee00000, 0x00000000aee00000, 0x00000000aef00000|  0%| F|  |TAMS 0x00000000aee00000, 0x00000000aee00000| Untracked 
| 751|0x00000000aef00000, 0x00000000aef00000, 0x00000000af000000|  0%| F|  |TAMS 0x00000000aef00000, 0x00000000aef00000| Untracked 
| 752|0x00000000af000000, 0x00000000af000000, 0x00000000af100000|  0%| F|  |TAMS 0x00000000af000000, 0x00000000af000000| Untracked 
| 753|0x00000000af100000, 0x00000000af100000, 0x00000000af200000|  0%| F|  |TAMS 0x00000000af100000, 0x00000000af100000| Untracked 
| 754|0x00000000af200000, 0x00000000af200000, 0x00000000af300000|  0%| F|  |TAMS 0x00000000af200000, 0x00000000af200000| Untracked 
| 755|0x00000000af300000, 0x00000000af300000, 0x00000000af400000|  0%| F|  |TAMS 0x00000000af300000, 0x00000000af300000| Untracked 
| 756|0x00000000af400000, 0x00000000af400000, 0x00000000af500000|  0%| F|  |TAMS 0x00000000af400000, 0x00000000af400000| Untracked 
| 757|0x00000000af500000, 0x00000000af500000, 0x00000000af600000|  0%| F|  |TAMS 0x00000000af500000, 0x00000000af500000| Untracked 
| 758|0x00000000af600000, 0x00000000af600000, 0x00000000af700000|  0%| F|  |TAMS 0x00000000af600000, 0x00000000af600000| Untracked 
| 759|0x00000000af700000, 0x00000000af700000, 0x00000000af800000|  0%| F|  |TAMS 0x00000000af700000, 0x00000000af700000| Untracked 
| 760|0x00000000af800000, 0x00000000af800000, 0x00000000af900000|  0%| F|  |TAMS 0x00000000af800000, 0x00000000af800000| Untracked 
| 761|0x00000000af900000, 0x00000000af900000, 0x00000000afa00000|  0%| F|  |TAMS 0x00000000af900000, 0x00000000af900000| Untracked 
| 762|0x00000000afa00000, 0x00000000afa00000, 0x00000000afb00000|  0%| F|  |TAMS 0x00000000afa00000, 0x00000000afa00000| Untracked 
| 763|0x00000000afb00000, 0x00000000afb00000, 0x00000000afc00000|  0%| F|  |TAMS 0x00000000afb00000, 0x00000000afb00000| Untracked 
| 764|0x00000000afc00000, 0x00000000afc00000, 0x00000000afd00000|  0%| F|  |TAMS 0x00000000afc00000, 0x00000000afc00000| Untracked 
| 765|0x00000000afd00000, 0x00000000afd00000, 0x00000000afe00000|  0%| F|  |TAMS 0x00000000afd00000, 0x00000000afd00000| Untracked 
| 766|0x00000000afe00000, 0x00000000afe00000, 0x00000000aff00000|  0%| F|  |TAMS 0x00000000afe00000, 0x00000000afe00000| Untracked 
| 767|0x00000000aff00000, 0x00000000aff00000, 0x00000000b0000000|  0%| F|  |TAMS 0x00000000aff00000, 0x00000000aff00000| Untracked 
| 768|0x00000000b0000000, 0x00000000b0000000, 0x00000000b0100000|  0%| F|  |TAMS 0x00000000b0000000, 0x00000000b0000000| Untracked 
| 769|0x00000000b0100000, 0x00000000b0100000, 0x00000000b0200000|  0%| F|  |TAMS 0x00000000b0100000, 0x00000000b0100000| Untracked 
| 770|0x00000000b0200000, 0x00000000b0200000, 0x00000000b0300000|  0%| F|  |TAMS 0x00000000b0200000, 0x00000000b0200000| Untracked 
| 771|0x00000000b0300000, 0x00000000b0300000, 0x00000000b0400000|  0%| F|  |TAMS 0x00000000b0300000, 0x00000000b0300000| Untracked 
| 772|0x00000000b0400000, 0x00000000b0400000, 0x00000000b0500000|  0%| F|  |TAMS 0x00000000b0400000, 0x00000000b0400000| Untracked 
| 773|0x00000000b0500000, 0x00000000b0500000, 0x00000000b0600000|  0%| F|  |TAMS 0x00000000b0500000, 0x00000000b0500000| Untracked 
| 774|0x00000000b0600000, 0x00000000b0600000, 0x00000000b0700000|  0%| F|  |TAMS 0x00000000b0600000, 0x00000000b0600000| Untracked 
| 775|0x00000000b0700000, 0x00000000b0700000, 0x00000000b0800000|  0%| F|  |TAMS 0x00000000b0700000, 0x00000000b0700000| Untracked 
| 776|0x00000000b0800000, 0x00000000b0800000, 0x00000000b0900000|  0%| F|  |TAMS 0x00000000b0800000, 0x00000000b0800000| Untracked 
| 777|0x00000000b0900000, 0x00000000b0900000, 0x00000000b0a00000|  0%| F|  |TAMS 0x00000000b0900000, 0x00000000b0900000| Untracked 
| 778|0x00000000b0a00000, 0x00000000b0a00000, 0x00000000b0b00000|  0%| F|  |TAMS 0x00000000b0a00000, 0x00000000b0a00000| Untracked 
| 779|0x00000000b0b00000, 0x00000000b0b00000, 0x00000000b0c00000|  0%| F|  |TAMS 0x00000000b0b00000, 0x00000000b0b00000| Untracked 
| 780|0x00000000b0c00000, 0x00000000b0c00000, 0x00000000b0d00000|  0%| F|  |TAMS 0x00000000b0c00000, 0x00000000b0c00000| Untracked 
| 781|0x00000000b0d00000, 0x00000000b0d00000, 0x00000000b0e00000|  0%| F|  |TAMS 0x00000000b0d00000, 0x00000000b0d00000| Untracked 
| 782|0x00000000b0e00000, 0x00000000b0e00000, 0x00000000b0f00000|  0%| F|  |TAMS 0x00000000b0e00000, 0x00000000b0e00000| Untracked 
| 783|0x00000000b0f00000, 0x00000000b0f00000, 0x00000000b1000000|  0%| F|  |TAMS 0x00000000b0f00000, 0x00000000b0f00000| Untracked 
| 784|0x00000000b1000000, 0x00000000b1000000, 0x00000000b1100000|  0%| F|  |TAMS 0x00000000b1000000, 0x00000000b1000000| Untracked 
| 785|0x00000000b1100000, 0x00000000b1100000, 0x00000000b1200000|  0%| F|  |TAMS 0x00000000b1100000, 0x00000000b1100000| Untracked 
| 786|0x00000000b1200000, 0x00000000b1200000, 0x00000000b1300000|  0%| F|  |TAMS 0x00000000b1200000, 0x00000000b1200000| Untracked 
| 787|0x00000000b1300000, 0x00000000b1300000, 0x00000000b1400000|  0%| F|  |TAMS 0x00000000b1300000, 0x00000000b1300000| Untracked 
| 788|0x00000000b1400000, 0x00000000b1400000, 0x00000000b1500000|  0%| F|  |TAMS 0x00000000b1400000, 0x00000000b1400000| Untracked 
| 789|0x00000000b1500000, 0x00000000b1500000, 0x00000000b1600000|  0%| F|  |TAMS 0x00000000b1500000, 0x00000000b1500000| Untracked 
| 790|0x00000000b1600000, 0x00000000b1600000, 0x00000000b1700000|  0%| F|  |TAMS 0x00000000b1600000, 0x00000000b1600000| Untracked 
| 791|0x00000000b1700000, 0x00000000b1700000, 0x00000000b1800000|  0%| F|  |TAMS 0x00000000b1700000, 0x00000000b1700000| Untracked 
| 792|0x00000000b1800000, 0x00000000b1800000, 0x00000000b1900000|  0%| F|  |TAMS 0x00000000b1800000, 0x00000000b1800000| Untracked 
| 793|0x00000000b1900000, 0x00000000b1900000, 0x00000000b1a00000|  0%| F|  |TAMS 0x00000000b1900000, 0x00000000b1900000| Untracked 
| 794|0x00000000b1a00000, 0x00000000b1a00000, 0x00000000b1b00000|  0%| F|  |TAMS 0x00000000b1a00000, 0x00000000b1a00000| Untracked 
| 795|0x00000000b1b00000, 0x00000000b1b00000, 0x00000000b1c00000|  0%| F|  |TAMS 0x00000000b1b00000, 0x00000000b1b00000| Untracked 
| 796|0x00000000b1c00000, 0x00000000b1c00000, 0x00000000b1d00000|  0%| F|  |TAMS 0x00000000b1c00000, 0x00000000b1c00000| Untracked 
| 797|0x00000000b1d00000, 0x00000000b1d00000, 0x00000000b1e00000|  0%| F|  |TAMS 0x00000000b1d00000, 0x00000000b1d00000| Untracked 
| 798|0x00000000b1e00000, 0x00000000b1e00000, 0x00000000b1f00000|  0%| F|  |TAMS 0x00000000b1e00000, 0x00000000b1e00000| Untracked 
| 799|0x00000000b1f00000, 0x00000000b1f00000, 0x00000000b2000000|  0%| F|  |TAMS 0x00000000b1f00000, 0x00000000b1f00000| Untracked 
| 800|0x00000000b2000000, 0x00000000b2000000, 0x00000000b2100000|  0%| F|  |TAMS 0x00000000b2000000, 0x00000000b2000000| Untracked 
| 801|0x00000000b2100000, 0x00000000b2100000, 0x00000000b2200000|  0%| F|  |TAMS 0x00000000b2100000, 0x00000000b2100000| Untracked 
| 802|0x00000000b2200000, 0x00000000b2200000, 0x00000000b2300000|  0%| F|  |TAMS 0x00000000b2200000, 0x00000000b2200000| Untracked 
| 803|0x00000000b2300000, 0x00000000b2300000, 0x00000000b2400000|  0%| F|  |TAMS 0x00000000b2300000, 0x00000000b2300000| Untracked 
| 804|0x00000000b2400000, 0x00000000b2400000, 0x00000000b2500000|  0%| F|  |TAMS 0x00000000b2400000, 0x00000000b2400000| Untracked 
| 805|0x00000000b2500000, 0x00000000b2500000, 0x00000000b2600000|  0%| F|  |TAMS 0x00000000b2500000, 0x00000000b2500000| Untracked 
| 806|0x00000000b2600000, 0x00000000b2600000, 0x00000000b2700000|  0%| F|  |TAMS 0x00000000b2600000, 0x00000000b2600000| Untracked 
| 807|0x00000000b2700000, 0x00000000b2700000, 0x00000000b2800000|  0%| F|  |TAMS 0x00000000b2700000, 0x00000000b2700000| Untracked 
| 808|0x00000000b2800000, 0x00000000b2800000, 0x00000000b2900000|  0%| F|  |TAMS 0x00000000b2800000, 0x00000000b2800000| Untracked 
| 809|0x00000000b2900000, 0x00000000b2900000, 0x00000000b2a00000|  0%| F|  |TAMS 0x00000000b2900000, 0x00000000b2900000| Untracked 
| 810|0x00000000b2a00000, 0x00000000b2a00000, 0x00000000b2b00000|  0%| F|  |TAMS 0x00000000b2a00000, 0x00000000b2a00000| Untracked 
| 811|0x00000000b2b00000, 0x00000000b2b00000, 0x00000000b2c00000|  0%| F|  |TAMS 0x00000000b2b00000, 0x00000000b2b00000| Untracked 
| 812|0x00000000b2c00000, 0x00000000b2c00000, 0x00000000b2d00000|  0%| F|  |TAMS 0x00000000b2c00000, 0x00000000b2c00000| Untracked 
| 813|0x00000000b2d00000, 0x00000000b2d00000, 0x00000000b2e00000|  0%| F|  |TAMS 0x00000000b2d00000, 0x00000000b2d00000| Untracked 
| 814|0x00000000b2e00000, 0x00000000b2e00000, 0x00000000b2f00000|  0%| F|  |TAMS 0x00000000b2e00000, 0x00000000b2e00000| Untracked 
| 815|0x00000000b2f00000, 0x00000000b2f00000, 0x00000000b3000000|  0%| F|  |TAMS 0x00000000b2f00000, 0x00000000b2f00000| Untracked 
| 816|0x00000000b3000000, 0x00000000b3000000, 0x00000000b3100000|  0%| F|  |TAMS 0x00000000b3000000, 0x00000000b3000000| Untracked 
| 817|0x00000000b3100000, 0x00000000b3100000, 0x00000000b3200000|  0%| F|  |TAMS 0x00000000b3100000, 0x00000000b3100000| Untracked 
| 818|0x00000000b3200000, 0x00000000b3200000, 0x00000000b3300000|  0%| F|  |TAMS 0x00000000b3200000, 0x00000000b3200000| Untracked 
| 819|0x00000000b3300000, 0x00000000b3300000, 0x00000000b3400000|  0%| F|  |TAMS 0x00000000b3300000, 0x00000000b3300000| Untracked 
| 820|0x00000000b3400000, 0x00000000b3400000, 0x00000000b3500000|  0%| F|  |TAMS 0x00000000b3400000, 0x00000000b3400000| Untracked 
| 821|0x00000000b3500000, 0x00000000b3500000, 0x00000000b3600000|  0%| F|  |TAMS 0x00000000b3500000, 0x00000000b3500000| Untracked 
| 822|0x00000000b3600000, 0x00000000b3600000, 0x00000000b3700000|  0%| F|  |TAMS 0x00000000b3600000, 0x00000000b3600000| Untracked 
| 823|0x00000000b3700000, 0x00000000b3700000, 0x00000000b3800000|  0%| F|  |TAMS 0x00000000b3700000, 0x00000000b3700000| Untracked 
| 824|0x00000000b3800000, 0x00000000b3800000, 0x00000000b3900000|  0%| F|  |TAMS 0x00000000b3800000, 0x00000000b3800000| Untracked 
| 825|0x00000000b3900000, 0x00000000b3900000, 0x00000000b3a00000|  0%| F|  |TAMS 0x00000000b3900000, 0x00000000b3900000| Untracked 
| 826|0x00000000b3a00000, 0x00000000b3a00000, 0x00000000b3b00000|  0%| F|  |TAMS 0x00000000b3a00000, 0x00000000b3a00000| Untracked 
| 827|0x00000000b3b00000, 0x00000000b3b00000, 0x00000000b3c00000|  0%| F|  |TAMS 0x00000000b3b00000, 0x00000000b3b00000| Untracked 
| 828|0x00000000b3c00000, 0x00000000b3c00000, 0x00000000b3d00000|  0%| F|  |TAMS 0x00000000b3c00000, 0x00000000b3c00000| Untracked 
| 829|0x00000000b3d00000, 0x00000000b3d00000, 0x00000000b3e00000|  0%| F|  |TAMS 0x00000000b3d00000, 0x00000000b3d00000| Untracked 

Card table byte_map: [0x0000024123ff0000,0x00000241243f0000] _byte_map_base: 0x0000024123bf0000

Marking Bits (Prev, Next): (CMBitMap*) 0x000002410cbae8f0, (CMBitMap*) 0x000002410cbae8b0
 Prev Bits: [0x00000241267f0000, 0x00000241287f0000)
 Next Bits: [0x00000241247f0000, 0x00000241267f0000)

Polling page: 0x000002410aa70000

Metaspace:

Usage:
  Non-class:    244.15 MB used.
      Class:     35.24 MB used.
       Both:    279.40 MB used.

Virtual space:
  Non-class space:      256.00 MB reserved,     247.81 MB ( 97%) committed,  4 nodes.
      Class space:      416.00 MB reserved,      37.56 MB (  9%) committed,  1 nodes.
             Both:      672.00 MB reserved,     285.38 MB ( 42%) committed. 

Chunk freelists:
   Non-Class:  10.40 MB
       Class:  11.35 MB
        Both:  21.74 MB

MaxMetaspaceSize: 512.00 MB
CompressedClassSpaceSize: 416.00 MB
Initial GC threshold: 21.00 MB
Current GC threshold: 475.56 MB
CDS: on
MetaspaceReclaimPolicy: balanced
 - commit_granule_bytes: 65536.
 - commit_granule_words: 8192.
 - virtual_space_node_default_size: 8388608.
 - enlarge_chunks_in_place: 1.
 - new_chunks_are_fully_committed: 0.
 - uncommit_free_chunks: 1.
 - use_allocation_guard: 0.
 - handle_deallocations: 1.


Internal statistics:

num_allocs_failed_limit: 9.
num_arena_births: 7956.
num_arena_deaths: 3278.
num_vsnodes_births: 5.
num_vsnodes_deaths: 0.
num_space_committed: 4602.
num_space_uncommitted: 42.
num_chunks_returned_to_freelist: 4649.
num_chunks_taken_from_freelist: 22950.
num_chunk_merges: 1473.
num_chunk_splits: 13244.
num_chunks_enlarged: 7481.
num_inconsistent_stats: 0.

CodeHeap 'non-profiled nmethods': size=120000Kb used=72588Kb max_used=72588Kb free=47412Kb
 bounds [0x000002411c170000, 0x0000024120860000, 0x00000241236a0000]
CodeHeap 'profiled nmethods': size=120000Kb used=103002Kb max_used=109455Kb free=16997Kb
 bounds [0x00000241146a0000, 0x000002411b300000, 0x000002411bbd0000]
CodeHeap 'non-nmethods': size=5760Kb used=2638Kb max_used=2753Kb free=3121Kb
 bounds [0x000002411bbd0000, 0x000002411be90000, 0x000002411c170000]
 total_blobs=55259 nmethods=54052 adapters=1114
 compilation: enabled
              stopped_count=0, restarted_count=0
 full_count=0

Compilation events (20 events):
Event: 11797.208 Thread 0x000002412abea880 nmethod 78557 0x000002412084e590 code [0x000002412084e720, 0x000002412084e818]
Event: 11797.208 Thread 0x000002412abea880 78555       4       org.apache.commons.compress.utils.BoundedArchiveInputStream::<init> (62 bytes)
Event: 11797.209 Thread 0x000002412abea880 nmethod 78555 0x000002412084e990 code [0x000002412084eb20, 0x000002412084ebd8]
Event: 11797.209 Thread 0x0000024159b61050 nmethod 78554 0x000002412084ec90 code [0x000002412084ee20, 0x000002412084f198]
Event: 11797.224 Thread 0x000002412abee740 78558       1       org.gradle.api.internal.tasks.compile.incremental.compilerapi.deps.DependentsSet$EmptyDependentsSet::isDependencyToAll (2 bytes)
Event: 11797.224 Thread 0x000002412abee740 nmethod 78558 0x000002412084f410 code [0x000002412084f5a0, 0x000002412084f678]
Event: 11797.225 Thread 0x000002412abee740 78559       3       org.gradle.api.internal.tasks.compile.incremental.deps.ClassSetAnalysisData::getDependents (94 bytes)
Event: 11797.226 Thread 0x000002412abee740 nmethod 78559 0x0000024118278210 code [0x0000024118278540, 0x0000024118279668]
Event: 11797.226 Thread 0x000002412abee740 78561       3       org.gradle.api.internal.tasks.compile.incremental.compilerapi.deps.DependentsSet$EmptyDependentsSet::access$200 (4 bytes)
Event: 11797.227 Thread 0x000002412abee740 nmethod 78561 0x0000024114ad6210 code [0x0000024114ad63a0, 0x0000024114ad6498]
Event: 11797.227 Thread 0x000002412abee740 78560       3       org.gradle.api.internal.tasks.compile.incremental.compilerapi.deps.DependentsSet::empty (4 bytes)
Event: 11797.227 Thread 0x000002412abee740 nmethod 78560 0x000002411509de10 code [0x000002411509dfc0, 0x000002411509e118]
Event: 11797.228 Thread 0x000002412abea880 78562       4       com.google.common.collect.Sets$3$1::computeNext (48 bytes)
Event: 11797.229 Thread 0x0000024159b61050 78563       4       org.gradle.api.internal.tasks.compile.incremental.deps.ClassSetAnalysisData::getDependents (94 bytes)
Event: 11797.256 Thread 0x0000024159b61050 nmethod 78563 0x000002412084f710 code [0x000002412084f8c0, 0x0000024120850238]
Event: 11797.264 Thread 0x000002412abea880 nmethod 78562 0x0000024120850610 code [0x0000024120850840, 0x0000024120851728]
Event: 11797.307 Thread 0x000002412abea880 78564       4       org.gradle.api.internal.file.pattern.FixedStepPathMatcher::matches (54 bytes)
Event: 11797.308 Thread 0x000002412abea880 nmethod 78564 0x0000024120852210 code [0x00000241208523a0, 0x00000241208524d8]
Event: 11797.314 Thread 0x000002412abea880 78565       4       org.gradle.api.internal.file.pattern.PatternMatcherFactory$DefaultPatternMatcher::test (35 bytes)
Event: 11797.321 Thread 0x000002412abea880 nmethod 78565 0x0000024120852610 code [0x00000241208527e0, 0x0000024120852c08]

GC Heap History (20 events):
Event: 11764.376 GC heap after
{Heap after GC invocations=365 (full 7):
 garbage-first heap   total 849920K, used 294211K [0x0000000080000000, 0x0000000100000000)
  region size 1024K, 5 young (5120K), 5 survivors (5120K)
 Metaspace       used 284686K, committed 292224K, reserved 688128K
  class space    used 35888K, committed 38464K, reserved 425984K
}
Event: 11764.601 GC heap before
{Heap before GC invocations=365 (full 7):
 garbage-first heap   total 849920K, used 330051K [0x0000000080000000, 0x0000000100000000)
  region size 1024K, 41 young (41984K), 5 survivors (5120K)
 Metaspace       used 284686K, committed 292224K, reserved 688128K
  class space    used 35888K, committed 38464K, reserved 425984K
}
Event: 11764.638 GC heap after
{Heap after GC invocations=366 (full 7):
 garbage-first heap   total 849920K, used 302334K [0x0000000080000000, 0x0000000100000000)
  region size 1024K, 6 young (6144K), 6 survivors (6144K)
 Metaspace       used 284686K, committed 292224K, reserved 688128K
  class space    used 35888K, committed 38464K, reserved 425984K
}
Event: 11770.432 GC heap before
{Heap before GC invocations=367 (full 7):
 garbage-first heap   total 849920K, used 610558K [0x0000000080000000, 0x0000000100000000)
  region size 1024K, 304 young (311296K), 6 survivors (6144K)
 Metaspace       used 284921K, committed 292224K, reserved 688128K
  class space    used 35942K, committed 38464K, reserved 425984K
}
Event: 11770.476 GC heap after
{Heap after GC invocations=368 (full 7):
 garbage-first heap   total 849920K, used 326364K [0x0000000080000000, 0x0000000100000000)
  region size 1024K, 28 young (28672K), 28 survivors (28672K)
 Metaspace       used 284921K, committed 292224K, reserved 688128K
  class space    used 35942K, committed 38464K, reserved 425984K
}
Event: 11770.667 GC heap before
{Heap before GC invocations=368 (full 7):
 garbage-first heap   total 849920K, used 339676K [0x0000000080000000, 0x0000000100000000)
  region size 1024K, 41 young (41984K), 28 survivors (28672K)
 Metaspace       used 284921K, committed 292224K, reserved 688128K
  class space    used 35942K, committed 38464K, reserved 425984K
}
Event: 11770.732 GC heap after
{Heap after GC invocations=369 (full 7):
 garbage-first heap   total 849920K, used 329586K [0x0000000080000000, 0x0000000100000000)
  region size 1024K, 4 young (4096K), 4 survivors (4096K)
 Metaspace       used 284921K, committed 292224K, reserved 688128K
  class space    used 35942K, committed 38464K, reserved 425984K
}
Event: 11771.281 GC heap before
{Heap before GC invocations=369 (full 7):
 garbage-first heap   total 849920K, used 385906K [0x0000000080000000, 0x0000000100000000)
  region size 1024K, 59 young (60416K), 4 survivors (4096K)
 Metaspace       used 284953K, committed 292224K, reserved 688128K
  class space    used 35953K, committed 38464K, reserved 425984K
}
Event: 11771.295 GC heap after
{Heap after GC invocations=370 (full 7):
 garbage-first heap   total 849920K, used 336555K [0x0000000080000000, 0x0000000100000000)
  region size 1024K, 8 young (8192K), 8 survivors (8192K)
 Metaspace       used 284953K, committed 292224K, reserved 688128K
  class space    used 35953K, committed 38464K, reserved 425984K
}
Event: 11773.302 GC heap before
{Heap before GC invocations=371 (full 7):
 garbage-first heap   total 849920K, used 639659K [0x0000000080000000, 0x0000000100000000)
  region size 1024K, 313 young (320512K), 8 survivors (8192K)
 Metaspace       used 284971K, committed 292224K, reserved 688128K
  class space    used 35952K, committed 38464K, reserved 425984K
}
Event: 11773.336 GC heap after
{Heap after GC invocations=372 (full 7):
 garbage-first heap   total 849920K, used 352939K [0x0000000080000000, 0x0000000100000000)
  region size 1024K, 32 young (32768K), 32 survivors (32768K)
 Metaspace       used 284971K, committed 292224K, reserved 688128K
  class space    used 35952K, committed 38464K, reserved 425984K
}
Event: 11773.574 GC heap before
{Heap before GC invocations=372 (full 7):
 garbage-first heap   total 849920K, used 362155K [0x0000000080000000, 0x0000000100000000)
  region size 1024K, 41 young (41984K), 32 survivors (32768K)
 Metaspace       used 284985K, committed 292224K, reserved 688128K
  class space    used 35954K, committed 38464K, reserved 425984K
}
Event: 11773.643 GC heap after
{Heap after GC invocations=373 (full 7):
 garbage-first heap   total 849920K, used 354682K [0x0000000080000000, 0x0000000100000000)
  region size 1024K, 5 young (5120K), 5 survivors (5120K)
 Metaspace       used 284985K, committed 292224K, reserved 688128K
  class space    used 35954K, committed 38464K, reserved 425984K
}
Event: 11778.629 GC heap before
{Heap before GC invocations=373 (full 7):
 garbage-first heap   total 849920K, used 529786K [0x0000000080000000, 0x0000000100000000)
  region size 1024K, 177 young (181248K), 5 survivors (5120K)
 Metaspace       used 285182K, committed 292224K, reserved 688128K
  class space    used 35979K, committed 38464K, reserved 425984K
}
Event: 11778.654 GC heap after
{Heap after GC invocations=374 (full 7):
 garbage-first heap   total 849920K, used 370521K [0x0000000080000000, 0x0000000100000000)
  region size 1024K, 21 young (21504K), 21 survivors (21504K)
 Metaspace       used 285182K, committed 292224K, reserved 688128K
  class space    used 35979K, committed 38464K, reserved 425984K
}
Event: 11786.528 GC heap before
{Heap before GC invocations=375 (full 7):
 garbage-first heap   total 849920K, used 665433K [0x0000000080000000, 0x0000000100000000)
  region size 1024K, 304 young (311296K), 21 survivors (21504K)
 Metaspace       used 285767K, committed 292224K, reserved 688128K
  class space    used 36044K, committed 38464K, reserved 425984K
}
Event: 11786.555 GC heap after
{Heap after GC invocations=376 (full 7):
 garbage-first heap   total 849920K, used 381076K [0x0000000080000000, 0x0000000100000000)
  region size 1024K, 27 young (27648K), 27 survivors (27648K)
 Metaspace       used 285767K, committed 292224K, reserved 688128K
  class space    used 36044K, committed 38464K, reserved 425984K
}
Event: 11786.572 GC heap before
{Heap before GC invocations=376 (full 7):
 garbage-first heap   total 849920K, used 394388K [0x0000000080000000, 0x0000000100000000)
  region size 1024K, 41 young (41984K), 27 survivors (27648K)
 Metaspace       used 285767K, committed 292224K, reserved 688128K
  class space    used 36044K, committed 38464K, reserved 425984K
}
Event: 11786.613 GC heap after
{Heap after GC invocations=377 (full 7):
 garbage-first heap   total 849920K, used 376986K [0x0000000080000000, 0x0000000100000000)
  region size 1024K, 4 young (4096K), 4 survivors (4096K)
 Metaspace       used 285767K, committed 292224K, reserved 688128K
  class space    used 36044K, committed 38464K, reserved 425984K
}
Event: 11797.325 GC heap before
{Heap before GC invocations=377 (full 7):
 garbage-first heap   total 849920K, used 487578K [0x0000000080000000, 0x0000000100000000)
  region size 1024K, 114 young (116736K), 4 survivors (4096K)
 Metaspace       used 286104K, committed 292224K, reserved 688128K
  class space    used 36090K, committed 38464K, reserved 425984K
}

Dll operation events (16 events):
Event: 0.013 Loaded shared library C:\Program Files\Eclipse Adoptium\jdk-17.0.16.8-hotspot\bin\java.dll
Event: 0.037 Loaded shared library C:\Program Files\Eclipse Adoptium\jdk-17.0.16.8-hotspot\bin\jsvml.dll
Event: 0.106 Loaded shared library C:\Program Files\Eclipse Adoptium\jdk-17.0.16.8-hotspot\bin\zip.dll
Event: 0.112 Loaded shared library C:\Program Files\Eclipse Adoptium\jdk-17.0.16.8-hotspot\bin\instrument.dll
Event: 0.118 Loaded shared library C:\Program Files\Eclipse Adoptium\jdk-17.0.16.8-hotspot\bin\net.dll
Event: 0.120 Loaded shared library C:\Program Files\Eclipse Adoptium\jdk-17.0.16.8-hotspot\bin\nio.dll
Event: 0.124 Loaded shared library C:\Program Files\Eclipse Adoptium\jdk-17.0.16.8-hotspot\bin\zip.dll
Event: 0.442 Loaded shared library C:\Program Files\Eclipse Adoptium\jdk-17.0.16.8-hotspot\bin\jimage.dll
Event: 0.707 Loaded shared library C:\Program Files\Eclipse Adoptium\jdk-17.0.16.8-hotspot\bin\verify.dll
Event: 0.803 Loaded shared library C:\Users\SANJU\.gradle\native\1def1411415f61bf3af743bc5b6707747c0891f09f0c88961ee8f79bc544acac\windows-amd64\native-platform.dll
Event: 0.826 Loaded shared library C:\Users\SANJU\.gradle\native\0.2.7\x86_64-windows-gnu\gradle-fileevents.dll
Event: 2.359 Loaded shared library C:\Program Files\Eclipse Adoptium\jdk-17.0.16.8-hotspot\bin\management.dll
Event: 2.363 Loaded shared library C:\Program Files\Eclipse Adoptium\jdk-17.0.16.8-hotspot\bin\management_ext.dll
Event: 2.657 Loaded shared library C:\Program Files\Eclipse Adoptium\jdk-17.0.16.8-hotspot\bin\extnet.dll
Event: 2.865 Loaded shared library C:\Program Files\Eclipse Adoptium\jdk-17.0.16.8-hotspot\bin\sunmscapi.dll
Event: 3797.022 Loaded shared library C:\Program Files\Eclipse Adoptium\jdk-17.0.16.8-hotspot\bin\rmi.dll

Deoptimization events (20 events):
Event: 11797.306 Thread 0x0000024162ce3c90 Uncommon trap: trap_request=0xffffffc6 fr.pc=0x000002411ce4b2d8 relative=0x00000000000008f8
Event: 11797.306 Thread 0x0000024162ce3c90 Uncommon trap: reason=bimorphic_or_optimized_type_check action=maybe_recompile pc=0x000002411ce4b2d8 method=org.gradle.api.internal.file.pattern.FixedStepPathMatcher.matches([Ljava/lang/String;I)Z @ 48 c2
Event: 11797.307 Thread 0x0000024162ce3c90 DEOPT PACKING pc=0x000002411ce4b2d8 sp=0x000000979d1f8a30
Event: 11797.307 Thread 0x0000024162ce3c90 DEOPT UNPACKING pc=0x000002411bc269a3 sp=0x000000979d1f8970 mode 2
Event: 11797.307 Thread 0x0000024162ce3c90 Uncommon trap: trap_request=0xffffffc6 fr.pc=0x000002411ce2472c relative=0x00000000000003cc
Event: 11797.307 Thread 0x0000024162ce3c90 Uncommon trap: reason=bimorphic_or_optimized_type_check action=maybe_recompile pc=0x000002411ce2472c method=org.gradle.api.internal.file.pattern.FixedStepPathMatcher.matches([Ljava/lang/String;I)Z @ 48 c2
Event: 11797.307 Thread 0x0000024162ce3c90 DEOPT PACKING pc=0x000002411ce2472c sp=0x000000979d1f8930
Event: 11797.307 Thread 0x0000024162ce3c90 DEOPT UNPACKING pc=0x000002411bc269a3 sp=0x000000979d1f88e8 mode 2
Event: 11797.307 Thread 0x0000024162ce3c90 Uncommon trap: trap_request=0xffffffc6 fr.pc=0x000002411ce2472c relative=0x00000000000003cc
Event: 11797.307 Thread 0x0000024162ce3c90 Uncommon trap: reason=bimorphic_or_optimized_type_check action=maybe_recompile pc=0x000002411ce2472c method=org.gradle.api.internal.file.pattern.FixedStepPathMatcher.matches([Ljava/lang/String;I)Z @ 48 c2
Event: 11797.307 Thread 0x0000024162ce3c90 DEOPT PACKING pc=0x000002411ce2472c sp=0x000000979d1f88b0
Event: 11797.307 Thread 0x0000024162ce3c90 DEOPT UNPACKING pc=0x000002411bc269a3 sp=0x000000979d1f8868 mode 2
Event: 11797.307 Thread 0x0000024162ce3c90 Uncommon trap: trap_request=0xffffffc6 fr.pc=0x000002411ce4b2d8 relative=0x00000000000008f8
Event: 11797.307 Thread 0x0000024162ce3c90 Uncommon trap: reason=bimorphic_or_optimized_type_check action=maybe_recompile pc=0x000002411ce4b2d8 method=org.gradle.api.internal.file.pattern.FixedStepPathMatcher.matches([Ljava/lang/String;I)Z @ 48 c2
Event: 11797.307 Thread 0x0000024162ce3c90 DEOPT PACKING pc=0x000002411ce4b2d8 sp=0x000000979d1f8a30
Event: 11797.307 Thread 0x0000024162ce3c90 DEOPT UNPACKING pc=0x000002411bc269a3 sp=0x000000979d1f8970 mode 2
Event: 11797.307 Thread 0x0000024162ce3c90 Uncommon trap: trap_request=0xffffffc6 fr.pc=0x000002411ce2472c relative=0x00000000000003cc
Event: 11797.307 Thread 0x0000024162ce3c90 Uncommon trap: reason=bimorphic_or_optimized_type_check action=maybe_recompile pc=0x000002411ce2472c method=org.gradle.api.internal.file.pattern.FixedStepPathMatcher.matches([Ljava/lang/String;I)Z @ 48 c2
Event: 11797.307 Thread 0x0000024162ce3c90 DEOPT PACKING pc=0x000002411ce2472c sp=0x000000979d1f8930
Event: 11797.307 Thread 0x0000024162ce3c90 DEOPT UNPACKING pc=0x000002411bc269a3 sp=0x000000979d1f88e8 mode 2

Classes loaded (20 events):
Event: 11744.257 Loading class java/lang/ext$AsyncStorageConfig
Event: 11744.257 Loading class java/lang/ext$AsyncStorageConfig done
Event: 11744.258 Loading class java/io/ext$AsyncStorageConfig
Event: 11744.258 Loading class java/io/ext$AsyncStorageConfig done
Event: 11744.259 Loading class java/net/ext$AsyncStorageConfig
Event: 11744.260 Loading class java/net/ext$AsyncStorageConfig done
Event: 11744.261 Loading class java/util/ext$AsyncStorageConfig
Event: 11744.261 Loading class java/util/ext$AsyncStorageConfig done
Event: 11744.273 Loading class java/time/ext$AsyncStorageConfig
Event: 11744.273 Loading class java/time/ext$AsyncStorageConfig done
Event: 11769.109 Loading class sun/nio/fs/WindowsPathBeanInfo
Event: 11769.111 Loading class sun/nio/fs/WindowsPathBeanInfo done
Event: 11769.112 Loading class sun/nio/fs/WindowsPathBeanInfo
Event: 11769.112 Loading class sun/nio/fs/WindowsPathBeanInfo done
Event: 11769.112 Loading class sun/nio/fs/WindowsPathCustomizer
Event: 11769.113 Loading class sun/nio/fs/WindowsPathCustomizer done
Event: 11769.114 Loading class sun/nio/fs/WindowsPathCustomizer
Event: 11769.114 Loading class sun/nio/fs/WindowsPathCustomizer done
Event: 11769.122 Loading class java/nio/file/WatchEvent
Event: 11769.123 Loading class java/nio/file/WatchEvent done

Classes unloaded (20 events):
Event: 11765.796 Thread 0x000002412abba5a0 Unloading class 0x000002412f4a8800 '_BuildScript_'
Event: 11765.796 Thread 0x000002412abba5a0 Unloading class 0x000002412f524000 '_BuildScript_$_run_closure1$_closure3'
Event: 11765.796 Thread 0x000002412abba5a0 Unloading class 0x000002412f4b9be8 '_BuildScript_$_run_closure1$_closure2'
Event: 11765.796 Thread 0x000002412abba5a0 Unloading class 0x000002412f4b9800 '_BuildScript_$_run_closure1'
Event: 11765.796 Thread 0x000002412abba5a0 Unloading class 0x000002412f4ed800 '_BuildScript_'
Event: 11765.797 Thread 0x000002412abba5a0 Unloading class 0x000002412f564400 'jdk/internal/reflect/GeneratedSerializationConstructorAccessor447'
Event: 11765.797 Thread 0x000002412abba5a0 Unloading class 0x000002412f56d000 'jdk/internal/reflect/GeneratedSerializationConstructorAccessor446'
Event: 11771.563 Thread 0x000002412abba5a0 Unloading class 0x000002412f1d9388 '_BuildScript_$_run_closure4'
Event: 11771.563 Thread 0x000002412abba5a0 Unloading class 0x000002412f1d8fa0 '_BuildScript_$_run_closure3$_closure12'
Event: 11771.563 Thread 0x000002412abba5a0 Unloading class 0x000002412f1d8bb8 '_BuildScript_$_run_closure3'
Event: 11771.563 Thread 0x000002412abba5a0 Unloading class 0x000002412f1d87d0 '_BuildScript_$_run_closure2$_closure9$_closure11'
Event: 11771.563 Thread 0x000002412abba5a0 Unloading class 0x000002412f1d83e8 '_BuildScript_$_run_closure2$_closure9'
Event: 11771.563 Thread 0x000002412abba5a0 Unloading class 0x000002412f1d8000 '_BuildScript_$_run_closure2$_closure8$_closure10'
Event: 11771.563 Thread 0x000002412abba5a0 Unloading class 0x000002412f524bb8 '_BuildScript_$_run_closure2$_closure8'
Event: 11771.563 Thread 0x000002412abba5a0 Unloading class 0x000002412f5247d0 '_BuildScript_$_run_closure2$_closure7'
Event: 11771.563 Thread 0x000002412abba5a0 Unloading class 0x000002412f5243e8 '_BuildScript_$_run_closure2$_closure6'
Event: 11771.563 Thread 0x000002412abba5a0 Unloading class 0x000002412f524000 '_BuildScript_$_run_closure2$_closure5'
Event: 11771.563 Thread 0x000002412abba5a0 Unloading class 0x000002412f2943e8 '_BuildScript_$_run_closure2'
Event: 11771.563 Thread 0x000002412abba5a0 Unloading class 0x000002412f294000 '_BuildScript_$_run_closure1'
Event: 11771.563 Thread 0x000002412abba5a0 Unloading class 0x000002412f1f8800 '_BuildScript_'

Classes redefined (0 events):
No events

Internal exceptions (20 events):
Event: 11786.834 Thread 0x0000024158c58930 Exception <a 'java/lang/NoSuchMethodError'{0x00000000afe39958}: static Lorg/jetbrains/kotlin/buildtools/api/SourcesChanges$Known;.<clinit>()V> (0x00000000afe39958) 
thrown [s\src\hotspot\share\prims\jni.cpp, line 1112]
Event: 11786.839 Thread 0x0000024158c58930 Exception <a 'java/lang/NoSuchMethodError'{0x00000000afe82808}: static Lorg/jetbrains/kotlin/incremental/ClasspathChanges$ClasspathSnapshotEnabled$IncrementalRun$ToBeComputedByIncrementalCompiler;.<clinit>()V> (0x00000000afe82808) 
thrown [s\src\hotspot\share\prims\jni.cpp, line 1112]
Event: 11786.839 Thread 0x0000024158c58930 Exception <a 'java/lang/NoSuchMethodError'{0x00000000afe847e0}: static Lorg/jetbrains/kotlin/incremental/ClasspathChanges$ClasspathSnapshotEnabled$IncrementalRun;.<clinit>()V> (0x00000000afe847e0) 
thrown [s\src\hotspot\share\prims\jni.cpp, line 1112]
Event: 11786.839 Thread 0x0000024158c58930 Exception <a 'java/lang/NoSuchMethodError'{0x00000000afe86280}: static Lorg/jetbrains/kotlin/incremental/ClasspathChanges$ClasspathSnapshotEnabled;.<clinit>()V> (0x00000000afe86280) 
thrown [s\src\hotspot\share\prims\jni.cpp, line 1112]
Event: 11786.839 Thread 0x0000024158c58930 Exception <a 'java/lang/NoSuchMethodError'{0x00000000afe88068}: static Lorg/jetbrains/kotlin/incremental/ClasspathChanges;.<clinit>()V> (0x00000000afe88068) 
thrown [s\src\hotspot\share\prims\jni.cpp, line 1112]
Event: 11786.851 Thread 0x0000024158c58930 Exception <a 'java/lang/NoSuchMethodError'{0x00000000afd0d840}: static Lorg/jetbrains/kotlin/gradle/report/GradleBuildMetricsReporter;.<clinit>()V> (0x00000000afd0d840) 
thrown [s\src\hotspot\share\prims\jni.cpp, line 1112]
Event: 11786.851 Thread 0x0000024158c58930 Exception <a 'java/lang/NoSuchMethodError'{0x00000000afd107b8}: static Lorg/jetbrains/kotlin/build/report/metrics/BuildMetricsReporterImpl;.<clinit>()V> (0x00000000afd107b8) 
thrown [s\src\hotspot\share\prims\jni.cpp, line 1112]
Event: 11786.855 Thread 0x0000024158c58930 Exception <a 'java/lang/NoSuchMethodError'{0x00000000afd58248}: static Lorg/jetbrains/kotlin/build/report/metrics/GcMetrics;.<clinit>()V> (0x00000000afd58248) 
thrown [s\src\hotspot\share\prims\jni.cpp, line 1112]
Event: 11786.892 Thread 0x000002415907b570 Exception <a 'sun/nio/fs/WindowsException'{0x00000000af55b818}> (0x00000000af55b818) 
thrown [s\src\hotspot\share\prims\jni.cpp, line 516]
Event: 11787.018 Thread 0x000002415907bf90 Exception <a 'java/lang/NoSuchMethodError'{0x00000000aef68ee8}: static Lorg/jetbrains/kotlin/daemon/common/LoopbackNetworkInterface$AbstractClientLoopbackSocketFactory;.<clinit>()V> (0x00000000aef68ee8) 
thrown [s\src\hotspot\share\prims\jni.cpp, line 1112]
Event: 11787.018 Thread 0x000002415907bf90 Exception <a 'java/lang/NoSuchMethodError'{0x00000000aef99ff8}: static Lorg/jetbrains/kotlin/daemon/common/LoopbackNetworkInterface$ClientLoopbackSocketFactory;.<clinit>()V> (0x00000000aef99ff8) 
thrown [s\src\hotspot\share\prims\jni.cpp, line 1112]
Event: 11787.034 Thread 0x0000024161bf27f0 Exception <a 'sun/nio/fs/WindowsException'{0x00000000aed982e8}> (0x00000000aed982e8) 
thrown [s\src\hotspot\share\prims\jni.cpp, line 516]
Event: 11787.082 Thread 0x000002415907c4a0 Exception <a 'java/lang/InterruptedException'{0x00000000aedd3458}> (0x00000000aedd3458) 
thrown [s\src\hotspot\share\runtime\objectMonitor.cpp, line 1658]
Event: 11787.147 Thread 0x000002415907bf90 Exception <a 'java/lang/NoSuchMethodError'{0x00000000aedfcf18}: static Lorg/jetbrains/kotlin/daemon/common/CompileService$CallResult;.<clinit>()V> (0x00000000aedfcf18) 
thrown [s\src\hotspot\share\prims\jni.cpp, line 1112]
Event: 11787.148 Thread 0x000002415907bf90 Exception <a 'java/lang/NoSuchMethodError'{0x00000000aec923b8}: static Lorg/jetbrains/kotlin/daemon/common/CompileService$CallResult$Good;.<clinit>()V> (0x00000000aec923b8) 
thrown [s\src\hotspot\share\prims\jni.cpp, line 1112]
Event: 11787.149 Thread 0x000002415907bf90 Exception <a 'java/lang/NoSuchMethodError'{0x00000000aec9f588}: static Lorg/jetbrains/kotlin/daemon/common/DaemonJVMOptions;.<clinit>()V> (0x00000000aec9f588) 
thrown [s\src\hotspot\share\prims\jni.cpp, line 1112]
Event: 11787.160 Thread 0x000002415907bf90 Exception <a 'java/lang/NoSuchMethodError'{0x00000000aecb1ea8}: static Lorg/jetbrains/kotlin/daemon/common/CompileService$CallResult$Ok;.<clinit>()V> (0x00000000aecb1ea8) 
thrown [s\src\hotspot\share\prims\jni.cpp, line 1112]
Event: 11787.184 Thread 0x000002415907bf90 Exception <a 'java/lang/NoSuchMethodError'{0x00000000aeb4e030}: static [Ljava/lang/Integer;.<clinit>()V> (0x00000000aeb4e030) 
thrown [s\src\hotspot\share\prims\jni.cpp, line 1112]
Event: 11797.299 Thread 0x0000024162ce3c90 Exception <a 'java/lang/IncompatibleClassChangeError'{0x00000000acdfc6b0}: Found class java.lang.Object, but interface was expected> (0x00000000acdfc6b0) 
thrown [s\src\hotspot\share\interpreter\linkResolver.cpp, line 826]
Event: 11797.308 Thread 0x0000024162ce3c90 Exception <a 'sun/nio/fs/WindowsException'{0x00000000acc16700}> (0x00000000acc16700) 
thrown [s\src\hotspot\share\prims\jni.cpp, line 516]

VM Operations (20 events):
Event: 11779.287 Executing VM operation: G1PauseCleanup done
Event: 11780.289 Executing VM operation: Cleanup
Event: 11780.290 Executing VM operation: Cleanup done
Event: 11780.811 Executing VM operation: HandshakeAllThreads
Event: 11780.823 Executing VM operation: HandshakeAllThreads done
Event: 11781.834 Executing VM operation: Cleanup
Event: 11781.834 Executing VM operation: Cleanup done
Event: 11782.841 Executing VM operation: Cleanup
Event: 11782.842 Executing VM operation: Cleanup done
Event: 11783.850 Executing VM operation: Cleanup
Event: 11783.850 Executing VM operation: Cleanup done
Event: 11785.862 Executing VM operation: Cleanup
Event: 11785.862 Executing VM operation: Cleanup done
Event: 11786.527 Executing VM operation: G1CollectForAllocation
Event: 11786.555 Executing VM operation: G1CollectForAllocation done
Event: 11786.572 Executing VM operation: G1CollectForAllocation
Event: 11786.614 Executing VM operation: G1CollectForAllocation done
Event: 11787.622 Executing VM operation: Cleanup
Event: 11787.622 Executing VM operation: Cleanup done
Event: 11797.325 Executing VM operation: G1TryInitiateConcMark

Memory protections (0 events):
No events

Nmethod flushes (20 events):
Event: 11781.002 Thread 0x000002412abfbff0 flushing  nmethod 0x000002411812ad10
Event: 11781.005 Thread 0x000002412abfbff0 flushing  nmethod 0x000002411835a690
Event: 11781.005 Thread 0x000002412abfbff0 flushing  nmethod 0x000002411835b410
Event: 11781.006 Thread 0x000002412abfbff0 flushing  nmethod 0x00000241183df610
Event: 11781.006 Thread 0x000002412abfbff0 flushing  nmethod 0x000002411845bf10
Event: 11781.011 Thread 0x000002412abfbff0 flushing  nmethod 0x00000241187acb10
Event: 11781.015 Thread 0x000002412abfbff0 flushing  nmethod 0x0000024118a25390
Event: 11781.026 Thread 0x000002412abfbff0 flushing  nmethod 0x0000024119432410
Event: 11781.028 Thread 0x000002412abfbff0 flushing  nmethod 0x000002411952ef10
Event: 11781.028 Thread 0x000002412abfbff0 flushing  nmethod 0x0000024119530490
Event: 11781.030 Thread 0x000002412abfbff0 flushing  nmethod 0x0000024119667a10
Event: 11781.030 Thread 0x000002412abfbff0 flushing  nmethod 0x000002411967cf90
Event: 11781.040 Thread 0x000002412abfbff0 flushing  nmethod 0x0000024119e77010
Event: 11781.040 Thread 0x000002412abfbff0 flushing  nmethod 0x0000024119e7fc90
Event: 11781.040 Thread 0x000002412abfbff0 flushing  nmethod 0x0000024119e90610
Event: 11781.049 Thread 0x000002412abfbff0 flushing  nmethod 0x000002411a422410
Event: 11781.051 Thread 0x000002412abfbff0 flushing  nmethod 0x000002411a5c9f90
Event: 11781.053 Thread 0x000002412abfbff0 flushing  nmethod 0x000002411a8fd790
Event: 11781.054 Thread 0x000002412abfbff0 flushing  nmethod 0x000002411aa55f90
Event: 11781.059 Thread 0x000002412abfbff0 flushing  nmethod 0x000002411b144e10

Events (20 events):
Event: 11780.442 Thread 0x0000024158c59350 Thread added: 0x000002415a48d6f0
Event: 11780.443 Thread 0x0000024158c59350 Thread added: 0x000002415a48a960
Event: 11780.443 Thread 0x0000024158c59350 Thread added: 0x000002415a48b890
Event: 11780.443 Thread 0x0000024158c59350 Thread added: 0x000002415a48b380
Event: 11780.443 Thread 0x0000024158c59350 Thread added: 0x000002415a48c7c0
Event: 11780.443 Thread 0x0000024158c59350 Thread added: 0x0000024161bf22e0
Event: 11780.553 Thread 0x0000024158c59350 Thread added: 0x0000024161bf27f0
Event: 11781.700 Thread 0x0000024158c5c0e0 Thread added: 0x00000241503260e0
Event: 11781.702 Thread 0x0000024158c5c0e0 Thread added: 0x0000024158624af0
Event: 11781.886 Thread 0x0000024158c58930 Thread added: 0x000002415907b060
Event: 11782.334 Thread 0x000002412abee740 Thread added: 0x000002416a22bf10
Event: 11785.307 Thread 0x000002416a22bf10 Thread exited: 0x000002416a22bf10
Event: 11785.632 Thread 0x000002412abee740 Thread added: 0x000002416467f050
Event: 11787.019 Thread 0x000002415907bf90 Thread added: 0x000002415907c4a0
Event: 11787.020 Thread 0x000002415907bf90 Thread added: 0x000002415907ddf0
Event: 11787.175 Thread 0x000002415907bf90 Thread added: 0x000002415907d3d0
Event: 11787.466 Thread 0x000002416a649e10 Thread added: 0x0000024161616c20
Event: 11794.047 Thread 0x000002416467f050 Thread exited: 0x000002416467f050
Event: 11797.183 Thread 0x0000024162ce3c90 Thread added: 0x0000024161526ba0
Event: 11797.199 Thread 0x000002412abea880 Thread added: 0x0000024159b61050


Dynamic libraries:
0x00007ff626f70000 - 0x00007ff626f7e000 	C:\Program Files\Eclipse Adoptium\jdk-17.0.16.8-hotspot\bin\java.exe
0x00007ffb2a160000 - 0x00007ffb2a3c9000 	C:\WINDOWS\SYSTEM32\ntdll.dll
0x00007ffb29a90000 - 0x00007ffb29b59000 	C:\WINDOWS\System32\KERNEL32.DLL
0x00007ffb27790000 - 0x00007ffb27b83000 	C:\WINDOWS\System32\KERNELBASE.dll
0x00007ffb272f0000 - 0x00007ffb2743b000 	C:\WINDOWS\System32\ucrtbase.dll
0x00007ffb21a60000 - 0x00007ffb21a7e000 	C:\Program Files\Eclipse Adoptium\jdk-17.0.16.8-hotspot\bin\VCRUNTIME140.dll
0x00007ffb22290000 - 0x00007ffb222a7000 	C:\Program Files\Eclipse Adoptium\jdk-17.0.16.8-hotspot\bin\jli.dll
0x00007ffb28200000 - 0x00007ffb283c4000 	C:\WINDOWS\System32\USER32.dll
0x00007ffb12540000 - 0x00007ffb127d3000 	C:\WINDOWS\WinSxS\amd64_microsoft.windows.common-controls_6595b64144ccf1df_6.0.26100.5074_none_3e0d6f78e32fd63f\COMCTL32.dll
0x00007ffb27760000 - 0x00007ffb27787000 	C:\WINDOWS\System32\win32u.dll
0x00007ffb27f60000 - 0x00007ffb28009000 	C:\WINDOWS\System32\msvcrt.dll
0x00007ffb29a60000 - 0x00007ffb29a8b000 	C:\WINDOWS\System32\GDI32.dll
0x00007ffb274d0000 - 0x00007ffb275fd000 	C:\WINDOWS\System32\gdi32full.dll
0x00007ffb27b90000 - 0x00007ffb27c33000 	C:\WINDOWS\System32\msvcp_win.dll
0x00007ffb2a0c0000 - 0x00007ffb2a0ef000 	C:\WINDOWS\System32\IMM32.DLL
0x00007ffb22230000 - 0x00007ffb2223c000 	C:\Program Files\Eclipse Adoptium\jdk-17.0.16.8-hotspot\bin\vcruntime140_1.dll
0x00007ffaf4950000 - 0x00007ffaf49dd000 	C:\Program Files\Eclipse Adoptium\jdk-17.0.16.8-hotspot\bin\msvcp140.dll
0x00007ffa9a8b0000 - 0x00007ffa9b51b000 	C:\Program Files\Eclipse Adoptium\jdk-17.0.16.8-hotspot\bin\server\jvm.dll
0x00007ffb29440000 - 0x00007ffb294f4000 	C:\WINDOWS\System32\ADVAPI32.dll
0x00007ffb283d0000 - 0x00007ffb28476000 	C:\WINDOWS\System32\sechost.dll
0x00007ffb29320000 - 0x00007ffb29438000 	C:\WINDOWS\System32\RPCRT4.dll
0x00007ffb28010000 - 0x00007ffb28084000 	C:\WINDOWS\System32\WS2_32.dll
0x00007ffb27150000 - 0x00007ffb271ae000 	C:\WINDOWS\SYSTEM32\POWRPROF.dll
0x00007ffb1ff00000 - 0x00007ffb1ff0b000 	C:\WINDOWS\SYSTEM32\VERSION.dll
0x00007ffb1fe60000 - 0x00007ffb1fe95000 	C:\WINDOWS\SYSTEM32\WINMM.dll
0x00007ffb27130000 - 0x00007ffb27144000 	C:\WINDOWS\SYSTEM32\UMPDC.dll
0x00007ffb26140000 - 0x00007ffb2615b000 	C:\WINDOWS\SYSTEM32\kernel.appcore.dll
0x00007ffb1beb0000 - 0x00007ffb1beba000 	C:\Program Files\Eclipse Adoptium\jdk-17.0.16.8-hotspot\bin\jimage.dll
0x00007ffb1e4e0000 - 0x00007ffb1e722000 	C:\WINDOWS\SYSTEM32\DBGHELP.DLL
0x00007ffb28fa0000 - 0x00007ffb2931b000 	C:\WINDOWS\System32\combase.dll
0x00007ffb298f0000 - 0x00007ffb299c7000 	C:\WINDOWS\System32\OLEAUT32.dll
0x00007ffb03df0000 - 0x00007ffb03e2d000 	C:\WINDOWS\SYSTEM32\dbgcore.DLL
0x00007ffb276c0000 - 0x00007ffb27759000 	C:\WINDOWS\System32\bcryptPrimitives.dll
0x00007ffb0d180000 - 0x00007ffb0d18e000 	C:\Program Files\Eclipse Adoptium\jdk-17.0.16.8-hotspot\bin\instrument.dll
0x00007ffb149b0000 - 0x00007ffb149d5000 	C:\Program Files\Eclipse Adoptium\jdk-17.0.16.8-hotspot\bin\java.dll
0x00007ffaf47e0000 - 0x00007ffaf48b7000 	C:\Program Files\Eclipse Adoptium\jdk-17.0.16.8-hotspot\bin\jsvml.dll
0x00007ffb28520000 - 0x00007ffb28c6d000 	C:\WINDOWS\System32\SHELL32.dll
0x00007ffb27dc0000 - 0x00007ffb27f2c000 	C:\WINDOWS\System32\wintypes.dll
0x00007ffb24f20000 - 0x00007ffb25779000 	C:\WINDOWS\SYSTEM32\windows.storage.dll
0x00007ffb28090000 - 0x00007ffb28180000 	C:\WINDOWS\System32\SHCORE.dll
0x00007ffb28190000 - 0x00007ffb281f2000 	C:\WINDOWS\System32\shlwapi.dll
0x00007ffb27210000 - 0x00007ffb27239000 	C:\WINDOWS\SYSTEM32\profapi.dll
0x00007ffb0ec90000 - 0x00007ffb0eca8000 	C:\Program Files\Eclipse Adoptium\jdk-17.0.16.8-hotspot\bin\zip.dll
0x00007ffb19000000 - 0x00007ffb19019000 	C:\Program Files\Eclipse Adoptium\jdk-17.0.16.8-hotspot\bin\net.dll
0x00007ffb20750000 - 0x00007ffb2086f000 	C:\WINDOWS\SYSTEM32\WINHTTP.dll
0x00007ffb266c0000 - 0x00007ffb2672b000 	C:\WINDOWS\system32\mswsock.dll
0x00007ffb0f9d0000 - 0x00007ffb0f9e6000 	C:\Program Files\Eclipse Adoptium\jdk-17.0.16.8-hotspot\bin\nio.dll
0x00007ffb1bea0000 - 0x00007ffb1beb0000 	C:\Program Files\Eclipse Adoptium\jdk-17.0.16.8-hotspot\bin\verify.dll
0x00007ffb0ebf0000 - 0x00007ffb0ec17000 	C:\Users\SANJU\.gradle\native\1def1411415f61bf3af743bc5b6707747c0891f09f0c88961ee8f79bc544acac\windows-amd64\native-platform.dll
0x00007ffaf4150000 - 0x00007ffaf41c8000 	C:\Users\SANJU\.gradle\native\0.2.7\x86_64-windows-gnu\gradle-fileevents.dll
0x00007ffb0ec80000 - 0x00007ffb0ec8a000 	C:\Program Files\Eclipse Adoptium\jdk-17.0.16.8-hotspot\bin\management.dll
0x00007ffb0ec70000 - 0x00007ffb0ec7b000 	C:\Program Files\Eclipse Adoptium\jdk-17.0.16.8-hotspot\bin\management_ext.dll
0x00007ffb298e0000 - 0x00007ffb298e8000 	C:\WINDOWS\System32\PSAPI.DLL
0x00007ffb25aa0000 - 0x00007ffb25ad4000 	C:\WINDOWS\SYSTEM32\IPHLPAPI.DLL
0x00007ffb28f90000 - 0x00007ffb28f9a000 	C:\WINDOWS\System32\NSI.dll
0x00007ffb21030000 - 0x00007ffb2104e000 	C:\WINDOWS\SYSTEM32\dhcpcsvc6.DLL
0x00007ffb20f80000 - 0x00007ffb20fa3000 	C:\WINDOWS\SYSTEM32\dhcpcsvc.DLL
0x00007ffb25b30000 - 0x00007ffb25c56000 	C:\WINDOWS\SYSTEM32\DNSAPI.dll
0x00007ffb0ec50000 - 0x00007ffb0ec59000 	C:\Program Files\Eclipse Adoptium\jdk-17.0.16.8-hotspot\bin\extnet.dll
0x00007ffb26970000 - 0x00007ffb2698b000 	C:\WINDOWS\SYSTEM32\CRYPTSP.dll
0x00007ffb26030000 - 0x00007ffb2606b000 	C:\WINDOWS\system32\rsaenh.dll
0x00007ffb26760000 - 0x00007ffb2678b000 	C:\WINDOWS\SYSTEM32\USERENV.dll
0x00007ffb271e0000 - 0x00007ffb27206000 	C:\WINDOWS\SYSTEM32\bcrypt.dll
0x00007ffb26960000 - 0x00007ffb2696c000 	C:\WINDOWS\SYSTEM32\CRYPTBASE.dll
0x00007ffb24260000 - 0x00007ffb2426e000 	C:\Program Files\Eclipse Adoptium\jdk-17.0.16.8-hotspot\bin\sunmscapi.dll
0x00007ffb27c40000 - 0x00007ffb27db7000 	C:\WINDOWS\System32\CRYPT32.dll
0x00007ffb26b80000 - 0x00007ffb26bb0000 	C:\WINDOWS\SYSTEM32\ncrypt.dll
0x00007ffb26b30000 - 0x00007ffb26b6f000 	C:\WINDOWS\SYSTEM32\NTASN1.dll
0x00007ffb22360000 - 0x00007ffb22368000 	C:\WINDOWS\system32\wshunix.dll
0x00007ffb03ae0000 - 0x00007ffb03af8000 	C:\WINDOWS\system32\napinsp.dll
0x00007ffb03ac0000 - 0x00007ffb03ad2000 	C:\WINDOWS\System32\winrnr.dll
0x00007ffb03a90000 - 0x00007ffb03ab8000 	C:\WINDOWS\system32\nlansp_c.dll
0x00007ffb03a70000 - 0x00007ffb03a86000 	C:\WINDOWS\system32\wshbth.dll
0x00007ffb20490000 - 0x00007ffb2049b000 	C:\Windows\System32\rasadhlp.dll
0x00007ffb219c0000 - 0x00007ffb21a46000 	C:\WINDOWS\System32\fwpuclnt.dll
0x00007ffb26260000 - 0x00007ffb26296000 	C:\WINDOWS\SYSTEM32\ntmarta.dll
0x00007ffb222c0000 - 0x00007ffb222c7000 	C:\Program Files\Eclipse Adoptium\jdk-17.0.16.8-hotspot\bin\rmi.dll
0x00007ffb24500000 - 0x00007ffb2459e000 	C:\WINDOWS\system32\apphelp.dll

dbghelp: loaded successfully - version: 4.0.5 - missing functions: none
symbol engine: initialized successfully - sym options: 0x614 - pdb path: .;C:\Program Files\Eclipse Adoptium\jdk-17.0.16.8-hotspot\bin;C:\WINDOWS\SYSTEM32;C:\WINDOWS\WinSxS\amd64_microsoft.windows.common-controls_6595b64144ccf1df_6.0.26100.5074_none_3e0d6f78e32fd63f;C:\Program Files\Eclipse Adoptium\jdk-17.0.16.8-hotspot\bin\server;C:\Users\SANJU\.gradle\native\1def1411415f61bf3af743bc5b6707747c0891f09f0c88961ee8f79bc544acac\windows-amd64;C:\Users\SANJU\.gradle\native\0.2.7\x86_64-windows-gnu

VM Arguments:
jvm_args: --add-opens=java.base/java.lang=ALL-UNNAMED --add-opens=java.base/java.lang.invoke=ALL-UNNAMED --add-opens=java.base/java.util=ALL-UNNAMED --add-opens=java.prefs/java.util.prefs=ALL-UNNAMED --add-exports=jdk.compiler/com.sun.tools.javac.api=ALL-UNNAMED --add-exports=jdk.compiler/com.sun.tools.javac.util=ALL-UNNAMED --add-opens=java.base/java.util=ALL-UNNAMED --add-opens=java.prefs/java.util.prefs=ALL-UNNAMED --add-opens=java.base/java.nio.charset=ALL-UNNAMED --add-opens=java.base/java.net=ALL-UNNAMED --add-opens=java.base/java.util.concurrent.atomic=ALL-UNNAMED --add-opens=java.xml/javax.xml.namespace=ALL-UNNAMED -XX:MaxMetaspaceSize=512m -Xmx2048m -Dfile.encoding=windows-1252 -Duser.country=IN -Duser.language=en -Duser.variant -javaagent:C:\Users\SANJU\.gradle\wrapper\dists\gradle-8.13-bin\5xuhj0ry160q40clulazy9h7d\gradle-8.13\lib\agents\gradle-instrumentation-agent-8.13.jar 
java_command: org.gradle.launcher.daemon.bootstrap.GradleDaemon 8.13
java_class_path (initial): C:\Users\SANJU\.gradle\wrapper\dists\gradle-8.13-bin\5xuhj0ry160q40clulazy9h7d\gradle-8.13\lib\gradle-daemon-main-8.13.jar
Launcher Type: SUN_STANDARD

[Global flags]
     intx CICompilerCount                          = 4                                         {product} {ergonomic}
   size_t CompressedClassSpaceSize                 = 436207616                                 {product} {ergonomic}
     uint ConcGCThreads                            = 3                                         {product} {ergonomic}
     uint G1ConcRefinementThreads                  = 10                                        {product} {ergonomic}
   size_t G1HeapRegionSize                         = 1048576                                   {product} {ergonomic}
    uintx GCDrainStackTargetSize                   = 64                                        {product} {ergonomic}
   size_t InitialHeapSize                          = 125829120                                 {product} {ergonomic}
   size_t MarkStackSize                            = 4194304                                   {product} {ergonomic}
   size_t MaxHeapSize                              = 2147483648                                {product} {command line}
   size_t MaxMetaspaceSize                         = 536870912                                 {product} {command line}
   size_t MaxNewSize                               = 1287651328                                {product} {ergonomic}
   size_t MinHeapDeltaBytes                        = 1048576                                   {product} {ergonomic}
   size_t MinHeapSize                              = 8388608                                   {product} {ergonomic}
    uintx NonNMethodCodeHeapSize                   = 5839372                                {pd product} {ergonomic}
    uintx NonProfiledCodeHeapSize                  = 122909434                              {pd product} {ergonomic}
    uintx ProfiledCodeHeapSize                     = 122909434                              {pd product} {ergonomic}
    uintx ReservedCodeCacheSize                    = 251658240                              {pd product} {ergonomic}
     bool SegmentedCodeCache                       = true                                      {product} {ergonomic}
   size_t SoftMaxHeapSize                          = 2147483648                             {manageable} {ergonomic}
     bool UseCompressedClassPointers               = true                           {product lp64_product} {ergonomic}
     bool UseCompressedOops                        = true                           {product lp64_product} {ergonomic}
     bool UseG1GC                                  = true                                      {product} {ergonomic}
     bool UseLargePagesIndividualAllocation        = false                                  {pd product} {ergonomic}

Logging:
Log output configuration:
 #0: stdout all=warning uptime,level,tags
 #1: stderr all=off uptime,level,tags

Environment Variables:
JAVA_HOME=C:\Program Files\Eclipse Adoptium\jdk-17.0.16.8-hotspot
CLASSPATH=E:\Development\Projects\spotify\android\\gradle\wrapper\gradle-wrapper.jar
PATH=E:\Development\Projects\spotify\node_modules\.bin;E:\Development\Projects\node_modules\.bin;E:\Development\node_modules\.bin;E:\node_modules\.bin;C:\Users\SANJU\AppData\Local\nvm\v22.12.0\node_modules\npm\node_modules\@npmcli\run-script\lib\node-gyp-bin;C:\Program Files\Eclipse Adoptium\jdk-17.0.16.8-hotspot\bin;C:\Python313\Scripts\;C:\Python313\;C:\Windows\system32;C:\Windows;C:\Windows\System32\Wbem;C:\Windows\System32\WindowsPowerShell\v1.0\;C:\Windows\System32\OpenSSH\;C:\WINDOWS\system32;C:\WINDOWS;C:\WINDOWS\System32\Wbem;C:\WINDOWS\System32\WindowsPowerShell\v1.0\;C:\WINDOWS\System32\OpenSSH\;C:\Users\SANJU\AppData\Local\Microsoft\WindowsApps;C:\Program Files\Git\cmd;C:\ProgramData\chocolatey\bin;C:\Users\SANJU\AppData\Local\nvm;C:\nvm4w\nodejs;E:\cartoonMango\ngrok-v3-stable-windows-amd64;C:\Program Files\nodejs\;C:\Program Files\NVIDIA Corporation\NVIDIA app\NvDLISR;C:\WINDOWS\system32;C:\WINDOWS;C:\WINDOWS\System32\Wbem;C:\WINDOWS\System32\WindowsPowerShell\v1.0\;C:\WINDOWS\System32\OpenSSH\;C:\Program Files\Docker\Docker\resources\bin;C:\Program Files (x86)\NVIDIA Corporation\PhysX\Common;C:\Users\SANJU\AppData\Local\Android\Sdk\platform-tools;C:\Users\SANJU\AppData\Local\Android\Sdk\platform-tools;C:\Users\SANJU\AppData\Local\Android\Sdk\tools;C:\Users\SANJU\AppData\Local\Microsoft\WindowsApps;C:\Users\SANJU\AppData\Local\Programs\Microsoft VS Code\bin;C:\Program Files\Python311;C:\Users\SANJU\AppData\Local\Programs\Python\Python311;C:\Program Files\Python311\Scripts;C:\Program Files\Git\bin;C:\Program Files\Git\cmd;C:\Users\SANJU\AppData\Local\nvm;C:\nvm4w\nodejs;C:\Users\SANJU\AppData\Roaming\nvm;C:\Users\SANJU\AppData\Roaming\npm;C:\Program Files\Eclipse Adoptium\jdk-17.0.16.8-hotspot\bin;C:\Users\SANJU\AppData\Local\Programs\Windsurf\bin;
USERNAME=SANJU
OS=Windows_NT
PROCESSOR_IDENTIFIER=AMD64 Family 23 Model 96 Stepping 1, AuthenticAMD
TMP=C:\Users\SANJU\AppData\Local\Temp
TEMP=C:\Users\SANJU\AppData\Local\Temp



Periodic native trim disabled


---------------  S Y S T E M  ---------------

OS:
 Windows 11 , 64 bit Build 26100 (10.0.26100.5074)
OS uptime: 0 days 7:47 hours
Hyper-V role detected

CPU: total 12 (initial active 12) (12 cores per cpu, 2 threads per core) family 23 model 96 stepping 1 microcode 0x8600106, cx8, cmov, fxsr, ht, mmx, 3dnowpref, sse, sse2, sse3, ssse3, sse4a, sse4.1, sse4.2, popcnt, lzcnt, tsc, tscinvbit, avx, avx2, aes, clmul, bmi1, bmi2, adx, sha, fma, vzeroupper, clflush, clflushopt, hv
Processor Information for all 12 processors :
  Max Mhz: 3001, Current Mhz: 3001, Mhz Limit: 3001

Memory: 4k page, system-wide physical 7597M (376M free)
TotalPageFile size 30745M (AvailPageFile size 357M)
current process WorkingSet (physical memory assigned to process): 982M, peak: 2065M
current process commit charge ("private bytes"): 1723M, peak: 2926M

vm_info: OpenJDK 64-Bit Server VM (17.0.16+8) for windows-amd64 JRE (17.0.16+8), built on Jul 16 2025 10:37:56 by "admin" with MS VC++ 17.7 (VS2022)

END.
