#
# There is insufficient memory for the Java Runtime Environment to continue.
# Native memory allocation (malloc) failed to allocate 2860720 bytes. Error detail: Chunk::new
# Possible reasons:
#   The system is out of physical RAM or swap space
#   This process is running with CompressedOops enabled, and the Java Heap may be blocking the growth of the native heap
# Possible solutions:
#   Reduce memory load on the system
#   Increase physical memory or swap space
#   Check if swap backing store is full
#   Decrease Java heap size (-Xmx/-Xms)
#   Decrease number of Java threads
#   Decrease Java thread stack sizes (-Xss)
#   Set larger code cache with -XX:ReservedCodeCacheSize=
#   JVM is running with Unscaled Compressed Oops mode in which the Java heap is
#     placed in the first 4GB address space. The Java Heap base address is the
#     maximum limit for the native heap growth. Please use -XX:HeapBaseMinAddress
#     to set the Java Heap base and to place the Java Heap above 4GB virtual address.
# This output file may be truncated or incomplete.
#
#  Out of Memory Error (arena.cpp:191), pid=14892, tid=24940
#
# JRE version: OpenJDK Runtime Environment Temurin-17.0.16+8 (17.0.16+8) (build 17.0.16+8)
# Java VM: OpenJDK 64-Bit Server VM Temurin-17.0.16+8 (17.0.16+8, mixed mode, sharing, tiered, compressed oops, compressed class ptrs, g1 gc, windows-amd64)
# No core dump will be written. Minidumps are not enabled by default on client versions of Windows
#

---------------  S U M M A R Y ------------

Command Line: --add-opens=java.base/java.lang=ALL-UNNAMED --add-opens=java.base/java.lang.invoke=ALL-UNNAMED --add-opens=java.base/java.util=ALL-UNNAMED --add-opens=java.prefs/java.util.prefs=ALL-UNNAMED --add-exports=jdk.compiler/com.sun.tools.javac.api=ALL-UNNAMED --add-exports=jdk.compiler/com.sun.tools.javac.util=ALL-UNNAMED --add-opens=java.base/java.util=ALL-UNNAMED --add-opens=java.prefs/java.util.prefs=ALL-UNNAMED --add-opens=java.base/java.nio.charset=ALL-UNNAMED --add-opens=java.base/java.net=ALL-UNNAMED --add-opens=java.base/java.util.concurrent.atomic=ALL-UNNAMED --add-opens=java.xml/javax.xml.namespace=ALL-UNNAMED -XX:MaxMetaspaceSize=512m -Xmx2048m -Dfile.encoding=windows-1252 -Duser.country=IN -Duser.language=en -Duser.variant -javaagent:C:\Users\SANJU\.gradle\wrapper\dists\gradle-8.13-bin\5xuhj0ry160q40clulazy9h7d\gradle-8.13\lib\agents\gradle-instrumentation-agent-8.13.jar org.gradle.launcher.daemon.bootstrap.GradleDaemon 8.13

Host: AMD Ryzen 5 4600H with Radeon Graphics         , 12 cores, 7G,  Windows 11 , 64 bit Build 26100 (10.0.26100.5074)
Time: Fri Oct  3 12:41:21 2025 India Standard Time elapsed time: 29.474815 seconds (0d 0h 0m 29s)

---------------  T H R E A D  ---------------

Current thread (0x000002285faa79f0):  JavaThread "C2 CompilerThread0" daemon [_thread_in_native, id=24940, stack(0x0000002986c00000,0x0000002986d00000)]


Current CompileTask:
C2:  29474 12383       4       java.beans.MethodRef::set (58 bytes)

Stack: [0x0000002986c00000,0x0000002986d00000]
Native frames: (J=compiled Java code, j=interpreted, Vv=VM code, C=native code)
V  [jvm.dll+0x683169]
V  [jvm.dll+0x839ac8]
V  [jvm.dll+0x83b573]
V  [jvm.dll+0x83bbe3]
V  [jvm.dll+0x2473ff]
V  [jvm.dll+0xace94]
V  [jvm.dll+0xad52c]
V  [jvm.dll+0x365e0e]
V  [jvm.dll+0x32fff8]
V  [jvm.dll+0x32f47a]
V  [jvm.dll+0x21831f]
V  [jvm.dll+0x21775f]
V  [jvm.dll+0x1a32a0]
V  [jvm.dll+0x227b3c]
V  [jvm.dll+0x225ccb]
V  [jvm.dll+0x7ef2d8]
V  [jvm.dll+0x7e979c]
V  [jvm.dll+0x682047]
C  [ucrtbase.dll+0x37b0]
C  [KERNEL32.DLL+0x2e8d7]
C  [ntdll.dll+0x8d9c]


---------------  P R O C E S S  ---------------

Threads class SMR info:
_java_thread_list=0x00000228051e79b0, length=193, elements={
0x00000228418f8ca0, 0x000002285fa874b0, 0x000002285fa87d80, 0x000002285faa5380,
0x000002285faa5c50, 0x000002285faa6520, 0x000002285faa6df0, 0x000002285faa79f0,
0x000002285faa8300, 0x000002285faad3e0, 0x0000022860433190, 0x00000228604336a0,
0x0000022860434ae0, 0x00000228604340c0, 0x0000022860432260, 0x0000022860433bb0,
0x00000228604345d0, 0x0000022860434ff0, 0x0000022860431d50, 0x0000022860432770,
0x0000022860432c80, 0x0000022800f44f90, 0x0000022800f454a0, 0x0000022800f45ec0,
0x0000022800f459b0, 0x0000022800f44570, 0x0000022800f43130, 0x0000022800f42710,
0x0000022800f44060, 0x0000022800f47300, 0x0000022800f43b50, 0x0000022800f47810,
0x0000022800f48740, 0x0000022800f48c50, 0x0000022800f49670, 0x0000022800f4a090,
0x000002280441c460, 0x000002280441d8a0, 0x000002280441c970, 0x000002280441ce80,
0x000002280441ddb0, 0x000002280441ba40, 0x000002280441d390, 0x000002280441b020,
0x000002280441a600, 0x000002280441e2c0, 0x000002280441e7d0, 0x000002280441ece0,
0x000002280441bf50, 0x000002280441b530, 0x0000022804420630, 0x000002280441f1f0,
0x0000022804421050, 0x000002280441f700, 0x000002280441fc10, 0x0000022804421560,
0x0000022804421a70, 0x0000022804420120, 0x0000022804420b40, 0x0000022804421f80,
0x0000022860718f80, 0x0000022860719490, 0x00000228607199a0, 0x0000022860719eb0,
0x000002286071ade0, 0x000002286071a3c0, 0x000002286071b2f0, 0x000002286071a8d0,
0x000002286071b800, 0x0000022860718050, 0x000002286071bd10, 0x0000022860718560,
0x000002286071c220, 0x0000022860718a70, 0x000002286071db70, 0x000002286071eaa0,
0x000002286071d150, 0x000002286071e080, 0x000002286071e590, 0x00000228055832e0,
0x0000022805584210, 0x00000228055823b0, 0x0000022805582dd0, 0x0000022805580f70,
0x0000022805581ea0, 0x0000022805584720, 0x00000228055828c0, 0x00000228055837f0,
0x0000022805581480, 0x0000022805583d00, 0x0000022805584c30, 0x0000022805585140,
0x0000022805581990, 0x0000022805585b60, 0x0000022805585650, 0x0000022805586a90,
0x0000022805586070, 0x00000228055888f0, 0x0000022805586fa0, 0x0000022805587ed0,
0x0000022805586580, 0x00000228055874b0, 0x00000228055879c0, 0x00000228055883e0,
0x0000022805842860, 0x0000022805840f10, 0x0000022805841e40, 0x0000022805842350,
0x0000022805842d70, 0x000002280583f5c0, 0x00000228058404f0, 0x0000022805841420,
0x0000022805843280, 0x000002280583fad0, 0x0000022805841930, 0x0000022805843790,
0x000002280583ffe0, 0x0000022805843ca0, 0x00000228058441b0, 0x0000022805840a00,
0x00000228058450e0, 0x00000228058446c0, 0x0000022805844bd0, 0x0000022805846010,
0x0000022805846f40, 0x0000022805846a30, 0x00000228058455f0, 0x0000022805845b00,
0x0000022805846520, 0x0000022805b8e7a0, 0x0000022805b8fbe0, 0x0000022805b90600,
0x0000022805b8f6d0, 0x0000022805b8f1c0, 0x0000022805b90b10, 0x0000022805b8d870,
0x0000022805b8dd80, 0x0000022805b8e290, 0x0000022805b91020, 0x0000022805b8ecb0,
0x00000228039a2440, 0x00000228039a05e0, 0x00000228039a1f30, 0x00000228039a3880,
0x00000228039a1000, 0x00000228039a00d0, 0x00000228039a2950, 0x00000228039a0af0,
0x00000228039a4cc0, 0x00000228039a1a20, 0x00000228039a42a0, 0x00000228039a3d90,
0x00000228039a47b0, 0x00000228039a56e0, 0x00000228039a1510, 0x00000228039a51d0,
0x00000228039a6100, 0x00000228039a5bf0, 0x00000228039a3370, 0x00000228039a6610,
0x00000228039a2e60, 0x00000228039a6b20, 0x00000228039a7030, 0x00000228039a7a50,
0x00000228039a7540, 0x00000228055b9040, 0x00000228055ba480, 0x00000228055baea0,
0x00000228055ba990, 0x00000228055bbdd0, 0x00000228055bb3b0, 0x00000228055bb8c0,
0x00000228055b9a60, 0x00000228055bc2e0, 0x00000228055bcd00, 0x00000228055bd720,
0x00000228055bf580, 0x00000228055bf070, 0x00000228055c04b0, 0x00000228055beb60,
0x00000228055c09c0, 0x00000228055be650, 0x00000228055bdc30, 0x00000228055bfa90,
0x00000228055be140, 0x0000022804f189f0, 0x0000022804f170a0, 0x0000022804f19410,
0x0000022804f17fd0, 0x0000022804f1c6b0, 0x0000022804f1daf0, 0x00000228029cb890,
0x00000228029cbde0
}

Java Threads: ( => current thread )
  0x00000228418f8ca0 JavaThread "main" [_thread_blocked, id=27728, stack(0x0000002985f00000,0x0000002986000000)]
  0x000002285fa874b0 JavaThread "Reference Handler" daemon [_thread_blocked, id=14604, stack(0x0000002986600000,0x0000002986700000)]
  0x000002285fa87d80 JavaThread "Finalizer" daemon [_thread_blocked, id=30280, stack(0x0000002986700000,0x0000002986800000)]
  0x000002285faa5380 JavaThread "Signal Dispatcher" daemon [_thread_blocked, id=21952, stack(0x0000002986800000,0x0000002986900000)]
  0x000002285faa5c50 JavaThread "Attach Listener" daemon [_thread_blocked, id=21028, stack(0x0000002986900000,0x0000002986a00000)]
  0x000002285faa6520 JavaThread "Service Thread" daemon [_thread_blocked, id=23116, stack(0x0000002986a00000,0x0000002986b00000)]
  0x000002285faa6df0 JavaThread "Monitor Deflation Thread" daemon [_thread_blocked, id=29676, stack(0x0000002986b00000,0x0000002986c00000)]
=>0x000002285faa79f0 JavaThread "C2 CompilerThread0" daemon [_thread_in_native, id=24940, stack(0x0000002986c00000,0x0000002986d00000)]
  0x000002285faa8300 JavaThread "C1 CompilerThread0" daemon [_thread_blocked, id=10040, stack(0x0000002986d00000,0x0000002986e00000)]
  0x000002285faad3e0 JavaThread "Sweeper thread" daemon [_thread_blocked, id=13036, stack(0x0000002986e00000,0x0000002986f00000)]
  0x0000022860433190 JavaThread "Common-Cleaner" daemon [_thread_blocked, id=25856, stack(0x0000002986f00000,0x0000002987000000)]
  0x00000228604336a0 JavaThread "Notification Thread" daemon [_thread_blocked, id=27880, stack(0x0000002987000000,0x0000002987100000)]
  0x0000022860434ae0 JavaThread "Daemon health stats" [_thread_blocked, id=5656, stack(0x0000002987700000,0x0000002987800000)]
  0x00000228604340c0 JavaThread "Incoming local TCP Connector on port 54800" [_thread_in_native, id=28884, stack(0x0000002987800000,0x0000002987900000)]
  0x0000022860432260 JavaThread "Daemon periodic checks" [_thread_blocked, id=20528, stack(0x0000002987900000,0x0000002987a00000)]
  0x0000022860433bb0 JavaThread "Daemon" [_thread_blocked, id=13648, stack(0x0000002987a00000,0x0000002987b00000)]
  0x00000228604345d0 JavaThread "Handler for socket connection from /127.0.0.1:54800 to /127.0.0.1:54801" [_thread_in_native, id=26912, stack(0x0000002987b00000,0x0000002987c00000)]
  0x0000022860434ff0 JavaThread "Cancel handler" [_thread_blocked, id=20416, stack(0x0000002987c00000,0x0000002987d00000)]
  0x0000022860431d50 JavaThread "Daemon worker" [_thread_in_native, id=2576, stack(0x0000002987d00000,0x0000002987e00000)]
  0x0000022860432770 JavaThread "Asynchronous log dispatcher for DefaultDaemonConnection: socket connection from /127.0.0.1:54800 to /127.0.0.1:54801" [_thread_blocked, id=19904, stack(0x0000002987e00000,0x0000002987f00000)]
  0x0000022860432c80 JavaThread "Stdin handler" [_thread_blocked, id=11524, stack(0x0000002987f00000,0x0000002988000000)]
  0x0000022800f44f90 JavaThread "Daemon client event forwarder" [_thread_blocked, id=8172, stack(0x0000002988000000,0x0000002988100000)]
  0x0000022800f454a0 JavaThread "Cache worker for journal cache (C:\Users\SANJU\.gradle\caches\journal-1)" [_thread_blocked, id=912, stack(0x0000002988100000,0x0000002988200000)]
  0x0000022800f45ec0 JavaThread "File lock request listener" [_thread_in_native, id=4232, stack(0x0000002988200000,0x0000002988300000)]
  0x0000022800f459b0 JavaThread "Cache worker for file hash cache (C:\Users\SANJU\.gradle\caches\8.13\fileHashes)" [_thread_blocked, id=27868, stack(0x0000002988300000,0x0000002988400000)]
  0x0000022800f44570 JavaThread "Cache worker for file hash cache (E:\Development\Projects\spotify\android\.gradle\8.13\fileHashes)" [_thread_blocked, id=9340, stack(0x0000002988900000,0x0000002988a00000)]
  0x0000022800f43130 JavaThread "Cache worker for Build Output Cleanup Cache (E:\Development\Projects\spotify\android\.gradle\buildOutputCleanup)" [_thread_blocked, id=13368, stack(0x0000002988a00000,0x0000002988b00000)]
  0x0000022800f42710 JavaThread "File watcher server" daemon [_thread_in_native, id=15136, stack(0x0000002988d00000,0x0000002988e00000)]
  0x0000022800f44060 JavaThread "File watcher consumer" daemon [_thread_blocked, id=15904, stack(0x0000002988e00000,0x0000002988f00000)]
  0x0000022800f47300 JavaThread "jar transforms" [_thread_blocked, id=16172, stack(0x0000002988f00000,0x0000002989000000)]
  0x0000022800f43b50 JavaThread "Cache worker for checksums cache (E:\Development\Projects\spotify\android\.gradle\8.13\checksums)" [_thread_blocked, id=26016, stack(0x0000002989000000,0x0000002989100000)]
  0x0000022800f47810 JavaThread "Cache worker for file content cache (C:\Users\SANJU\.gradle\caches\8.13\fileContent)" [_thread_blocked, id=21584, stack(0x0000002989100000,0x0000002989200000)]
  0x0000022800f48740 JavaThread "Cache worker for cache directory md-supplier (C:\Users\SANJU\.gradle\caches\8.13\md-supplier)" [_thread_blocked, id=23264, stack(0x0000002989200000,0x0000002989300000)]
  0x0000022800f48c50 JavaThread "Cache worker for cache directory md-rule (C:\Users\SANJU\.gradle\caches\8.13\md-rule)" [_thread_blocked, id=16236, stack(0x0000002989300000,0x0000002989400000)]
  0x0000022800f49670 JavaThread "Cache worker for Build Output Cleanup Cache (E:\Development\Projects\spotify\node_modules\@react-native\gradle-plugin\.gradle\buildOutputCleanup)" [_thread_blocked, id=20036, stack(0x0000002989400000,0x0000002989500000)]
  0x0000022800f4a090 JavaThread "Unconstrained build operations" [_thread_blocked, id=3712, stack(0x0000002989500000,0x0000002989600000)]
  0x000002280441c460 JavaThread "Unconstrained build operations Thread 2" [_thread_blocked, id=19172, stack(0x0000002989600000,0x0000002989700000)]
  0x000002280441d8a0 JavaThread "Unconstrained build operations Thread 3" [_thread_blocked, id=18024, stack(0x0000002989700000,0x0000002989800000)]
  0x000002280441c970 JavaThread "Unconstrained build operations Thread 4" [_thread_blocked, id=12180, stack(0x0000002989800000,0x0000002989900000)]
  0x000002280441ce80 JavaThread "Unconstrained build operations Thread 5" [_thread_blocked, id=10144, stack(0x0000002989900000,0x0000002989a00000)]
  0x000002280441ddb0 JavaThread "Unconstrained build operations Thread 6" [_thread_blocked, id=24800, stack(0x0000002989a00000,0x0000002989b00000)]
  0x000002280441ba40 JavaThread "Unconstrained build operations Thread 7" [_thread_blocked, id=12844, stack(0x0000002989b00000,0x0000002989c00000)]
  0x000002280441d390 JavaThread "Unconstrained build operations Thread 8" [_thread_blocked, id=14324, stack(0x0000002989c00000,0x0000002989d00000)]
  0x000002280441b020 JavaThread "Unconstrained build operations Thread 9" [_thread_blocked, id=812, stack(0x0000002989d00000,0x0000002989e00000)]
  0x000002280441a600 JavaThread "Unconstrained build operations Thread 10" [_thread_blocked, id=24700, stack(0x0000002989e00000,0x0000002989f00000)]
  0x000002280441e2c0 JavaThread "Unconstrained build operations Thread 11" [_thread_blocked, id=16392, stack(0x0000002989f00000,0x000000298a000000)]
  0x000002280441e7d0 JavaThread "Unconstrained build operations Thread 12" [_thread_blocked, id=18032, stack(0x000000298a000000,0x000000298a100000)]
  0x000002280441ece0 JavaThread "Unconstrained build operations Thread 13" [_thread_blocked, id=12252, stack(0x000000298a100000,0x000000298a200000)]
  0x000002280441bf50 JavaThread "Unconstrained build operations Thread 14" [_thread_blocked, id=7752, stack(0x000000298a200000,0x000000298a300000)]
  0x000002280441b530 JavaThread "Unconstrained build operations Thread 15" [_thread_blocked, id=16600, stack(0x000000298a300000,0x000000298a400000)]
  0x0000022804420630 JavaThread "Unconstrained build operations Thread 16" [_thread_blocked, id=12432, stack(0x000000298a400000,0x000000298a500000)]
  0x000002280441f1f0 JavaThread "Unconstrained build operations Thread 17" [_thread_blocked, id=15412, stack(0x000000298a500000,0x000000298a600000)]
  0x0000022804421050 JavaThread "Unconstrained build operations Thread 18" [_thread_blocked, id=13952, stack(0x000000298a600000,0x000000298a700000)]
  0x000002280441f700 JavaThread "Unconstrained build operations Thread 19" [_thread_blocked, id=28532, stack(0x000000298a700000,0x000000298a800000)]
  0x000002280441fc10 JavaThread "Unconstrained build operations Thread 20" [_thread_blocked, id=25460, stack(0x000000298a800000,0x000000298a900000)]
  0x0000022804421560 JavaThread "Unconstrained build operations Thread 21" [_thread_blocked, id=3732, stack(0x000000298a900000,0x000000298aa00000)]
  0x0000022804421a70 JavaThread "Unconstrained build operations Thread 22" [_thread_blocked, id=23044, stack(0x000000298aa00000,0x000000298ab00000)]
  0x0000022804420120 JavaThread "Unconstrained build operations Thread 23" [_thread_blocked, id=16864, stack(0x000000298ab00000,0x000000298ac00000)]
  0x0000022804420b40 JavaThread "Unconstrained build operations Thread 24" [_thread_blocked, id=10048, stack(0x000000298ac00000,0x000000298ad00000)]
  0x0000022804421f80 JavaThread "Unconstrained build operations Thread 25" [_thread_blocked, id=7932, stack(0x000000298ad00000,0x000000298ae00000)]
  0x0000022860718f80 JavaThread "Unconstrained build operations Thread 26" [_thread_blocked, id=23112, stack(0x000000298ae00000,0x000000298af00000)]
  0x0000022860719490 JavaThread "Unconstrained build operations Thread 27" [_thread_blocked, id=22032, stack(0x000000298af00000,0x000000298b000000)]
  0x00000228607199a0 JavaThread "Unconstrained build operations Thread 28" [_thread_blocked, id=20896, stack(0x000000298b000000,0x000000298b100000)]
  0x0000022860719eb0 JavaThread "Unconstrained build operations Thread 29" [_thread_blocked, id=24356, stack(0x000000298b100000,0x000000298b200000)]
  0x000002286071ade0 JavaThread "Unconstrained build operations Thread 30" [_thread_blocked, id=29496, stack(0x000000298b200000,0x000000298b300000)]
  0x000002286071a3c0 JavaThread "Unconstrained build operations Thread 31" [_thread_blocked, id=10908, stack(0x000000298b300000,0x000000298b400000)]
  0x000002286071b2f0 JavaThread "Unconstrained build operations Thread 32" [_thread_blocked, id=17708, stack(0x000000298b400000,0x000000298b500000)]
  0x000002286071a8d0 JavaThread "Unconstrained build operations Thread 33" [_thread_blocked, id=12620, stack(0x000000298b500000,0x000000298b600000)]
  0x000002286071b800 JavaThread "Unconstrained build operations Thread 34" [_thread_blocked, id=27020, stack(0x000000298b600000,0x000000298b700000)]
  0x0000022860718050 JavaThread "Unconstrained build operations Thread 35" [_thread_blocked, id=21804, stack(0x000000298b700000,0x000000298b800000)]
  0x000002286071bd10 JavaThread "Unconstrained build operations Thread 36" [_thread_blocked, id=18876, stack(0x000000298b800000,0x000000298b900000)]
  0x0000022860718560 JavaThread "Unconstrained build operations Thread 37" [_thread_blocked, id=29976, stack(0x000000298b900000,0x000000298ba00000)]
  0x000002286071c220 JavaThread "Unconstrained build operations Thread 38" [_thread_blocked, id=24760, stack(0x000000298ba00000,0x000000298bb00000)]
  0x0000022860718a70 JavaThread "Unconstrained build operations Thread 39" [_thread_blocked, id=884, stack(0x000000298bb00000,0x000000298bc00000)]
  0x000002286071db70 JavaThread "build event listener" [_thread_blocked, id=18892, stack(0x000000298bc00000,0x000000298bd00000)]
  0x000002286071eaa0 JavaThread "Memory manager" [_thread_blocked, id=15000, stack(0x0000002987200000,0x0000002987300000)]
  0x000002286071d150 JavaThread "ForkJoinPool.commonPool-worker-1" daemon [_thread_blocked, id=8616, stack(0x000000298bf00000,0x000000298c000000)]
  0x000002286071e080 JavaThread "ForkJoinPool.commonPool-worker-2" daemon [_thread_blocked, id=28840, stack(0x000000298c000000,0x000000298c100000)]
  0x000002286071e590 JavaThread "ForkJoinPool.commonPool-worker-3" daemon [_thread_blocked, id=16972, stack(0x000000298c100000,0x000000298c200000)]
  0x00000228055832e0 JavaThread "ForkJoinPool.commonPool-worker-4" daemon [_thread_blocked, id=12872, stack(0x000000298c200000,0x000000298c300000)]
  0x0000022805584210 JavaThread "ForkJoinPool.commonPool-worker-5" daemon [_thread_blocked, id=3256, stack(0x000000298c300000,0x000000298c400000)]
  0x00000228055823b0 JavaThread "ForkJoinPool.commonPool-worker-6" daemon [_thread_blocked, id=10348, stack(0x000000298c400000,0x000000298c500000)]
  0x0000022805582dd0 JavaThread "ForkJoinPool.commonPool-worker-7" daemon [_thread_blocked, id=12524, stack(0x000000298c500000,0x000000298c600000)]
  0x0000022805580f70 JavaThread "ForkJoinPool.commonPool-worker-8" daemon [_thread_blocked, id=13116, stack(0x000000298c600000,0x000000298c700000)]
  0x0000022805581ea0 JavaThread "ForkJoinPool.commonPool-worker-9" daemon [_thread_blocked, id=20504, stack(0x000000298c700000,0x000000298c800000)]
  0x0000022805584720 JavaThread "ForkJoinPool.commonPool-worker-10" daemon [_thread_blocked, id=11764, stack(0x000000298c800000,0x000000298c900000)]
  0x00000228055828c0 JavaThread "ForkJoinPool.commonPool-worker-11" daemon [_thread_blocked, id=2796, stack(0x000000298c900000,0x000000298ca00000)]
  0x00000228055837f0 JavaThread "Exec process" [_thread_blocked, id=15500, stack(0x000000298ca00000,0x000000298cb00000)]
  0x0000022805581480 JavaThread "Exec process Thread 2" [_thread_blocked, id=9600, stack(0x000000298cb00000,0x000000298cc00000)]
  0x0000022805583d00 JavaThread "Exec process Thread 3" [_thread_blocked, id=14228, stack(0x000000298cc00000,0x000000298cd00000)]
  0x0000022805584c30 JavaThread "included builds" [_thread_blocked, id=29112, stack(0x000000298be00000,0x000000298bf00000)]
  0x0000022805585140 JavaThread "Execution worker" [_thread_blocked, id=25876, stack(0x000000298cd00000,0x000000298ce00000)]
  0x0000022805581990 JavaThread "Execution worker Thread 2" [_thread_blocked, id=25252, stack(0x000000298ce00000,0x000000298cf00000)]
  0x0000022805585b60 JavaThread "Execution worker Thread 3" [_thread_blocked, id=25028, stack(0x000000298cf00000,0x000000298d000000)]
  0x0000022805585650 JavaThread "Execution worker Thread 4" [_thread_blocked, id=8148, stack(0x000000298d000000,0x000000298d100000)]
  0x0000022805586a90 JavaThread "Execution worker Thread 5" [_thread_blocked, id=4168, stack(0x000000298d100000,0x000000298d200000)]
  0x0000022805586070 JavaThread "Execution worker Thread 6" [_thread_blocked, id=22252, stack(0x000000298d200000,0x000000298d300000)]
  0x00000228055888f0 JavaThread "Execution worker Thread 7" [_thread_blocked, id=17100, stack(0x000000298d300000,0x000000298d400000)]
  0x0000022805586fa0 JavaThread "Execution worker Thread 8" [_thread_blocked, id=30236, stack(0x000000298d400000,0x000000298d500000)]
  0x0000022805587ed0 JavaThread "Execution worker Thread 9" [_thread_blocked, id=2252, stack(0x000000298d500000,0x000000298d600000)]
  0x0000022805586580 JavaThread "Execution worker Thread 10" [_thread_blocked, id=18060, stack(0x000000298d600000,0x000000298d700000)]
  0x00000228055874b0 JavaThread "Execution worker Thread 11" [_thread_blocked, id=30568, stack(0x000000298d700000,0x000000298d800000)]
  0x00000228055879c0 JavaThread "Cache worker for execution history cache (E:\Development\Projects\spotify\node_modules\@react-native\gradle-plugin\.gradle\8.13\executionHistory)" [_thread_blocked, id=26460, stack(0x000000298d800000,0x000000298d900000)]
  0x00000228055883e0 JavaThread "Unconstrained build operations Thread 40" [_thread_blocked, id=17432, stack(0x000000298da00000,0x000000298db00000)]
  0x0000022805842860 JavaThread "Unconstrained build operations Thread 41" [_thread_blocked, id=6048, stack(0x000000298db00000,0x000000298dc00000)]
  0x0000022805840f10 JavaThread "Unconstrained build operations Thread 42" [_thread_blocked, id=25804, stack(0x000000298dc00000,0x000000298dd00000)]
  0x0000022805841e40 JavaThread "Unconstrained build operations Thread 43" [_thread_blocked, id=28580, stack(0x000000298dd00000,0x000000298de00000)]
  0x0000022805842350 JavaThread "Unconstrained build operations Thread 44" [_thread_blocked, id=19848, stack(0x000000298de00000,0x000000298df00000)]
  0x0000022805842d70 JavaThread "Unconstrained build operations Thread 45" [_thread_blocked, id=13684, stack(0x000000298df00000,0x000000298e000000)]
  0x000002280583f5c0 JavaThread "Unconstrained build operations Thread 46" [_thread_blocked, id=10564, stack(0x000000298e000000,0x000000298e100000)]
  0x00000228058404f0 JavaThread "Unconstrained build operations Thread 47" [_thread_blocked, id=17200, stack(0x000000298e100000,0x000000298e200000)]
  0x0000022805841420 JavaThread "Unconstrained build operations Thread 48" [_thread_blocked, id=7560, stack(0x000000298e200000,0x000000298e300000)]
  0x0000022805843280 JavaThread "Unconstrained build operations Thread 49" [_thread_blocked, id=5524, stack(0x000000298e300000,0x000000298e400000)]
  0x000002280583fad0 JavaThread "Unconstrained build operations Thread 50" [_thread_blocked, id=23196, stack(0x000000298e400000,0x000000298e500000)]
  0x0000022805841930 JavaThread "Unconstrained build operations Thread 51" [_thread_blocked, id=30312, stack(0x000000298e500000,0x000000298e600000)]
  0x0000022805843790 JavaThread "Unconstrained build operations Thread 52" [_thread_blocked, id=19560, stack(0x000000298e600000,0x000000298e700000)]
  0x000002280583ffe0 JavaThread "Unconstrained build operations Thread 53" [_thread_blocked, id=26060, stack(0x000000298e700000,0x000000298e800000)]
  0x0000022805843ca0 JavaThread "Unconstrained build operations Thread 54" [_thread_blocked, id=18784, stack(0x000000298e800000,0x000000298e900000)]
  0x00000228058441b0 JavaThread "Unconstrained build operations Thread 55" [_thread_blocked, id=27192, stack(0x000000298e900000,0x000000298ea00000)]
  0x0000022805840a00 JavaThread "Unconstrained build operations Thread 56" [_thread_blocked, id=15612, stack(0x000000298ea00000,0x000000298eb00000)]
  0x00000228058450e0 JavaThread "Unconstrained build operations Thread 57" [_thread_blocked, id=12136, stack(0x000000298eb00000,0x000000298ec00000)]
  0x00000228058446c0 JavaThread "Unconstrained build operations Thread 58" [_thread_blocked, id=25800, stack(0x000000298ec00000,0x000000298ed00000)]
  0x0000022805844bd0 JavaThread "Unconstrained build operations Thread 59" [_thread_blocked, id=6484, stack(0x000000298ed00000,0x000000298ee00000)]
  0x0000022805846010 JavaThread "Unconstrained build operations Thread 60" [_thread_blocked, id=24656, stack(0x000000298ee00000,0x000000298ef00000)]
  0x0000022805846f40 JavaThread "Unconstrained build operations Thread 61" [_thread_blocked, id=11192, stack(0x000000298ef00000,0x000000298f000000)]
  0x0000022805846a30 JavaThread "Unconstrained build operations Thread 62" [_thread_blocked, id=29524, stack(0x000000298f000000,0x000000298f100000)]
  0x00000228058455f0 JavaThread "Unconstrained build operations Thread 63" [_thread_blocked, id=16328, stack(0x000000298f100000,0x000000298f200000)]
  0x0000022805845b00 JavaThread "Unconstrained build operations Thread 64" [_thread_blocked, id=20460, stack(0x000000298f200000,0x000000298f300000)]
  0x0000022805846520 JavaThread "Unconstrained build operations Thread 65" [_thread_blocked, id=11012, stack(0x000000298f300000,0x000000298f400000)]
  0x0000022805b8e7a0 JavaThread "Unconstrained build operations Thread 66" [_thread_blocked, id=2152, stack(0x000000298f400000,0x000000298f500000)]
  0x0000022805b8fbe0 JavaThread "Unconstrained build operations Thread 67" [_thread_blocked, id=24464, stack(0x000000298f500000,0x000000298f600000)]
  0x0000022805b90600 JavaThread "Unconstrained build operations Thread 68" [_thread_blocked, id=21556, stack(0x000000298f600000,0x000000298f700000)]
  0x0000022805b8f6d0 JavaThread "Unconstrained build operations Thread 69" [_thread_blocked, id=27836, stack(0x000000298f700000,0x000000298f800000)]
  0x0000022805b8f1c0 JavaThread "Unconstrained build operations Thread 70" [_thread_blocked, id=26364, stack(0x000000298f800000,0x000000298f900000)]
  0x0000022805b90b10 JavaThread "Unconstrained build operations Thread 71" [_thread_blocked, id=2344, stack(0x000000298f900000,0x000000298fa00000)]
  0x0000022805b8d870 JavaThread "Unconstrained build operations Thread 72" [_thread_blocked, id=22604, stack(0x000000298fa00000,0x000000298fb00000)]
  0x0000022805b8dd80 JavaThread "Unconstrained build operations Thread 73" [_thread_blocked, id=17912, stack(0x000000298fb00000,0x000000298fc00000)]
  0x0000022805b8e290 JavaThread "Unconstrained build operations Thread 74" [_thread_blocked, id=20728, stack(0x000000298fc00000,0x000000298fd00000)]
  0x0000022805b91020 JavaThread "Unconstrained build operations Thread 75" [_thread_blocked, id=30008, stack(0x000000298fd00000,0x000000298fe00000)]
  0x0000022805b8ecb0 JavaThread "Unconstrained build operations Thread 76" [_thread_blocked, id=27616, stack(0x000000298fe00000,0x000000298ff00000)]
  0x00000228039a2440 JavaThread "Unconstrained build operations Thread 77" [_thread_blocked, id=18832, stack(0x000000298ff00000,0x0000002990000000)]
  0x00000228039a05e0 JavaThread "Unconstrained build operations Thread 78" [_thread_blocked, id=15804, stack(0x0000002990000000,0x0000002990100000)]
  0x00000228039a1f30 JavaThread "Unconstrained build operations Thread 79" [_thread_blocked, id=10104, stack(0x0000002990100000,0x0000002990200000)]
  0x00000228039a3880 JavaThread "Unconstrained build operations Thread 80" [_thread_blocked, id=11888, stack(0x0000002990200000,0x0000002990300000)]
  0x00000228039a1000 JavaThread "Unconstrained build operations Thread 81" [_thread_blocked, id=6172, stack(0x0000002990300000,0x0000002990400000)]
  0x00000228039a00d0 JavaThread "Unconstrained build operations Thread 82" [_thread_blocked, id=25452, stack(0x0000002990400000,0x0000002990500000)]
  0x00000228039a2950 JavaThread "Unconstrained build operations Thread 83" [_thread_blocked, id=3244, stack(0x0000002990500000,0x0000002990600000)]
  0x00000228039a0af0 JavaThread "Unconstrained build operations Thread 84" [_thread_blocked, id=1508, stack(0x0000002990600000,0x0000002990700000)]
  0x00000228039a4cc0 JavaThread "Unconstrained build operations Thread 85" [_thread_blocked, id=12536, stack(0x0000002990700000,0x0000002990800000)]
  0x00000228039a1a20 JavaThread "Unconstrained build operations Thread 86" [_thread_blocked, id=17992, stack(0x0000002990800000,0x0000002990900000)]
  0x00000228039a42a0 JavaThread "Unconstrained build operations Thread 87" [_thread_blocked, id=1860, stack(0x0000002990900000,0x0000002990a00000)]
  0x00000228039a3d90 JavaThread "Unconstrained build operations Thread 88" [_thread_blocked, id=9412, stack(0x0000002990a00000,0x0000002990b00000)]
  0x00000228039a47b0 JavaThread "Unconstrained build operations Thread 89" [_thread_blocked, id=25764, stack(0x0000002990b00000,0x0000002990c00000)]
  0x00000228039a56e0 JavaThread "Unconstrained build operations Thread 90" [_thread_blocked, id=2908, stack(0x0000002990c00000,0x0000002990d00000)]
  0x00000228039a1510 JavaThread "Unconstrained build operations Thread 91" [_thread_blocked, id=29660, stack(0x0000002990d00000,0x0000002990e00000)]
  0x00000228039a51d0 JavaThread "Unconstrained build operations Thread 92" [_thread_blocked, id=20056, stack(0x0000002990e00000,0x0000002990f00000)]
  0x00000228039a6100 JavaThread "Unconstrained build operations Thread 93" [_thread_blocked, id=23656, stack(0x0000002990f00000,0x0000002991000000)]
  0x00000228039a5bf0 JavaThread "Unconstrained build operations Thread 94" [_thread_blocked, id=2844, stack(0x0000002991000000,0x0000002991100000)]
  0x00000228039a3370 JavaThread "Unconstrained build operations Thread 95" [_thread_blocked, id=27356, stack(0x0000002991100000,0x0000002991200000)]
  0x00000228039a6610 JavaThread "Unconstrained build operations Thread 96" [_thread_blocked, id=23888, stack(0x0000002991200000,0x0000002991300000)]
  0x00000228039a2e60 JavaThread "Unconstrained build operations Thread 97" [_thread_blocked, id=12132, stack(0x0000002991300000,0x0000002991400000)]
  0x00000228039a6b20 JavaThread "Unconstrained build operations Thread 98" [_thread_blocked, id=27628, stack(0x0000002991400000,0x0000002991500000)]
  0x00000228039a7030 JavaThread "Unconstrained build operations Thread 99" [_thread_blocked, id=29344, stack(0x0000002991500000,0x0000002991600000)]
  0x00000228039a7a50 JavaThread "Unconstrained build operations Thread 100" [_thread_blocked, id=15580, stack(0x000000298d900000,0x000000298da00000)]
  0x00000228039a7540 JavaThread "Unconstrained build operations Thread 101" [_thread_blocked, id=3376, stack(0x0000002991600000,0x0000002991700000)]
  0x00000228055b9040 JavaThread "Unconstrained build operations Thread 102" [_thread_blocked, id=28892, stack(0x0000002991700000,0x0000002991800000)]
  0x00000228055ba480 JavaThread "Unconstrained build operations Thread 103" [_thread_blocked, id=13888, stack(0x0000002991800000,0x0000002991900000)]
  0x00000228055baea0 JavaThread "Unconstrained build operations Thread 104" [_thread_blocked, id=23260, stack(0x0000002991900000,0x0000002991a00000)]
  0x00000228055ba990 JavaThread "Unconstrained build operations Thread 105" [_thread_blocked, id=17132, stack(0x0000002991a00000,0x0000002991b00000)]
  0x00000228055bbdd0 JavaThread "Unconstrained build operations Thread 106" [_thread_blocked, id=9692, stack(0x0000002991b00000,0x0000002991c00000)]
  0x00000228055bb3b0 JavaThread "Unconstrained build operations Thread 107" [_thread_blocked, id=27968, stack(0x0000002991c00000,0x0000002991d00000)]
  0x00000228055bb8c0 JavaThread "Unconstrained build operations Thread 108" [_thread_blocked, id=9492, stack(0x0000002991d00000,0x0000002991e00000)]
  0x00000228055b9a60 JavaThread "Unconstrained build operations Thread 109" [_thread_blocked, id=17776, stack(0x0000002991e00000,0x0000002991f00000)]
  0x00000228055bc2e0 JavaThread "Unconstrained build operations Thread 110" [_thread_blocked, id=22672, stack(0x0000002991f00000,0x0000002992000000)]
  0x00000228055bcd00 JavaThread "jar transforms Thread 2" [_thread_blocked, id=7916, stack(0x0000002992000000,0x0000002992100000)]
  0x00000228055bd720 JavaThread "jar transforms Thread 3" [_thread_blocked, id=9348, stack(0x0000002992100000,0x0000002992200000)]
  0x00000228055bf580 JavaThread "Unconstrained build operations Thread 111" [_thread_blocked, id=964, stack(0x0000002992200000,0x0000002992300000)]
  0x00000228055bf070 JavaThread "Unconstrained build operations Thread 112" [_thread_blocked, id=12028, stack(0x0000002992300000,0x0000002992400000)]
  0x00000228055c04b0 JavaThread "Unconstrained build operations Thread 113" [_thread_blocked, id=25384, stack(0x0000002992400000,0x0000002992500000)]
  0x00000228055beb60 JavaThread "Unconstrained build operations Thread 114" [_thread_blocked, id=6608, stack(0x0000002992500000,0x0000002992600000)]
  0x00000228055c09c0 JavaThread "Unconstrained build operations Thread 115" [_thread_blocked, id=14672, stack(0x0000002992600000,0x0000002992700000)]
  0x00000228055be650 JavaThread "Unconstrained build operations Thread 116" [_thread_blocked, id=29768, stack(0x0000002992700000,0x0000002992800000)]
  0x00000228055bdc30 JavaThread "Unconstrained build operations Thread 117" [_thread_blocked, id=5616, stack(0x0000002992800000,0x0000002992900000)]
  0x00000228055bfa90 JavaThread "Unconstrained build operations Thread 118" [_thread_blocked, id=26444, stack(0x0000002992900000,0x0000002992a00000)]
  0x00000228055be140 JavaThread "Unconstrained build operations Thread 119" [_thread_blocked, id=3548, stack(0x0000002992a00000,0x0000002992b00000)]
  0x0000022804f189f0 JavaThread "Unconstrained build operations Thread 120" [_thread_blocked, id=12332, stack(0x0000002992b00000,0x0000002992c00000)]
  0x0000022804f170a0 JavaThread "jar transforms Thread 4" [_thread_blocked, id=17316, stack(0x0000002992c00000,0x0000002992d00000)]
  0x0000022804f19410 JavaThread "jar transforms Thread 5" [_thread_blocked, id=22632, stack(0x000000298bd00000,0x000000298be00000)]
  0x0000022804f17fd0 JavaThread "jar transforms Thread 6" [_thread_blocked, id=11856, stack(0x0000002992d00000,0x0000002992e00000)]
  0x0000022804f1c6b0 JavaThread "Problems report writer" [_thread_blocked, id=25212, stack(0x0000002992f00000,0x0000002993000000)]
  0x0000022804f1daf0 JavaThread "build event listener" [_thread_blocked, id=20672, stack(0x0000002993000000,0x0000002993100000)]
  0x00000228029cb890 JavaThread "C2 CompilerThread1" daemon [_thread_in_native, id=12300, stack(0x0000002992e00000,0x0000002992f00000)]
  0x00000228029cbde0 JavaThread "C2 CompilerThread2" daemon [_thread_in_native, id=22316, stack(0x0000002993100000,0x0000002993200000)]

Other Threads:
  0x000002285fa810b0 VMThread "VM Thread" [stack: 0x0000002986500000,0x0000002986600000] [id=25256]
  0x00000228604c9a90 WatcherThread [stack: 0x0000002987100000,0x0000002987200000] [id=17932]
  0x000002283f63d8a0 GCTaskThread "GC Thread#0" [stack: 0x0000002986000000,0x0000002986100000] [id=28660]
  0x000002286082a950 GCTaskThread "GC Thread#1" [stack: 0x0000002987300000,0x0000002987400000] [id=27856]
  0x00000228608cb140 GCTaskThread "GC Thread#2" [stack: 0x0000002987400000,0x0000002987500000] [id=26828]
  0x0000022860bc0280 GCTaskThread "GC Thread#3" [stack: 0x0000002987500000,0x0000002987600000] [id=2364]
  0x00000228002d0350 GCTaskThread "GC Thread#4" [stack: 0x0000002987600000,0x0000002987700000] [id=11292]
  0x0000022801031170 GCTaskThread "GC Thread#5" [stack: 0x0000002988400000,0x0000002988500000] [id=21672]
  0x0000022801525570 GCTaskThread "GC Thread#6" [stack: 0x0000002988500000,0x0000002988600000] [id=15532]
  0x0000022802aa49f0 GCTaskThread "GC Thread#7" [stack: 0x0000002988600000,0x0000002988700000] [id=23304]
  0x0000022801163d10 GCTaskThread "GC Thread#8" [stack: 0x0000002988700000,0x0000002988800000] [id=4528]
  0x00000228014ffd90 GCTaskThread "GC Thread#9" [stack: 0x0000002988800000,0x0000002988900000] [id=18492]
  0x000002283f63e5d0 ConcurrentGCThread "G1 Main Marker" [stack: 0x0000002986100000,0x0000002986200000] [id=1564]
  0x0000022841964d40 ConcurrentGCThread "G1 Conc#0" [stack: 0x0000002986200000,0x0000002986300000] [id=13048]
  0x0000022802b03f80 ConcurrentGCThread "G1 Conc#1" [stack: 0x0000002988b00000,0x0000002988c00000] [id=17184]
  0x0000022802b031c0 ConcurrentGCThread "G1 Conc#2" [stack: 0x0000002988c00000,0x0000002988d00000] [id=17892]
  0x000002285f936380 ConcurrentGCThread "G1 Refine#0" [stack: 0x0000002986300000,0x0000002986400000] [id=19252]
  0x000002285f936a60 ConcurrentGCThread "G1 Service" [stack: 0x0000002986400000,0x0000002986500000] [id=16684]

Threads with active compile tasks:
C2 CompilerThread0    29516 12383       4       java.beans.MethodRef::set (58 bytes)
C2 CompilerThread1    29516 12433       4       org.gradle.internal.instantiation.generator.AbstractClassGenerator$$Lambda$133/0x00000228621bea40::test (12 bytes)
C2 CompilerThread2    29516 12435       4       org.gradle.internal.instantiation.generator.AbstractClassGenerator$ClassMetadata::property (42 bytes)

VM state: not at safepoint (normal execution)

VM Mutex/Monitor currently owned by a thread: None

Heap address: 0x0000000080000000, size: 2048 MB, Compressed Oops mode: 32-bit

CDS archive(s) mapped at: [0x0000022861000000-0x0000022861bb0000-0x0000022861bb0000), size 12255232, SharedBaseAddress: 0x0000022861000000, ArchiveRelocationMode: 1.
Compressed class space mapped at: 0x0000022862000000-0x000002287c000000, reserved size: 436207616
Narrow klass base: 0x0000022861000000, Narrow klass shift: 0, Narrow klass range: 0x100000000

GC Precious Log:
 CPUs: 12 total, 12 available
 Memory: 7597M
 Large Page Support: Disabled
 NUMA Support: Disabled
 Compressed Oops: Enabled (32-bit)
 Heap Region Size: 1M
 Heap Min Capacity: 8M
 Heap Initial Capacity: 120M
 Heap Max Capacity: 2G
 Pre-touch: Disabled
 Parallel Workers: 10
 Concurrent Workers: 3
 Concurrent Refinement Workers: 10
 Periodic GC: Disabled

Heap:
 garbage-first heap   total 258048K, used 205780K [0x0000000080000000, 0x0000000100000000)
  region size 1024K, 97 young (99328K), 5 survivors (5120K)
 Metaspace       used 93813K, committed 94720K, reserved 557056K
  class space    used 12895K, committed 13312K, reserved 425984K

Heap Regions: E=young(eden), S=young(survivor), O=old, HS=humongous(starts), HC=humongous(continues), CS=collection set, F=free, OA=open archive, CA=closed archive, TAMS=top-at-mark-start (previous, next)
|   0|0x0000000080000000, 0x0000000080100000, 0x0000000080100000|100%|HS|  |TAMS 0x0000000080100000, 0x0000000080000000| Complete 
|   1|0x0000000080100000, 0x0000000080200000, 0x0000000080200000|100%|HC|  |TAMS 0x0000000080200000, 0x0000000080100000| Complete 
|   2|0x0000000080200000, 0x0000000080300000, 0x0000000080300000|100%|HC|  |TAMS 0x0000000080300000, 0x0000000080200000| Complete 
|   3|0x0000000080300000, 0x0000000080400000, 0x0000000080400000|100%| O|  |TAMS 0x0000000080400000, 0x0000000080300000| Untracked 
|   4|0x0000000080400000, 0x0000000080500000, 0x0000000080500000|100%| O|  |TAMS 0x0000000080500000, 0x0000000080400000| Untracked 
|   5|0x0000000080500000, 0x0000000080600000, 0x0000000080600000|100%| O|  |TAMS 0x0000000080600000, 0x0000000080500000| Untracked 
|   6|0x0000000080600000, 0x0000000080700000, 0x0000000080700000|100%|HS|  |TAMS 0x0000000080700000, 0x0000000080600000| Complete 
|   7|0x0000000080700000, 0x0000000080800000, 0x0000000080800000|100%| O|  |TAMS 0x0000000080800000, 0x0000000080700000| Untracked 
|   8|0x0000000080800000, 0x0000000080900000, 0x0000000080900000|100%| O|  |TAMS 0x0000000080900000, 0x0000000080800000| Untracked 
|   9|0x0000000080900000, 0x0000000080a00000, 0x0000000080a00000|100%| O|  |TAMS 0x0000000080a00000, 0x0000000080900000| Untracked 
|  10|0x0000000080a00000, 0x0000000080b00000, 0x0000000080b00000|100%| O|  |TAMS 0x0000000080b00000, 0x0000000080a00000| Untracked 
|  11|0x0000000080b00000, 0x0000000080c00000, 0x0000000080c00000|100%| O|  |TAMS 0x0000000080c00000, 0x0000000080b00000| Untracked 
|  12|0x0000000080c00000, 0x0000000080d00000, 0x0000000080d00000|100%| O|  |TAMS 0x0000000080d00000, 0x0000000080c00000| Untracked 
|  13|0x0000000080d00000, 0x0000000080e00000, 0x0000000080e00000|100%| O|  |TAMS 0x0000000080e00000, 0x0000000080d00000| Untracked 
|  14|0x0000000080e00000, 0x0000000080f00000, 0x0000000080f00000|100%| O|  |TAMS 0x0000000080f00000, 0x0000000080e00000| Untracked 
|  15|0x0000000080f00000, 0x0000000081000000, 0x0000000081000000|100%| O|  |TAMS 0x0000000081000000, 0x0000000080f00000| Untracked 
|  16|0x0000000081000000, 0x0000000081100000, 0x0000000081100000|100%| O|  |TAMS 0x0000000081100000, 0x0000000081000000| Untracked 
|  17|0x0000000081100000, 0x0000000081200000, 0x0000000081200000|100%| O|  |TAMS 0x0000000081200000, 0x0000000081100000| Untracked 
|  18|0x0000000081200000, 0x0000000081300000, 0x0000000081300000|100%| O|  |TAMS 0x0000000081300000, 0x0000000081200000| Untracked 
|  19|0x0000000081300000, 0x0000000081400000, 0x0000000081400000|100%| O|  |TAMS 0x0000000081400000, 0x0000000081300000| Untracked 
|  20|0x0000000081400000, 0x0000000081487200, 0x0000000081500000| 52%| O|  |TAMS 0x0000000081487200, 0x0000000081400000| Untracked 
|  21|0x0000000081500000, 0x0000000081600000, 0x0000000081600000|100%| O|  |TAMS 0x0000000081600000, 0x0000000081500000| Untracked 
|  22|0x0000000081600000, 0x0000000081700000, 0x0000000081700000|100%| O|  |TAMS 0x0000000081700000, 0x0000000081600000| Untracked 
|  23|0x0000000081700000, 0x0000000081800000, 0x0000000081800000|100%| O|  |TAMS 0x0000000081800000, 0x0000000081700000| Untracked 
|  24|0x0000000081800000, 0x0000000081900000, 0x0000000081900000|100%| O|  |TAMS 0x0000000081900000, 0x0000000081800000| Untracked 
|  25|0x0000000081900000, 0x0000000081a00000, 0x0000000081a00000|100%| O|  |TAMS 0x0000000081a00000, 0x0000000081900000| Untracked 
|  26|0x0000000081a00000, 0x0000000081b00000, 0x0000000081b00000|100%| O|  |TAMS 0x0000000081b00000, 0x0000000081a00000| Untracked 
|  27|0x0000000081b00000, 0x0000000081c00000, 0x0000000081c00000|100%| O|  |TAMS 0x0000000081c00000, 0x0000000081b00000| Untracked 
|  28|0x0000000081c00000, 0x0000000081d00000, 0x0000000081d00000|100%| O|  |TAMS 0x0000000081d00000, 0x0000000081c00000| Untracked 
|  29|0x0000000081d00000, 0x0000000081e00000, 0x0000000081e00000|100%| O|  |TAMS 0x0000000081e00000, 0x0000000081d00000| Untracked 
|  30|0x0000000081e00000, 0x0000000081f00000, 0x0000000081f00000|100%| O|  |TAMS 0x0000000081f00000, 0x0000000081e00000| Untracked 
|  31|0x0000000081f00000, 0x0000000082000000, 0x0000000082000000|100%| O|  |TAMS 0x0000000082000000, 0x0000000081f00000| Untracked 
|  32|0x0000000082000000, 0x0000000082100000, 0x0000000082100000|100%|HS|  |TAMS 0x0000000082100000, 0x0000000082000000| Complete 
|  33|0x0000000082100000, 0x0000000082200000, 0x0000000082200000|100%|HC|  |TAMS 0x0000000082200000, 0x0000000082100000| Complete 
|  34|0x0000000082200000, 0x0000000082300000, 0x0000000082300000|100%| O|  |TAMS 0x0000000082300000, 0x0000000082200000| Untracked 
|  35|0x0000000082300000, 0x0000000082400000, 0x0000000082400000|100%| O|  |TAMS 0x0000000082400000, 0x0000000082300000| Untracked 
|  36|0x0000000082400000, 0x0000000082500000, 0x0000000082500000|100%| O|  |TAMS 0x0000000082500000, 0x0000000082400000| Untracked 
|  37|0x0000000082500000, 0x0000000082600000, 0x0000000082600000|100%| O|  |TAMS 0x0000000082600000, 0x0000000082500000| Untracked 
|  38|0x0000000082600000, 0x0000000082700000, 0x0000000082700000|100%| O|  |TAMS 0x0000000082700000, 0x0000000082600000| Untracked 
|  39|0x0000000082700000, 0x0000000082800000, 0x0000000082800000|100%|HS|  |TAMS 0x0000000082800000, 0x0000000082700000| Complete 
|  40|0x0000000082800000, 0x0000000082900000, 0x0000000082900000|100%|HC|  |TAMS 0x0000000082900000, 0x0000000082800000| Complete 
|  41|0x0000000082900000, 0x0000000082a00000, 0x0000000082a00000|100%|HC|  |TAMS 0x0000000082a00000, 0x0000000082900000| Complete 
|  42|0x0000000082a00000, 0x0000000082b00000, 0x0000000082b00000|100%|HS|  |TAMS 0x0000000082b00000, 0x0000000082a00000| Complete 
|  43|0x0000000082b00000, 0x0000000082c00000, 0x0000000082c00000|100%|HC|  |TAMS 0x0000000082c00000, 0x0000000082b00000| Complete 
|  44|0x0000000082c00000, 0x0000000082d00000, 0x0000000082d00000|100%| O|  |TAMS 0x0000000082d00000, 0x0000000082c00000| Untracked 
|  45|0x0000000082d00000, 0x0000000082e00000, 0x0000000082e00000|100%| O|  |TAMS 0x0000000082e00000, 0x0000000082d00000| Untracked 
|  46|0x0000000082e00000, 0x0000000082f00000, 0x0000000082f00000|100%| O|  |TAMS 0x0000000082f00000, 0x0000000082e00000| Untracked 
|  47|0x0000000082f00000, 0x0000000083000000, 0x0000000083000000|100%| O|  |TAMS 0x0000000083000000, 0x0000000082f00000| Untracked 
|  48|0x0000000083000000, 0x0000000083100000, 0x0000000083100000|100%| O|  |TAMS 0x0000000083100000, 0x0000000083000000| Untracked 
|  49|0x0000000083100000, 0x0000000083200000, 0x0000000083200000|100%| O|  |TAMS 0x0000000083200000, 0x0000000083100000| Untracked 
|  50|0x0000000083200000, 0x0000000083300000, 0x0000000083300000|100%| O|  |TAMS 0x0000000083200000, 0x0000000083200000| Untracked 
|  51|0x0000000083300000, 0x0000000083400000, 0x0000000083400000|100%| O|  |TAMS 0x0000000083400000, 0x0000000083300000| Untracked 
|  52|0x0000000083400000, 0x0000000083500000, 0x0000000083500000|100%| O|  |TAMS 0x0000000083500000, 0x0000000083400000| Untracked 
|  53|0x0000000083500000, 0x0000000083600000, 0x0000000083600000|100%|HS|  |TAMS 0x0000000083600000, 0x0000000083500000| Complete 
|  54|0x0000000083600000, 0x0000000083700000, 0x0000000083700000|100%|HC|  |TAMS 0x0000000083700000, 0x0000000083600000| Complete 
|  55|0x0000000083700000, 0x0000000083800000, 0x0000000083800000|100%|HC|  |TAMS 0x0000000083800000, 0x0000000083700000| Complete 
|  56|0x0000000083800000, 0x0000000083900000, 0x0000000083900000|100%| O|  |TAMS 0x0000000083900000, 0x0000000083800000| Untracked 
|  57|0x0000000083900000, 0x0000000083a00000, 0x0000000083a00000|100%| O|  |TAMS 0x0000000083a00000, 0x0000000083900000| Untracked 
|  58|0x0000000083a00000, 0x0000000083b00000, 0x0000000083b00000|100%| O|  |TAMS 0x0000000083b00000, 0x0000000083a00000| Untracked 
|  59|0x0000000083b00000, 0x0000000083c00000, 0x0000000083c00000|100%| O|  |TAMS 0x0000000083c00000, 0x0000000083b00000| Untracked 
|  60|0x0000000083c00000, 0x0000000083d00000, 0x0000000083d00000|100%| O|  |TAMS 0x0000000083d00000, 0x0000000083c00000| Untracked 
|  61|0x0000000083d00000, 0x0000000083e00000, 0x0000000083e00000|100%| O|  |TAMS 0x0000000083e00000, 0x0000000083d00000| Untracked 
|  62|0x0000000083e00000, 0x0000000083f00000, 0x0000000083f00000|100%| O|  |TAMS 0x0000000083f00000, 0x0000000083e00000| Untracked 
|  63|0x0000000083f00000, 0x0000000084000000, 0x0000000084000000|100%| O|  |TAMS 0x0000000084000000, 0x0000000083f00000| Untracked 
|  64|0x0000000084000000, 0x0000000084100000, 0x0000000084100000|100%|HS|  |TAMS 0x0000000084000000, 0x0000000084000000| Complete 
|  65|0x0000000084100000, 0x0000000084200000, 0x0000000084200000|100%|HS|  |TAMS 0x0000000084100000, 0x0000000084100000| Complete 
|  66|0x0000000084200000, 0x0000000084300000, 0x0000000084300000|100%| O|  |TAMS 0x0000000084300000, 0x0000000084200000| Untracked 
|  67|0x0000000084300000, 0x0000000084400000, 0x0000000084400000|100%| O|  |TAMS 0x0000000084400000, 0x0000000084300000| Untracked 
|  68|0x0000000084400000, 0x0000000084500000, 0x0000000084500000|100%| O|  |TAMS 0x0000000084500000, 0x0000000084400000| Untracked 
|  69|0x0000000084500000, 0x0000000084600000, 0x0000000084600000|100%| O|  |TAMS 0x0000000084600000, 0x0000000084500000| Untracked 
|  70|0x0000000084600000, 0x0000000084700000, 0x0000000084700000|100%| O|  |TAMS 0x0000000084700000, 0x0000000084600000| Untracked 
|  71|0x0000000084700000, 0x0000000084800000, 0x0000000084800000|100%| O|  |TAMS 0x0000000084800000, 0x0000000084700000| Untracked 
|  72|0x0000000084800000, 0x0000000084900000, 0x0000000084900000|100%| O|  |TAMS 0x0000000084836800, 0x0000000084800000| Untracked 
|  73|0x0000000084900000, 0x0000000084a00000, 0x0000000084a00000|100%| O|  |TAMS 0x0000000084900000, 0x0000000084900000| Untracked 
|  74|0x0000000084a00000, 0x0000000084b00000, 0x0000000084b00000|100%| O|  |TAMS 0x0000000084a00000, 0x0000000084a00000| Untracked 
|  75|0x0000000084b00000, 0x0000000084c00000, 0x0000000084c00000|100%| O|  |TAMS 0x0000000084b00000, 0x0000000084b00000| Untracked 
|  76|0x0000000084c00000, 0x0000000084d00000, 0x0000000084d00000|100%| O|  |TAMS 0x0000000084c00000, 0x0000000084c00000| Untracked 
|  77|0x0000000084d00000, 0x0000000084e00000, 0x0000000084e00000|100%| O|  |TAMS 0x0000000084d00000, 0x0000000084d00000| Untracked 
|  78|0x0000000084e00000, 0x0000000084f00000, 0x0000000084f00000|100%| O|  |TAMS 0x0000000084e00000, 0x0000000084e00000| Untracked 
|  79|0x0000000084f00000, 0x0000000085000000, 0x0000000085000000|100%| O|  |TAMS 0x0000000084f00000, 0x0000000084f00000| Untracked 
|  80|0x0000000085000000, 0x0000000085100000, 0x0000000085100000|100%| O|  |TAMS 0x0000000085000000, 0x0000000085000000| Untracked 
|  81|0x0000000085100000, 0x0000000085200000, 0x0000000085200000|100%| O|  |TAMS 0x0000000085100000, 0x0000000085100000| Untracked 
|  82|0x0000000085200000, 0x0000000085300000, 0x0000000085300000|100%|HS|  |TAMS 0x0000000085200000, 0x0000000085200000| Complete 
|  83|0x0000000085300000, 0x0000000085400000, 0x0000000085400000|100%|HS|  |TAMS 0x0000000085300000, 0x0000000085300000| Complete 
|  84|0x0000000085400000, 0x0000000085500000, 0x0000000085500000|100%| O|  |TAMS 0x0000000085400000, 0x0000000085400000| Untracked 
|  85|0x0000000085500000, 0x0000000085600000, 0x0000000085600000|100%|HS|  |TAMS 0x0000000085500000, 0x0000000085500000| Complete 
|  86|0x0000000085600000, 0x0000000085700000, 0x0000000085700000|100%|HS|  |TAMS 0x0000000085600000, 0x0000000085600000| Complete 
|  87|0x0000000085700000, 0x0000000085800000, 0x0000000085800000|100%|HS|  |TAMS 0x0000000085700000, 0x0000000085700000| Complete 
|  88|0x0000000085800000, 0x0000000085900000, 0x0000000085900000|100%|HC|  |TAMS 0x0000000085800000, 0x0000000085800000| Complete 
|  89|0x0000000085900000, 0x0000000085a00000, 0x0000000085a00000|100%| O|  |TAMS 0x0000000085900000, 0x0000000085900000| Untracked 
|  90|0x0000000085a00000, 0x0000000085b00000, 0x0000000085b00000|100%|HS|  |TAMS 0x0000000085a00000, 0x0000000085a00000| Complete 
|  91|0x0000000085b00000, 0x0000000085c00000, 0x0000000085c00000|100%| O|  |TAMS 0x0000000085b00000, 0x0000000085b00000| Untracked 
|  92|0x0000000085c00000, 0x0000000085d00000, 0x0000000085d00000|100%| O|  |TAMS 0x0000000085c00000, 0x0000000085c00000| Untracked 
|  93|0x0000000085d00000, 0x0000000085e00000, 0x0000000085e00000|100%| O|  |TAMS 0x0000000085d00000, 0x0000000085d00000| Untracked 
|  94|0x0000000085e00000, 0x0000000085f00000, 0x0000000085f00000|100%| O|  |TAMS 0x0000000085e00000, 0x0000000085e00000| Untracked 
|  95|0x0000000085f00000, 0x0000000086000000, 0x0000000086000000|100%| O|  |TAMS 0x0000000085f00000, 0x0000000085f00000| Untracked 
|  96|0x0000000086000000, 0x0000000086100000, 0x0000000086100000|100%| O|  |TAMS 0x0000000086000000, 0x0000000086000000| Untracked 
|  97|0x0000000086100000, 0x0000000086200000, 0x0000000086200000|100%| O|  |TAMS 0x0000000086100000, 0x0000000086100000| Untracked 
|  98|0x0000000086200000, 0x0000000086300000, 0x0000000086300000|100%| O|  |TAMS 0x0000000086200000, 0x0000000086200000| Untracked 
|  99|0x0000000086300000, 0x0000000086400000, 0x0000000086400000|100%| O|  |TAMS 0x0000000086300000, 0x0000000086300000| Untracked 
| 100|0x0000000086400000, 0x0000000086500000, 0x0000000086500000|100%| O|  |TAMS 0x0000000086400000, 0x0000000086400000| Untracked 
| 101|0x0000000086500000, 0x0000000086600000, 0x0000000086600000|100%| O|  |TAMS 0x0000000086500000, 0x0000000086500000| Untracked 
| 102|0x0000000086600000, 0x0000000086700000, 0x0000000086700000|100%| O|  |TAMS 0x0000000086600000, 0x0000000086600000| Untracked 
| 103|0x0000000086700000, 0x0000000086800000, 0x0000000086800000|100%| O|  |TAMS 0x0000000086700000, 0x0000000086700000| Untracked 
| 104|0x0000000086800000, 0x0000000086900000, 0x0000000086900000|100%| O|  |TAMS 0x0000000086800000, 0x0000000086800000| Untracked 
| 105|0x0000000086900000, 0x00000000869f1a00, 0x0000000086a00000| 94%| O|  |TAMS 0x0000000086900000, 0x0000000086900000| Untracked 
| 106|0x0000000086a00000, 0x0000000086a00000, 0x0000000086b00000|  0%| F|  |TAMS 0x0000000086a00000, 0x0000000086a00000| Untracked 
| 107|0x0000000086b00000, 0x0000000086b00000, 0x0000000086c00000|  0%| F|  |TAMS 0x0000000086b00000, 0x0000000086b00000| Untracked 
| 108|0x0000000086c00000, 0x0000000086c00000, 0x0000000086d00000|  0%| F|  |TAMS 0x0000000086c00000, 0x0000000086c00000| Untracked 
| 109|0x0000000086d00000, 0x0000000086d00000, 0x0000000086e00000|  0%| F|  |TAMS 0x0000000086d00000, 0x0000000086d00000| Untracked 
| 110|0x0000000086e00000, 0x0000000086e00000, 0x0000000086f00000|  0%| F|  |TAMS 0x0000000086e00000, 0x0000000086e00000| Untracked 
| 111|0x0000000086f00000, 0x0000000086f00000, 0x0000000087000000|  0%| F|  |TAMS 0x0000000086f00000, 0x0000000086f00000| Untracked 
| 112|0x0000000087000000, 0x0000000087000000, 0x0000000087100000|  0%| F|  |TAMS 0x0000000087000000, 0x0000000087000000| Untracked 
| 113|0x0000000087100000, 0x0000000087100000, 0x0000000087200000|  0%| F|  |TAMS 0x0000000087100000, 0x0000000087100000| Untracked 
| 114|0x0000000087200000, 0x0000000087200000, 0x0000000087300000|  0%| F|  |TAMS 0x0000000087200000, 0x0000000087200000| Untracked 
| 115|0x0000000087300000, 0x0000000087300000, 0x0000000087400000|  0%| F|  |TAMS 0x0000000087300000, 0x0000000087300000| Untracked 
| 116|0x0000000087400000, 0x0000000087400000, 0x0000000087500000|  0%| F|  |TAMS 0x0000000087400000, 0x0000000087400000| Untracked 
| 117|0x0000000087500000, 0x0000000087500000, 0x0000000087600000|  0%| F|  |TAMS 0x0000000087500000, 0x0000000087500000| Untracked 
| 118|0x0000000087600000, 0x0000000087600000, 0x0000000087700000|  0%| F|  |TAMS 0x0000000087600000, 0x0000000087600000| Untracked 
| 119|0x0000000087700000, 0x0000000087700000, 0x0000000087800000|  0%| F|  |TAMS 0x0000000087700000, 0x0000000087700000| Untracked 
| 120|0x0000000087800000, 0x0000000087800000, 0x0000000087900000|  0%| F|  |TAMS 0x0000000087800000, 0x0000000087800000| Untracked 
| 121|0x0000000087900000, 0x0000000087900000, 0x0000000087a00000|  0%| F|  |TAMS 0x0000000087900000, 0x0000000087900000| Untracked 
| 122|0x0000000087a00000, 0x0000000087a00000, 0x0000000087b00000|  0%| F|  |TAMS 0x0000000087a00000, 0x0000000087a00000| Untracked 
| 123|0x0000000087b00000, 0x0000000087b00000, 0x0000000087c00000|  0%| F|  |TAMS 0x0000000087b00000, 0x0000000087b00000| Untracked 
| 124|0x0000000087c00000, 0x0000000087c00000, 0x0000000087d00000|  0%| F|  |TAMS 0x0000000087c00000, 0x0000000087c00000| Untracked 
| 125|0x0000000087d00000, 0x0000000087d00000, 0x0000000087e00000|  0%| F|  |TAMS 0x0000000087d00000, 0x0000000087d00000| Untracked 
| 126|0x0000000087e00000, 0x0000000087e00000, 0x0000000087f00000|  0%| F|  |TAMS 0x0000000087e00000, 0x0000000087e00000| Untracked 
| 127|0x0000000087f00000, 0x0000000087f00000, 0x0000000088000000|  0%| F|  |TAMS 0x0000000087f00000, 0x0000000087f00000| Untracked 
| 128|0x0000000088000000, 0x0000000088000000, 0x0000000088100000|  0%| F|  |TAMS 0x0000000088000000, 0x0000000088000000| Untracked 
| 129|0x0000000088100000, 0x0000000088100000, 0x0000000088200000|  0%| F|  |TAMS 0x0000000088100000, 0x0000000088100000| Untracked 
| 130|0x0000000088200000, 0x0000000088200000, 0x0000000088300000|  0%| F|  |TAMS 0x0000000088200000, 0x0000000088200000| Untracked 
| 131|0x0000000088300000, 0x0000000088300000, 0x0000000088400000|  0%| F|  |TAMS 0x0000000088300000, 0x0000000088300000| Untracked 
| 132|0x0000000088400000, 0x0000000088400000, 0x0000000088500000|  0%| F|  |TAMS 0x0000000088400000, 0x0000000088400000| Untracked 
| 133|0x0000000088500000, 0x0000000088500000, 0x0000000088600000|  0%| F|  |TAMS 0x0000000088500000, 0x0000000088500000| Untracked 
| 134|0x0000000088600000, 0x0000000088600000, 0x0000000088700000|  0%| F|  |TAMS 0x0000000088600000, 0x0000000088600000| Untracked 
| 135|0x0000000088700000, 0x0000000088700000, 0x0000000088800000|  0%| F|  |TAMS 0x0000000088700000, 0x0000000088700000| Untracked 
| 136|0x0000000088800000, 0x0000000088800000, 0x0000000088900000|  0%| F|  |TAMS 0x0000000088800000, 0x0000000088800000| Untracked 
| 137|0x0000000088900000, 0x0000000088900000, 0x0000000088a00000|  0%| F|  |TAMS 0x0000000088900000, 0x0000000088900000| Untracked 
| 138|0x0000000088a00000, 0x0000000088a00000, 0x0000000088b00000|  0%| F|  |TAMS 0x0000000088a00000, 0x0000000088a00000| Untracked 
| 139|0x0000000088b00000, 0x0000000088b00000, 0x0000000088c00000|  0%| F|  |TAMS 0x0000000088b00000, 0x0000000088b00000| Untracked 
| 140|0x0000000088c00000, 0x0000000088c00000, 0x0000000088d00000|  0%| F|  |TAMS 0x0000000088c00000, 0x0000000088c00000| Untracked 
| 141|0x0000000088d00000, 0x0000000088d00000, 0x0000000088e00000|  0%| F|  |TAMS 0x0000000088d00000, 0x0000000088d00000| Untracked 
| 142|0x0000000088e00000, 0x0000000088e00000, 0x0000000088f00000|  0%| F|  |TAMS 0x0000000088e00000, 0x0000000088e00000| Untracked 
| 143|0x0000000088f00000, 0x0000000088f00000, 0x0000000089000000|  0%| F|  |TAMS 0x0000000088f00000, 0x0000000088f00000| Untracked 
| 144|0x0000000089000000, 0x0000000089000000, 0x0000000089100000|  0%| F|  |TAMS 0x0000000089000000, 0x0000000089000000| Untracked 
| 145|0x0000000089100000, 0x000000008917c660, 0x0000000089200000| 48%| S|CS|TAMS 0x0000000089100000, 0x0000000089100000| Complete 
| 146|0x0000000089200000, 0x0000000089200000, 0x0000000089300000|  0%| F|  |TAMS 0x0000000089200000, 0x0000000089200000| Untracked 
| 147|0x0000000089300000, 0x0000000089300000, 0x0000000089400000|  0%| F|  |TAMS 0x0000000089300000, 0x0000000089300000| Untracked 
| 148|0x0000000089400000, 0x0000000089400000, 0x0000000089500000|  0%| F|  |TAMS 0x0000000089400000, 0x0000000089400000| Untracked 
| 149|0x0000000089500000, 0x0000000089500000, 0x0000000089600000|  0%| F|  |TAMS 0x0000000089500000, 0x0000000089500000| Untracked 
| 150|0x0000000089600000, 0x0000000089600000, 0x0000000089700000|  0%| F|  |TAMS 0x0000000089600000, 0x0000000089600000| Untracked 
| 151|0x0000000089700000, 0x0000000089700000, 0x0000000089800000|  0%| F|  |TAMS 0x0000000089700000, 0x0000000089700000| Untracked 
| 152|0x0000000089800000, 0x0000000089800000, 0x0000000089900000|  0%| F|  |TAMS 0x0000000089800000, 0x0000000089800000| Untracked 
| 153|0x0000000089900000, 0x0000000089900000, 0x0000000089a00000|  0%| F|  |TAMS 0x0000000089900000, 0x0000000089900000| Untracked 
| 154|0x0000000089a00000, 0x0000000089b00000, 0x0000000089b00000|100%| S|CS|TAMS 0x0000000089a00000, 0x0000000089a00000| Complete 
| 155|0x0000000089b00000, 0x0000000089c00000, 0x0000000089c00000|100%| S|CS|TAMS 0x0000000089b00000, 0x0000000089b00000| Complete 
| 156|0x0000000089c00000, 0x0000000089d00000, 0x0000000089d00000|100%| S|CS|TAMS 0x0000000089c00000, 0x0000000089c00000| Complete 
| 157|0x0000000089d00000, 0x0000000089e00000, 0x0000000089e00000|100%| S|CS|TAMS 0x0000000089d00000, 0x0000000089d00000| Complete 
| 158|0x0000000089e00000, 0x0000000089e00000, 0x0000000089f00000|  0%| F|  |TAMS 0x0000000089e00000, 0x0000000089e00000| Untracked 
| 159|0x0000000089f00000, 0x0000000089f00000, 0x000000008a000000|  0%| F|  |TAMS 0x0000000089f00000, 0x0000000089f00000| Untracked 
| 160|0x000000008a000000, 0x000000008a088d00, 0x000000008a100000| 53%| E|  |TAMS 0x000000008a000000, 0x000000008a000000| Complete 
| 161|0x000000008a100000, 0x000000008a200000, 0x000000008a200000|100%| E|CS|TAMS 0x000000008a100000, 0x000000008a100000| Complete 
| 162|0x000000008a200000, 0x000000008a300000, 0x000000008a300000|100%| E|CS|TAMS 0x000000008a200000, 0x000000008a200000| Complete 
| 163|0x000000008a300000, 0x000000008a400000, 0x000000008a400000|100%| E|CS|TAMS 0x000000008a300000, 0x000000008a300000| Complete 
| 164|0x000000008a400000, 0x000000008a500000, 0x000000008a500000|100%| E|CS|TAMS 0x000000008a400000, 0x000000008a400000| Complete 
| 165|0x000000008a500000, 0x000000008a600000, 0x000000008a600000|100%| E|CS|TAMS 0x000000008a500000, 0x000000008a500000| Complete 
| 166|0x000000008a600000, 0x000000008a700000, 0x000000008a700000|100%| E|CS|TAMS 0x000000008a600000, 0x000000008a600000| Complete 
| 167|0x000000008a700000, 0x000000008a800000, 0x000000008a800000|100%| E|CS|TAMS 0x000000008a700000, 0x000000008a700000| Complete 
| 168|0x000000008a800000, 0x000000008a900000, 0x000000008a900000|100%| E|CS|TAMS 0x000000008a800000, 0x000000008a800000| Complete 
| 169|0x000000008a900000, 0x000000008aa00000, 0x000000008aa00000|100%| E|CS|TAMS 0x000000008a900000, 0x000000008a900000| Complete 
| 170|0x000000008aa00000, 0x000000008ab00000, 0x000000008ab00000|100%| E|CS|TAMS 0x000000008aa00000, 0x000000008aa00000| Complete 
| 171|0x000000008ab00000, 0x000000008ac00000, 0x000000008ac00000|100%| E|CS|TAMS 0x000000008ab00000, 0x000000008ab00000| Complete 
| 172|0x000000008ac00000, 0x000000008ad00000, 0x000000008ad00000|100%| E|CS|TAMS 0x000000008ac00000, 0x000000008ac00000| Complete 
| 173|0x000000008ad00000, 0x000000008ae00000, 0x000000008ae00000|100%| E|CS|TAMS 0x000000008ad00000, 0x000000008ad00000| Complete 
| 174|0x000000008ae00000, 0x000000008af00000, 0x000000008af00000|100%| E|CS|TAMS 0x000000008ae00000, 0x000000008ae00000| Complete 
| 175|0x000000008af00000, 0x000000008b000000, 0x000000008b000000|100%| E|CS|TAMS 0x000000008af00000, 0x000000008af00000| Complete 
| 176|0x000000008b000000, 0x000000008b100000, 0x000000008b100000|100%| E|CS|TAMS 0x000000008b000000, 0x000000008b000000| Complete 
| 177|0x000000008b100000, 0x000000008b200000, 0x000000008b200000|100%| E|CS|TAMS 0x000000008b100000, 0x000000008b100000| Complete 
| 178|0x000000008b200000, 0x000000008b300000, 0x000000008b300000|100%| E|CS|TAMS 0x000000008b200000, 0x000000008b200000| Complete 
| 179|0x000000008b300000, 0x000000008b400000, 0x000000008b400000|100%| E|CS|TAMS 0x000000008b300000, 0x000000008b300000| Complete 
| 180|0x000000008b400000, 0x000000008b500000, 0x000000008b500000|100%| E|CS|TAMS 0x000000008b400000, 0x000000008b400000| Complete 
| 181|0x000000008b500000, 0x000000008b600000, 0x000000008b600000|100%| E|CS|TAMS 0x000000008b500000, 0x000000008b500000| Complete 
| 182|0x000000008b600000, 0x000000008b700000, 0x000000008b700000|100%| E|CS|TAMS 0x000000008b600000, 0x000000008b600000| Complete 
| 183|0x000000008b700000, 0x000000008b800000, 0x000000008b800000|100%| E|CS|TAMS 0x000000008b700000, 0x000000008b700000| Complete 
| 184|0x000000008b800000, 0x000000008b900000, 0x000000008b900000|100%| E|CS|TAMS 0x000000008b800000, 0x000000008b800000| Complete 
| 185|0x000000008b900000, 0x000000008ba00000, 0x000000008ba00000|100%| E|CS|TAMS 0x000000008b900000, 0x000000008b900000| Complete 
| 186|0x000000008ba00000, 0x000000008bb00000, 0x000000008bb00000|100%| E|CS|TAMS 0x000000008ba00000, 0x000000008ba00000| Complete 
| 187|0x000000008bb00000, 0x000000008bc00000, 0x000000008bc00000|100%| E|CS|TAMS 0x000000008bb00000, 0x000000008bb00000| Complete 
| 188|0x000000008bc00000, 0x000000008bd00000, 0x000000008bd00000|100%| E|CS|TAMS 0x000000008bc00000, 0x000000008bc00000| Complete 
| 189|0x000000008bd00000, 0x000000008be00000, 0x000000008be00000|100%| E|CS|TAMS 0x000000008bd00000, 0x000000008bd00000| Complete 
| 190|0x000000008be00000, 0x000000008bf00000, 0x000000008bf00000|100%| E|CS|TAMS 0x000000008be00000, 0x000000008be00000| Complete 
| 191|0x000000008bf00000, 0x000000008c000000, 0x000000008c000000|100%| E|CS|TAMS 0x000000008bf00000, 0x000000008bf00000| Complete 
| 192|0x000000008c000000, 0x000000008c100000, 0x000000008c100000|100%| E|CS|TAMS 0x000000008c000000, 0x000000008c000000| Complete 
| 193|0x000000008c100000, 0x000000008c200000, 0x000000008c200000|100%| E|CS|TAMS 0x000000008c100000, 0x000000008c100000| Complete 
| 194|0x000000008c200000, 0x000000008c300000, 0x000000008c300000|100%| E|CS|TAMS 0x000000008c200000, 0x000000008c200000| Complete 
| 195|0x000000008c300000, 0x000000008c400000, 0x000000008c400000|100%| E|CS|TAMS 0x000000008c300000, 0x000000008c300000| Complete 
| 196|0x000000008c400000, 0x000000008c500000, 0x000000008c500000|100%| E|CS|TAMS 0x000000008c400000, 0x000000008c400000| Complete 
| 197|0x000000008c500000, 0x000000008c600000, 0x000000008c600000|100%| E|CS|TAMS 0x000000008c500000, 0x000000008c500000| Complete 
| 198|0x000000008c600000, 0x000000008c700000, 0x000000008c700000|100%| E|CS|TAMS 0x000000008c600000, 0x000000008c600000| Complete 
| 199|0x000000008c700000, 0x000000008c800000, 0x000000008c800000|100%| E|CS|TAMS 0x000000008c700000, 0x000000008c700000| Complete 
| 200|0x000000008c800000, 0x000000008c900000, 0x000000008c900000|100%| E|CS|TAMS 0x000000008c800000, 0x000000008c800000| Complete 
| 201|0x000000008c900000, 0x000000008ca00000, 0x000000008ca00000|100%| E|CS|TAMS 0x000000008c900000, 0x000000008c900000| Complete 
| 202|0x000000008ca00000, 0x000000008cb00000, 0x000000008cb00000|100%| E|CS|TAMS 0x000000008ca00000, 0x000000008ca00000| Complete 
| 203|0x000000008cb00000, 0x000000008cc00000, 0x000000008cc00000|100%| E|CS|TAMS 0x000000008cb00000, 0x000000008cb00000| Complete 
| 204|0x000000008cc00000, 0x000000008cd00000, 0x000000008cd00000|100%| E|CS|TAMS 0x000000008cc00000, 0x000000008cc00000| Complete 
| 205|0x000000008cd00000, 0x000000008ce00000, 0x000000008ce00000|100%| E|CS|TAMS 0x000000008cd00000, 0x000000008cd00000| Complete 
| 206|0x000000008ce00000, 0x000000008cf00000, 0x000000008cf00000|100%| E|CS|TAMS 0x000000008ce00000, 0x000000008ce00000| Complete 
| 207|0x000000008cf00000, 0x000000008d000000, 0x000000008d000000|100%| E|CS|TAMS 0x000000008cf00000, 0x000000008cf00000| Complete 
| 208|0x000000008d000000, 0x000000008d100000, 0x000000008d100000|100%| E|CS|TAMS 0x000000008d000000, 0x000000008d000000| Complete 
| 209|0x000000008d100000, 0x000000008d200000, 0x000000008d200000|100%| E|CS|TAMS 0x000000008d100000, 0x000000008d100000| Complete 
| 210|0x000000008d200000, 0x000000008d300000, 0x000000008d300000|100%| E|CS|TAMS 0x000000008d200000, 0x000000008d200000| Complete 
| 211|0x000000008d300000, 0x000000008d400000, 0x000000008d400000|100%| E|CS|TAMS 0x000000008d300000, 0x000000008d300000| Complete 
| 212|0x000000008d400000, 0x000000008d500000, 0x000000008d500000|100%| E|CS|TAMS 0x000000008d400000, 0x000000008d400000| Complete 
| 213|0x000000008d500000, 0x000000008d600000, 0x000000008d600000|100%| E|CS|TAMS 0x000000008d500000, 0x000000008d500000| Complete 
| 214|0x000000008d600000, 0x000000008d700000, 0x000000008d700000|100%| E|CS|TAMS 0x000000008d600000, 0x000000008d600000| Complete 
| 215|0x000000008d700000, 0x000000008d800000, 0x000000008d800000|100%| E|CS|TAMS 0x000000008d700000, 0x000000008d700000| Complete 
| 216|0x000000008d800000, 0x000000008d900000, 0x000000008d900000|100%| E|CS|TAMS 0x000000008d800000, 0x000000008d800000| Complete 
| 217|0x000000008d900000, 0x000000008da00000, 0x000000008da00000|100%| E|CS|TAMS 0x000000008d900000, 0x000000008d900000| Complete 
| 218|0x000000008da00000, 0x000000008db00000, 0x000000008db00000|100%| E|CS|TAMS 0x000000008da00000, 0x000000008da00000| Complete 
| 219|0x000000008db00000, 0x000000008dc00000, 0x000000008dc00000|100%| E|CS|TAMS 0x000000008db00000, 0x000000008db00000| Complete 
| 220|0x000000008dc00000, 0x000000008dd00000, 0x000000008dd00000|100%| E|CS|TAMS 0x000000008dc00000, 0x000000008dc00000| Complete 
| 221|0x000000008dd00000, 0x000000008de00000, 0x000000008de00000|100%| E|CS|TAMS 0x000000008dd00000, 0x000000008dd00000| Complete 
| 222|0x000000008de00000, 0x000000008df00000, 0x000000008df00000|100%| E|CS|TAMS 0x000000008de00000, 0x000000008de00000| Complete 
| 223|0x000000008df00000, 0x000000008e000000, 0x000000008e000000|100%| E|CS|TAMS 0x000000008df00000, 0x000000008df00000| Complete 
| 224|0x000000008e000000, 0x000000008e100000, 0x000000008e100000|100%| E|CS|TAMS 0x000000008e000000, 0x000000008e000000| Complete 
| 225|0x000000008e100000, 0x000000008e200000, 0x000000008e200000|100%| E|CS|TAMS 0x000000008e100000, 0x000000008e100000| Complete 
| 226|0x000000008e200000, 0x000000008e300000, 0x000000008e300000|100%| E|CS|TAMS 0x000000008e200000, 0x000000008e200000| Complete 
| 227|0x000000008e300000, 0x000000008e400000, 0x000000008e400000|100%| E|CS|TAMS 0x000000008e300000, 0x000000008e300000| Complete 
| 228|0x000000008e400000, 0x000000008e500000, 0x000000008e500000|100%| E|CS|TAMS 0x000000008e400000, 0x000000008e400000| Complete 
| 229|0x000000008e500000, 0x000000008e600000, 0x000000008e600000|100%| E|CS|TAMS 0x000000008e500000, 0x000000008e500000| Complete 
| 230|0x000000008e600000, 0x000000008e700000, 0x000000008e700000|100%| E|CS|TAMS 0x000000008e600000, 0x000000008e600000| Complete 
| 231|0x000000008e700000, 0x000000008e800000, 0x000000008e800000|100%| E|CS|TAMS 0x000000008e700000, 0x000000008e700000| Complete 
| 232|0x000000008e800000, 0x000000008e900000, 0x000000008e900000|100%| E|CS|TAMS 0x000000008e800000, 0x000000008e800000| Complete 
| 233|0x000000008e900000, 0x000000008ea00000, 0x000000008ea00000|100%| E|CS|TAMS 0x000000008e900000, 0x000000008e900000| Complete 
| 234|0x000000008ea00000, 0x000000008eb00000, 0x000000008eb00000|100%| E|CS|TAMS 0x000000008ea00000, 0x000000008ea00000| Complete 
| 235|0x000000008eb00000, 0x000000008ec00000, 0x000000008ec00000|100%| E|CS|TAMS 0x000000008eb00000, 0x000000008eb00000| Complete 
| 236|0x000000008ec00000, 0x000000008ed00000, 0x000000008ed00000|100%| E|CS|TAMS 0x000000008ec00000, 0x000000008ec00000| Complete 
| 237|0x000000008ed00000, 0x000000008ee00000, 0x000000008ee00000|100%| E|CS|TAMS 0x000000008ed00000, 0x000000008ed00000| Complete 
| 238|0x000000008ee00000, 0x000000008ef00000, 0x000000008ef00000|100%| E|CS|TAMS 0x000000008ee00000, 0x000000008ee00000| Complete 
| 239|0x000000008ef00000, 0x000000008f000000, 0x000000008f000000|100%| E|CS|TAMS 0x000000008ef00000, 0x000000008ef00000| Complete 
| 240|0x000000008f000000, 0x000000008f100000, 0x000000008f100000|100%| E|CS|TAMS 0x000000008f000000, 0x000000008f000000| Complete 
| 241|0x000000008f100000, 0x000000008f200000, 0x000000008f200000|100%| E|CS|TAMS 0x000000008f100000, 0x000000008f100000| Complete 
| 242|0x000000008f200000, 0x000000008f300000, 0x000000008f300000|100%| E|CS|TAMS 0x000000008f200000, 0x000000008f200000| Complete 
| 243|0x000000008f300000, 0x000000008f400000, 0x000000008f400000|100%| E|CS|TAMS 0x000000008f300000, 0x000000008f300000| Complete 
| 244|0x000000008f400000, 0x000000008f500000, 0x000000008f500000|100%| E|CS|TAMS 0x000000008f400000, 0x000000008f400000| Complete 
| 245|0x000000008f500000, 0x000000008f600000, 0x000000008f600000|100%| E|CS|TAMS 0x000000008f500000, 0x000000008f500000| Complete 
| 246|0x000000008f600000, 0x000000008f700000, 0x000000008f700000|100%| E|CS|TAMS 0x000000008f600000, 0x000000008f600000| Complete 
| 247|0x000000008f700000, 0x000000008f800000, 0x000000008f800000|100%| E|CS|TAMS 0x000000008f700000, 0x000000008f700000| Complete 
| 248|0x000000008f800000, 0x000000008f900000, 0x000000008f900000|100%| E|CS|TAMS 0x000000008f800000, 0x000000008f800000| Complete 
| 249|0x000000008f900000, 0x000000008fa00000, 0x000000008fa00000|100%| E|CS|TAMS 0x000000008f900000, 0x000000008f900000| Complete 
| 250|0x000000008fa00000, 0x000000008fb00000, 0x000000008fb00000|100%| E|CS|TAMS 0x000000008fa00000, 0x000000008fa00000| Complete 
| 251|0x000000008fb00000, 0x000000008fc00000, 0x000000008fc00000|100%| E|CS|TAMS 0x000000008fb00000, 0x000000008fb00000| Complete 

Card table byte_map: [0x0000022858d90000,0x0000022859190000] _byte_map_base: 0x0000022858990000

Marking Bits (Prev, Next): (CMBitMap*) 0x000002283f63dd10, (CMBitMap*) 0x000002283f63dcd0
 Prev Bits: [0x000002285b590000, 0x000002285d590000)
 Next Bits: [0x0000022859590000, 0x000002285b590000)

Polling page: 0x000002283fa90000

Metaspace:

Usage:
  Non-class:     79.02 MB used.
      Class:     12.59 MB used.
       Both:     91.62 MB used.

Virtual space:
  Non-class space:      128.00 MB reserved,      79.50 MB ( 62%) committed,  2 nodes.
      Class space:      416.00 MB reserved,      13.00 MB (  3%) committed,  1 nodes.
             Both:      544.00 MB reserved,      92.50 MB ( 17%) committed. 

Chunk freelists:
   Non-Class:  288.00 KB
       Class:  2.94 MB
        Both:  3.22 MB

MaxMetaspaceSize: 512.00 MB
CompressedClassSpaceSize: 416.00 MB
Initial GC threshold: 21.00 MB
Current GC threshold: 120.25 MB
CDS: on
MetaspaceReclaimPolicy: balanced
 - commit_granule_bytes: 65536.
 - commit_granule_words: 8192.
 - virtual_space_node_default_size: 8388608.
 - enlarge_chunks_in_place: 1.
 - new_chunks_are_fully_committed: 0.
 - uncommit_free_chunks: 1.
 - use_allocation_guard: 0.
 - handle_deallocations: 1.


Internal statistics:

num_allocs_failed_limit: 9.
num_arena_births: 1284.
num_arena_deaths: 0.
num_vsnodes_births: 3.
num_vsnodes_deaths: 0.
num_space_committed: 1480.
num_space_uncommitted: 0.
num_chunks_returned_to_freelist: 9.
num_chunks_taken_from_freelist: 5418.
num_chunk_merges: 9.
num_chunk_splits: 3509.
num_chunks_enlarged: 2216.
num_inconsistent_stats: 0.

CodeHeap 'non-profiled nmethods': size=120000Kb used=6698Kb max_used=6698Kb free=113301Kb
 bounds [0x0000022850f10000, 0x00000228515a0000, 0x0000022858440000]
CodeHeap 'profiled nmethods': size=120000Kb used=21149Kb max_used=21149Kb free=98850Kb
 bounds [0x0000022849440000, 0x000002284a8f0000, 0x0000022850970000]
CodeHeap 'non-nmethods': size=5760Kb used=2396Kb max_used=2452Kb free=3363Kb
 bounds [0x0000022850970000, 0x0000022850be0000, 0x0000022850f10000]
 total_blobs=11737 nmethods=10805 adapters=844
 compilation: enabled
              stopped_count=0, restarted_count=0
 full_count=0

Compilation events (20 events):
Event: 28.402 Thread 0x00000228029cb890 nmethod 12425 0x000002285158a010 code [0x000002285158a1a0, 0x000002285158a2f8]
Event: 28.402 Thread 0x00000228029cb890 12416       4       com.google.common.cache.LocalCache$LoadingValueReference::notifyNewValue (21 bytes)
Event: 28.405 Thread 0x00000228029cb890 nmethod 12416 0x000002285158a410 code [0x000002285158a5a0, 0x000002285158a8b8]
Event: 28.405 Thread 0x00000228029cb890 12417       4       com.google.common.util.concurrent.AbstractFuture::getDoneValue (57 bytes)
Event: 28.406 Thread 0x00000228029cb890 nmethod 12417 0x000002285158aa90 code [0x000002285158ac20, 0x000002285158acf8]
Event: 28.417 Thread 0x00000228029cb890 12427       4       java.util.Collections$EmptyMap::keySet (4 bytes)
Event: 28.417 Thread 0x000002285faa8300 12429       3       org.gradle.api.internal.artifacts.configurations.DefaultUnlockedConfiguration_Decorated::getHierarchy (40 bytes)
Event: 28.417 Thread 0x00000228029cb890 nmethod 12427 0x000002285158ae10 code [0x000002285158afa0, 0x000002285158b018]
Event: 28.417 Thread 0x00000228029cb890 12428       4       org.gradle.internal.operations.DefaultBuildOperationListenerManager$1::started (47 bytes)
Event: 28.418 Thread 0x000002285faa8300 nmethod 12429 0x000002284a8e5110 code [0x000002284a8e5300, 0x000002284a8e56d8]
Event: 28.420 Thread 0x00000228029cb890 nmethod 12428 0x000002285158b110 code [0x000002285158b2c0, 0x000002285158b5a8]
Event: 28.420 Thread 0x000002285faa8300 12430       3       kotlin.collections.CollectionsKt__IterablesKt::collectionSizeOrDefault (27 bytes)
Event: 28.421 Thread 0x000002285faa8300 nmethod 12430 0x000002284a8e5890 code [0x000002284a8e5ae0, 0x000002284a8e63c8]
Event: 28.421 Thread 0x000002285faa8300 12431       3       org.gradle.api.internal.file.DefaultFileCollectionFactory::configurableFiles (25 bytes)
Event: 28.421 Thread 0x000002285faa8300 nmethod 12431 0x000002284a8e6690 code [0x000002284a8e6840, 0x000002284a8e6a08]
Event: 28.429 Thread 0x000002285faa8300 12432       3       jdk.proxy1.$Proxy18::<init> (6 bytes)
Event: 28.429 Thread 0x00000228029cb890 12433       4       org.gradle.internal.instantiation.generator.AbstractClassGenerator$$Lambda$133/0x00000228621bea40::test (12 bytes)
Event: 28.429 Thread 0x000002285faa8300 nmethod 12432 0x000002284a8e6b10 code [0x000002284a8e6ce0, 0x000002284a8e7068]
Event: 28.457 Thread 0x000002285faa8300 12434       3       org.gradle.api.internal.artifacts.configurations.DefaultUnlockedConfiguration_Decorated::getDomainObjectContext (40 bytes)
Event: 28.457 Thread 0x000002285faa8300 nmethod 12434 0x000002284a8e7210 code [0x000002284a8e73e0, 0x000002284a8e7778]

GC Heap History (20 events):
Event: 16.502 GC heap before
{Heap before GC invocations=24 (full 0):
 garbage-first heap   total 129024K, used 68254K [0x0000000080000000, 0x0000000100000000)
  region size 1024K, 7 young (7168K), 6 survivors (6144K)
 Metaspace       used 66661K, committed 67456K, reserved 491520K
  class space    used 9452K, committed 9856K, reserved 425984K
}
Event: 16.507 GC heap after
{Heap after GC invocations=25 (full 0):
 garbage-first heap   total 129024K, used 67152K [0x0000000080000000, 0x0000000100000000)
  region size 1024K, 1 young (1024K), 1 survivors (1024K)
 Metaspace       used 66661K, committed 67456K, reserved 491520K
  class space    used 9452K, committed 9856K, reserved 425984K
}
Event: 17.455 GC heap before
{Heap before GC invocations=25 (full 0):
 garbage-first heap   total 129024K, used 102992K [0x0000000080000000, 0x0000000100000000)
  region size 1024K, 36 young (36864K), 1 survivors (1024K)
 Metaspace       used 69363K, committed 70208K, reserved 491520K
  class space    used 9827K, committed 10240K, reserved 425984K
}
Event: 17.459 GC heap after
{Heap after GC invocations=26 (full 0):
 garbage-first heap   total 129024K, used 68921K [0x0000000080000000, 0x0000000100000000)
  region size 1024K, 3 young (3072K), 3 survivors (3072K)
 Metaspace       used 69363K, committed 70208K, reserved 491520K
  class space    used 9827K, committed 10240K, reserved 425984K
}
Event: 18.616 GC heap before
{Heap before GC invocations=27 (full 0):
 garbage-first heap   total 129024K, used 103737K [0x0000000080000000, 0x0000000100000000)
  region size 1024K, 37 young (37888K), 3 survivors (3072K)
 Metaspace       used 71721K, committed 72576K, reserved 491520K
  class space    used 10236K, committed 10624K, reserved 425984K
}
Event: 18.625 GC heap after
{Heap after GC invocations=28 (full 0):
 garbage-first heap   total 129024K, used 73165K [0x0000000080000000, 0x0000000100000000)
  region size 1024K, 5 young (5120K), 5 survivors (5120K)
 Metaspace       used 71721K, committed 72576K, reserved 491520K
  class space    used 10236K, committed 10624K, reserved 425984K
}
Event: 18.667 GC heap before
{Heap before GC invocations=28 (full 0):
 garbage-first heap   total 129024K, used 73165K [0x0000000080000000, 0x0000000100000000)
  region size 1024K, 6 young (6144K), 5 survivors (5120K)
 Metaspace       used 71756K, committed 72576K, reserved 491520K
  class space    used 10237K, committed 10624K, reserved 425984K
}
Event: 18.673 GC heap after
{Heap after GC invocations=29 (full 0):
 garbage-first heap   total 129024K, used 73074K [0x0000000080000000, 0x0000000100000000)
  region size 1024K, 1 young (1024K), 1 survivors (1024K)
 Metaspace       used 71756K, committed 72576K, reserved 491520K
  class space    used 10237K, committed 10624K, reserved 425984K
}
Event: 19.332 GC heap before
{Heap before GC invocations=29 (full 0):
 garbage-first heap   total 129024K, used 103794K [0x0000000080000000, 0x0000000100000000)
  region size 1024K, 31 young (31744K), 1 survivors (1024K)
 Metaspace       used 73003K, committed 73856K, reserved 491520K
  class space    used 10401K, committed 10816K, reserved 425984K
}
Event: 19.340 GC heap after
{Heap after GC invocations=30 (full 0):
 garbage-first heap   total 258048K, used 77416K [0x0000000080000000, 0x0000000100000000)
  region size 1024K, 4 young (4096K), 4 survivors (4096K)
 Metaspace       used 73003K, committed 73856K, reserved 491520K
  class space    used 10401K, committed 10816K, reserved 425984K
}
Event: 21.050 GC heap before
{Heap before GC invocations=31 (full 0):
 garbage-first heap   total 258048K, used 194152K [0x0000000080000000, 0x0000000100000000)
  region size 1024K, 119 young (121856K), 4 survivors (4096K)
 Metaspace       used 73842K, committed 74688K, reserved 491520K
  class space    used 10429K, committed 10816K, reserved 425984K
}
Event: 21.062 GC heap after
{Heap after GC invocations=32 (full 0):
 garbage-first heap   total 258048K, used 83560K [0x0000000080000000, 0x0000000100000000)
  region size 1024K, 10 young (10240K), 10 survivors (10240K)
 Metaspace       used 73842K, committed 74688K, reserved 491520K
  class space    used 10429K, committed 10816K, reserved 425984K
}
Event: 21.075 GC heap before
{Heap before GC invocations=32 (full 0):
 garbage-first heap   total 258048K, used 84584K [0x0000000080000000, 0x0000000100000000)
  region size 1024K, 12 young (12288K), 10 survivors (10240K)
 Metaspace       used 73842K, committed 74688K, reserved 491520K
  class space    used 10429K, committed 10816K, reserved 425984K
}
Event: 21.084 GC heap after
{Heap after GC invocations=33 (full 0):
 garbage-first heap   total 258048K, used 82686K [0x0000000080000000, 0x0000000100000000)
  region size 1024K, 2 young (2048K), 2 survivors (2048K)
 Metaspace       used 73842K, committed 74688K, reserved 491520K
  class space    used 10429K, committed 10816K, reserved 425984K
}
Event: 22.466 GC heap before
{Heap before GC invocations=33 (full 0):
 garbage-first heap   total 258048K, used 200446K [0x0000000080000000, 0x0000000100000000)
  region size 1024K, 111 young (113664K), 2 survivors (2048K)
 Metaspace       used 75881K, committed 76800K, reserved 557056K
  class space    used 10680K, committed 11136K, reserved 425984K
}
Event: 22.474 GC heap after
{Heap after GC invocations=34 (full 0):
 garbage-first heap   total 258048K, used 97987K [0x0000000080000000, 0x0000000100000000)
  region size 1024K, 11 young (11264K), 11 survivors (11264K)
 Metaspace       used 75881K, committed 76800K, reserved 557056K
  class space    used 10680K, committed 11136K, reserved 425984K
}
Event: 24.464 GC heap before
{Heap before GC invocations=34 (full 0):
 garbage-first heap   total 258048K, used 203459K [0x0000000080000000, 0x0000000100000000)
  region size 1024K, 109 young (111616K), 11 survivors (11264K)
 Metaspace       used 83339K, committed 84224K, reserved 557056K
  class space    used 11505K, committed 11904K, reserved 425984K
}
Event: 24.478 GC heap after
{Heap after GC invocations=35 (full 0):
 garbage-first heap   total 258048K, used 105906K [0x0000000080000000, 0x0000000100000000)
  region size 1024K, 8 young (8192K), 8 survivors (8192K)
 Metaspace       used 83339K, committed 84224K, reserved 557056K
  class space    used 11505K, committed 11904K, reserved 425984K
}
Event: 26.130 GC heap before
{Heap before GC invocations=35 (full 0):
 garbage-first heap   total 258048K, used 203186K [0x0000000080000000, 0x0000000100000000)
  region size 1024K, 102 young (104448K), 8 survivors (8192K)
 Metaspace       used 90137K, committed 91072K, reserved 557056K
  class space    used 12381K, committed 12800K, reserved 425984K
}
Event: 26.140 GC heap after
{Heap after GC invocations=36 (full 0):
 garbage-first heap   total 258048K, used 112596K [0x0000000080000000, 0x0000000100000000)
  region size 1024K, 5 young (5120K), 5 survivors (5120K)
 Metaspace       used 90137K, committed 91072K, reserved 557056K
  class space    used 12381K, committed 12800K, reserved 425984K
}

Dll operation events (15 events):
Event: 0.013 Loaded shared library C:\Program Files\Eclipse Adoptium\jdk-17.0.16.8-hotspot\bin\java.dll
Event: 0.032 Loaded shared library C:\Program Files\Eclipse Adoptium\jdk-17.0.16.8-hotspot\bin\jsvml.dll
Event: 0.080 Loaded shared library C:\Program Files\Eclipse Adoptium\jdk-17.0.16.8-hotspot\bin\zip.dll
Event: 0.084 Loaded shared library C:\Program Files\Eclipse Adoptium\jdk-17.0.16.8-hotspot\bin\instrument.dll
Event: 0.088 Loaded shared library C:\Program Files\Eclipse Adoptium\jdk-17.0.16.8-hotspot\bin\net.dll
Event: 0.090 Loaded shared library C:\Program Files\Eclipse Adoptium\jdk-17.0.16.8-hotspot\bin\nio.dll
Event: 0.093 Loaded shared library C:\Program Files\Eclipse Adoptium\jdk-17.0.16.8-hotspot\bin\zip.dll
Event: 0.401 Loaded shared library C:\Program Files\Eclipse Adoptium\jdk-17.0.16.8-hotspot\bin\jimage.dll
Event: 0.621 Loaded shared library C:\Program Files\Eclipse Adoptium\jdk-17.0.16.8-hotspot\bin\verify.dll
Event: 0.748 Loaded shared library C:\Users\SANJU\.gradle\native\1def1411415f61bf3af743bc5b6707747c0891f09f0c88961ee8f79bc544acac\windows-amd64\native-platform.dll
Event: 0.773 Loaded shared library C:\Users\SANJU\.gradle\native\0.2.7\x86_64-windows-gnu\gradle-fileevents.dll
Event: 2.248 Loaded shared library C:\Program Files\Eclipse Adoptium\jdk-17.0.16.8-hotspot\bin\management.dll
Event: 2.252 Loaded shared library C:\Program Files\Eclipse Adoptium\jdk-17.0.16.8-hotspot\bin\management_ext.dll
Event: 2.514 Loaded shared library C:\Program Files\Eclipse Adoptium\jdk-17.0.16.8-hotspot\bin\extnet.dll
Event: 2.773 Loaded shared library C:\Program Files\Eclipse Adoptium\jdk-17.0.16.8-hotspot\bin\sunmscapi.dll

Deoptimization events (20 events):
Event: 26.695 Thread 0x0000022860431d50 DEOPT PACKING pc=0x000002285154ea1c sp=0x0000002987df0be0
Event: 26.695 Thread 0x0000022860431d50 DEOPT UNPACKING pc=0x00000228509c69a3 sp=0x0000002987df0b88 mode 2
Event: 26.708 Thread 0x0000022860431d50 Uncommon trap: trap_request=0xffffffde fr.pc=0x00000228515596f4 relative=0x00000000000012d4
Event: 26.708 Thread 0x0000022860431d50 Uncommon trap: reason=class_check action=maybe_recompile pc=0x00000228515596f4 method=org.codehaus.groovy.vmplugin.v9.Java9.checkCanSetAccessible(Ljava/lang/reflect/AccessibleObject;Ljava/lang/Class;)Z @ 119 c2
Event: 26.708 Thread 0x0000022860431d50 DEOPT PACKING pc=0x00000228515596f4 sp=0x0000002987df3910
Event: 26.708 Thread 0x0000022860431d50 DEOPT UNPACKING pc=0x00000228509c69a3 sp=0x0000002987df38e0 mode 2
Event: 26.708 Thread 0x0000022860431d50 Uncommon trap: trap_request=0xffffffde fr.pc=0x00000228515596f4 relative=0x00000000000012d4
Event: 26.708 Thread 0x0000022860431d50 Uncommon trap: reason=class_check action=maybe_recompile pc=0x00000228515596f4 method=org.codehaus.groovy.vmplugin.v9.Java9.checkCanSetAccessible(Ljava/lang/reflect/AccessibleObject;Ljava/lang/Class;)Z @ 119 c2
Event: 26.708 Thread 0x0000022860431d50 DEOPT PACKING pc=0x00000228515596f4 sp=0x0000002987df3910
Event: 26.708 Thread 0x0000022860431d50 DEOPT UNPACKING pc=0x00000228509c69a3 sp=0x0000002987df38e0 mode 2
Event: 26.708 Thread 0x0000022860431d50 Uncommon trap: trap_request=0xffffffde fr.pc=0x00000228515596f4 relative=0x00000000000012d4
Event: 26.708 Thread 0x0000022860431d50 Uncommon trap: reason=class_check action=maybe_recompile pc=0x00000228515596f4 method=org.codehaus.groovy.vmplugin.v9.Java9.checkCanSetAccessible(Ljava/lang/reflect/AccessibleObject;Ljava/lang/Class;)Z @ 119 c2
Event: 26.708 Thread 0x0000022860431d50 DEOPT PACKING pc=0x00000228515596f4 sp=0x0000002987df3910
Event: 26.708 Thread 0x0000022860431d50 DEOPT UNPACKING pc=0x00000228509c69a3 sp=0x0000002987df38e0 mode 2
Event: 26.708 Thread 0x0000022860431d50 Uncommon trap: trap_request=0xffffffde fr.pc=0x00000228515596f4 relative=0x00000000000012d4
Event: 26.708 Thread 0x0000022860431d50 Uncommon trap: reason=class_check action=maybe_recompile pc=0x00000228515596f4 method=org.codehaus.groovy.vmplugin.v9.Java9.checkCanSetAccessible(Ljava/lang/reflect/AccessibleObject;Ljava/lang/Class;)Z @ 119 c2
Event: 26.708 Thread 0x0000022860431d50 DEOPT PACKING pc=0x00000228515596f4 sp=0x0000002987df3910
Event: 26.708 Thread 0x0000022860431d50 DEOPT UNPACKING pc=0x00000228509c69a3 sp=0x0000002987df38e0 mode 2
Event: 26.711 Thread 0x0000022860431d50 DEOPT PACKING pc=0x0000022849c38226 sp=0x0000002987df40c0
Event: 26.711 Thread 0x0000022860431d50 DEOPT UNPACKING pc=0x00000228509c7143 sp=0x0000002987df3570 mode 0

Classes loaded (20 events):
Event: 24.658 Loading class java/security/KeyStore
Event: 24.660 Loading class java/security/KeyStore done
Event: 24.660 Loading class java/security/KeyStore$1
Event: 24.660 Loading class java/security/KeyStore$1 done
Event: 24.913 Loading class javax/xml/stream/XMLStreamException
Event: 24.913 Loading class javax/xml/stream/XMLStreamException done
Event: 24.962 Loading class java/lang/StackTraceElement$HashedModules
Event: 24.962 Loading class java/lang/StackTraceElement$HashedModules done
Event: 25.041 Loading class java/io/CharArrayReader
Event: 25.041 Loading class java/io/CharArrayReader done
Event: 26.555 Loading class java/beans/IntrospectionException
Event: 26.556 Loading class java/beans/IntrospectionException done
Event: 26.712 Loading class java/lang/StringBeanInfo
Event: 26.712 Loading class java/lang/StringBeanInfo done
Event: 26.713 Loading class java/lang/StringBeanInfo
Event: 26.713 Loading class java/lang/StringBeanInfo done
Event: 26.713 Loading class java/lang/StringCustomizer
Event: 26.713 Loading class java/lang/StringCustomizer done
Event: 26.714 Loading class java/lang/StringCustomizer
Event: 26.714 Loading class java/lang/StringCustomizer done

Classes unloaded (0 events):
No events

Classes redefined (0 events):
No events

Internal exceptions (20 events):
Event: 26.603 Thread 0x0000022860431d50 Exception <a 'java/lang/ClassNotFoundException'{0x000000008d3c4408}: com/android/builder/signing/DefaultSigningConfigCustomizer> (0x000000008d3c4408) 
thrown [s\src\hotspot\share\classfile\systemDictionary.cpp, line 256]
Event: 26.605 Thread 0x0000022860431d50 Exception <a 'java/lang/ClassNotFoundException'{0x000000008d3f1d10}: com/android/build/gradle/internal/dsl/SigningConfigCustomizer> (0x000000008d3f1d10) 
thrown [s\src\hotspot\share\classfile\systemDictionary.cpp, line 256]
Event: 26.606 Thread 0x0000022860431d50 Exception <a 'java/lang/ClassNotFoundException'{0x000000008d2112f8}: com/android/build/gradle/internal/dsl/SigningConfig$AgpDecoratedCustomizer> (0x000000008d2112f8) 
thrown [s\src\hotspot\share\classfile\systemDictionary.cpp, line 256]
Event: 26.608 Thread 0x0000022860431d50 Exception <a 'java/lang/ClassNotFoundException'{0x000000008d24ae38}: com/android/build/gradle/internal/dsl/SigningConfig$AgpDecorated_DecoratedCustomizer> (0x000000008d24ae38) 
thrown [s\src\hotspot\share\classfile\systemDictionary.cpp, line 256]
Event: 26.612 Thread 0x0000022860431d50 Exception <a 'java/lang/ClassNotFoundException'{0x000000008d2b9f18}: build_3fvvgtut9xn90o65ar0frqouk$_run_closure2$_closure5BeanInfo> (0x000000008d2b9f18) 
thrown [s\src\hotspot\share\classfile\systemDictionary.cpp, line 256]
Event: 26.613 Thread 0x0000022860431d50 Exception <a 'java/lang/ClassNotFoundException'{0x000000008d2ca920}: build_3fvvgtut9xn90o65ar0frqouk$_run_closure2$_closure5Customizer> (0x000000008d2ca920) 
thrown [s\src\hotspot\share\classfile\systemDictionary.cpp, line 256]
Event: 26.616 Thread 0x0000022860431d50 Exception <a 'java/lang/ClassNotFoundException'{0x000000008d2f8ca0}: build_3fvvgtut9xn90o65ar0frqouk$_run_closure2BeanInfo> (0x000000008d2f8ca0) 
thrown [s\src\hotspot\share\classfile\systemDictionary.cpp, line 256]
Event: 26.617 Thread 0x0000022860431d50 Exception <a 'java/lang/ClassNotFoundException'{0x000000008d109898}: build_3fvvgtut9xn90o65ar0frqouk$_run_closure2Customizer> (0x000000008d109898) 
thrown [s\src\hotspot\share\classfile\systemDictionary.cpp, line 256]
Event: 26.673 Thread 0x0000022860431d50 Exception <a 'java/lang/ClassNotFoundException'{0x000000008c910460}: com/android/build/gradle/internal/dsl/BuildType$AgpDecorated_DecoratedBeanInfo> (0x000000008c910460) 
thrown [s\src\hotspot\share\classfile\systemDictionary.cpp, line 256]
Event: 26.674 Thread 0x0000022860431d50 Exception <a 'java/lang/ClassNotFoundException'{0x000000008c926238}: com/android/build/gradle/internal/dsl/BuildType$AgpDecoratedBeanInfo> (0x000000008c926238) 
thrown [s\src\hotspot\share\classfile\systemDictionary.cpp, line 256]
Event: 26.674 Thread 0x0000022860431d50 Exception <a 'java/lang/ClassNotFoundException'{0x000000008c93be20}: com/android/build/gradle/internal/dsl/BuildTypeBeanInfo> (0x000000008c93be20) 
thrown [s\src\hotspot\share\classfile\systemDictionary.cpp, line 256]
Event: 26.675 Thread 0x0000022860431d50 Exception <a 'java/lang/ClassNotFoundException'{0x000000008c951788}: com/android/builder/core/AbstractBuildTypeBeanInfo> (0x000000008c951788) 
thrown [s\src\hotspot\share\classfile\systemDictionary.cpp, line 256]
Event: 26.676 Thread 0x0000022860431d50 Exception <a 'java/lang/ClassNotFoundException'{0x000000008c9670f0}: com/android/builder/core/AbstractBuildTypeCustomizer> (0x000000008c9670f0) 
thrown [s\src\hotspot\share\classfile\systemDictionary.cpp, line 256]
Event: 26.678 Thread 0x0000022860431d50 Exception <a 'java/lang/ClassNotFoundException'{0x000000008c999b40}: com/android/build/gradle/internal/dsl/BuildTypeCustomizer> (0x000000008c999b40) 
thrown [s\src\hotspot\share\classfile\systemDictionary.cpp, line 256]
Event: 26.681 Thread 0x0000022860431d50 Exception <a 'java/lang/ClassNotFoundException'{0x000000008c836dd0}: com/android/build/gradle/internal/dsl/BuildType$AgpDecoratedCustomizer> (0x000000008c836dd0) 
thrown [s\src\hotspot\share\classfile\systemDictionary.cpp, line 256]
Event: 26.683 Thread 0x0000022860431d50 Exception <a 'java/lang/ClassNotFoundException'{0x000000008c894858}: com/android/build/gradle/internal/dsl/BuildType$AgpDecorated_DecoratedCustomizer> (0x000000008c894858) 
thrown [s\src\hotspot\share\classfile\systemDictionary.cpp, line 256]
Event: 26.700 Thread 0x0000022860431d50 Exception <a 'java/lang/ClassNotFoundException'{0x000000008c7c99e8}: build_3fvvgtut9xn90o65ar0frqouk$_run_closure2$_closure6BeanInfo> (0x000000008c7c99e8) 
thrown [s\src\hotspot\share\classfile\systemDictionary.cpp, line 256]
Event: 26.701 Thread 0x0000022860431d50 Exception <a 'java/lang/ClassNotFoundException'{0x000000008c7da3e8}: build_3fvvgtut9xn90o65ar0frqouk$_run_closure2$_closure6Customizer> (0x000000008c7da3e8) 
thrown [s\src\hotspot\share\classfile\systemDictionary.cpp, line 256]
Event: 26.713 Thread 0x0000022860431d50 Exception <a 'java/lang/ClassNotFoundException'{0x000000008c50fb68}: java/lang/StringBeanInfo> (0x000000008c50fb68) 
thrown [s\src\hotspot\share\classfile\systemDictionary.cpp, line 256]
Event: 26.714 Thread 0x0000022860431d50 Exception <a 'java/lang/ClassNotFoundException'{0x000000008c51bb68}: java/lang/StringCustomizer> (0x000000008c51bb68) 
thrown [s\src\hotspot\share\classfile\systemDictionary.cpp, line 256]

VM Operations (20 events):
Event: 23.731 Executing VM operation: HandshakeAllThreads
Event: 23.732 Executing VM operation: HandshakeAllThreads done
Event: 24.464 Executing VM operation: G1CollectForAllocation
Event: 24.478 Executing VM operation: G1CollectForAllocation done
Event: 25.489 Executing VM operation: Cleanup
Event: 25.489 Executing VM operation: Cleanup done
Event: 26.130 Executing VM operation: G1CollectForAllocation
Event: 26.140 Executing VM operation: G1CollectForAllocation done
Event: 26.359 Executing VM operation: HandshakeAllThreads
Event: 26.359 Executing VM operation: HandshakeAllThreads done
Event: 26.701 Executing VM operation: ICBufferFull
Event: 26.702 Executing VM operation: ICBufferFull done
Event: 26.718 Executing VM operation: HandshakeAllThreads
Event: 26.719 Executing VM operation: HandshakeAllThreads done
Event: 27.214 Executing VM operation: HandshakeAllThreads
Event: 27.215 Executing VM operation: HandshakeAllThreads done
Event: 28.227 Executing VM operation: Cleanup
Event: 28.273 Executing VM operation: Cleanup done
Event: 29.280 Executing VM operation: Cleanup
Event: 29.280 Executing VM operation: Cleanup done

Memory protections (0 events):
No events

Nmethod flushes (20 events):
Event: 20.566 Thread 0x000002285faad3e0 flushing  nmethod 0x000002284a25df10
Event: 20.566 Thread 0x000002285faad3e0 flushing  nmethod 0x000002284a263290
Event: 20.566 Thread 0x000002285faad3e0 flushing  nmethod 0x000002284a265c10
Event: 20.568 Thread 0x000002285faad3e0 flushing  nmethod 0x000002284a312b10
Event: 20.568 Thread 0x000002285faad3e0 flushing  nmethod 0x000002284a316e10
Event: 20.568 Thread 0x000002285faad3e0 flushing  nmethod 0x000002284a32a510
Event: 20.568 Thread 0x000002285faad3e0 flushing  nmethod 0x000002284a36dd90
Event: 20.568 Thread 0x000002285faad3e0 flushing  nmethod 0x000002284a370910
Event: 20.569 Thread 0x000002285faad3e0 flushing  nmethod 0x000002284a3b4310
Event: 20.569 Thread 0x000002285faad3e0 flushing  nmethod 0x000002284a3ba090
Event: 20.569 Thread 0x000002285faad3e0 flushing  nmethod 0x000002284a3c8910
Event: 20.569 Thread 0x000002285faad3e0 flushing  nmethod 0x000002284a3ccc90
Event: 20.569 Thread 0x000002285faad3e0 flushing  nmethod 0x000002284a3e0b10
Event: 20.572 Thread 0x000002285faad3e0 flushing  nmethod 0x000002284a52a390
Event: 20.572 Thread 0x000002285faad3e0 flushing  nmethod 0x000002284a533210
Event: 20.572 Thread 0x000002285faad3e0 flushing  nmethod 0x000002284a534790
Event: 20.572 Thread 0x000002285faad3e0 flushing  nmethod 0x000002284a53db10
Event: 20.574 Thread 0x000002285faad3e0 flushing  nmethod 0x000002284a652c90
Event: 26.362 Thread 0x000002285faad3e0 flushing  nmethod 0x000002285130be90
Event: 26.363 Thread 0x000002285faad3e0 flushing  nmethod 0x000002285140b110

Events (20 events):
Event: 20.215 Thread 0x0000022805581990 Thread added: 0x00000228055c09c0
Event: 20.215 Thread 0x0000022805581990 Thread added: 0x00000228055be650
Event: 20.215 Thread 0x0000022805581990 Thread added: 0x00000228055bdc30
Event: 20.215 Thread 0x0000022805581990 Thread added: 0x00000228055bfa90
Event: 20.215 Thread 0x0000022805581990 Thread added: 0x00000228055be140
Event: 20.215 Thread 0x0000022805581990 Thread added: 0x0000022804f189f0
Event: 21.538 Thread 0x0000022860431d50 Thread added: 0x0000022804f170a0
Event: 21.907 Thread 0x00000228029cadf0 Thread exited: 0x00000228029cadf0
Event: 21.970 Thread 0x0000022860431d50 Thread added: 0x0000022804f19410
Event: 21.982 Thread 0x0000022860431d50 Thread added: 0x0000022804f17fd0
Event: 22.103 Thread 0x000002285faa8300 Thread added: 0x00000228029cadf0
Event: 22.422 Thread 0x00000228029cadf0 Thread exited: 0x00000228029cadf0
Event: 23.526 Thread 0x000002285faa8300 Thread added: 0x00000228029cadf0
Event: 23.527 Thread 0x000002285faa8300 Thread added: 0x00000228029c9360
Event: 24.434 Thread 0x00000228029c9360 Thread exited: 0x00000228029c9360
Event: 25.073 Thread 0x0000022860431d50 Thread added: 0x0000022804f1c6b0
Event: 25.464 Thread 0x0000022860431d50 Thread added: 0x0000022804f1daf0
Event: 25.532 Thread 0x00000228029cadf0 Thread exited: 0x00000228029cadf0
Event: 26.209 Thread 0x000002285faa8300 Thread added: 0x00000228029cb890
Event: 26.855 Thread 0x000002285faa8300 Thread added: 0x00000228029cbde0


Dynamic libraries:
0x00007ff74d700000 - 0x00007ff74d70e000 	C:\Program Files\Eclipse Adoptium\jdk-17.0.16.8-hotspot\bin\java.exe
0x00007ffb2a160000 - 0x00007ffb2a3c9000 	C:\WINDOWS\SYSTEM32\ntdll.dll
0x00007ffb29a90000 - 0x00007ffb29b59000 	C:\WINDOWS\System32\KERNEL32.DLL
0x00007ffb27790000 - 0x00007ffb27b83000 	C:\WINDOWS\System32\KERNELBASE.dll
0x00007ffb272f0000 - 0x00007ffb2743b000 	C:\WINDOWS\System32\ucrtbase.dll
0x00007ffb15c40000 - 0x00007ffb15c57000 	C:\Program Files\Eclipse Adoptium\jdk-17.0.16.8-hotspot\bin\jli.dll
0x00007ffb15cc0000 - 0x00007ffb15cde000 	C:\Program Files\Eclipse Adoptium\jdk-17.0.16.8-hotspot\bin\VCRUNTIME140.dll
0x00007ffb28200000 - 0x00007ffb283c4000 	C:\WINDOWS\System32\USER32.dll
0x00007ffb27760000 - 0x00007ffb27787000 	C:\WINDOWS\System32\win32u.dll
0x00007ffb12540000 - 0x00007ffb127d3000 	C:\WINDOWS\WinSxS\amd64_microsoft.windows.common-controls_6595b64144ccf1df_6.0.26100.5074_none_3e0d6f78e32fd63f\COMCTL32.dll
0x00007ffb29a60000 - 0x00007ffb29a8b000 	C:\WINDOWS\System32\GDI32.dll
0x00007ffb27f60000 - 0x00007ffb28009000 	C:\WINDOWS\System32\msvcrt.dll
0x00007ffb274d0000 - 0x00007ffb275fd000 	C:\WINDOWS\System32\gdi32full.dll
0x00007ffb27b90000 - 0x00007ffb27c33000 	C:\WINDOWS\System32\msvcp_win.dll
0x00007ffb2a0c0000 - 0x00007ffb2a0ef000 	C:\WINDOWS\System32\IMM32.DLL
0x00007ffb186f0000 - 0x00007ffb186fc000 	C:\Program Files\Eclipse Adoptium\jdk-17.0.16.8-hotspot\bin\vcruntime140_1.dll
0x00007ffae5500000 - 0x00007ffae558d000 	C:\Program Files\Eclipse Adoptium\jdk-17.0.16.8-hotspot\bin\msvcp140.dll
0x00007ffab5360000 - 0x00007ffab5fcb000 	C:\Program Files\Eclipse Adoptium\jdk-17.0.16.8-hotspot\bin\server\jvm.dll
0x00007ffb29440000 - 0x00007ffb294f4000 	C:\WINDOWS\System32\ADVAPI32.dll
0x00007ffb283d0000 - 0x00007ffb28476000 	C:\WINDOWS\System32\sechost.dll
0x00007ffb29320000 - 0x00007ffb29438000 	C:\WINDOWS\System32\RPCRT4.dll
0x00007ffb28010000 - 0x00007ffb28084000 	C:\WINDOWS\System32\WS2_32.dll
0x00007ffb27150000 - 0x00007ffb271ae000 	C:\WINDOWS\SYSTEM32\POWRPROF.dll
0x00007ffb1fe60000 - 0x00007ffb1fe95000 	C:\WINDOWS\SYSTEM32\WINMM.dll
0x00007ffb1ff00000 - 0x00007ffb1ff0b000 	C:\WINDOWS\SYSTEM32\VERSION.dll
0x00007ffb27130000 - 0x00007ffb27144000 	C:\WINDOWS\SYSTEM32\UMPDC.dll
0x00007ffb26140000 - 0x00007ffb2615b000 	C:\WINDOWS\SYSTEM32\kernel.appcore.dll
0x00007ffb17d50000 - 0x00007ffb17d5a000 	C:\Program Files\Eclipse Adoptium\jdk-17.0.16.8-hotspot\bin\jimage.dll
0x00007ffb1e4e0000 - 0x00007ffb1e722000 	C:\WINDOWS\SYSTEM32\DBGHELP.DLL
0x00007ffb28fa0000 - 0x00007ffb2931b000 	C:\WINDOWS\System32\combase.dll
0x00007ffb298f0000 - 0x00007ffb299c7000 	C:\WINDOWS\System32\OLEAUT32.dll
0x00007ffb03df0000 - 0x00007ffb03e2d000 	C:\WINDOWS\SYSTEM32\dbgcore.DLL
0x00007ffb276c0000 - 0x00007ffb27759000 	C:\WINDOWS\System32\bcryptPrimitives.dll
0x00007ffb14010000 - 0x00007ffb1401e000 	C:\Program Files\Eclipse Adoptium\jdk-17.0.16.8-hotspot\bin\instrument.dll
0x00007ffb10940000 - 0x00007ffb10965000 	C:\Program Files\Eclipse Adoptium\jdk-17.0.16.8-hotspot\bin\java.dll
0x00007ffae4c50000 - 0x00007ffae4d27000 	C:\Program Files\Eclipse Adoptium\jdk-17.0.16.8-hotspot\bin\jsvml.dll
0x00007ffb28520000 - 0x00007ffb28c6d000 	C:\WINDOWS\System32\SHELL32.dll
0x00007ffb27dc0000 - 0x00007ffb27f2c000 	C:\WINDOWS\System32\wintypes.dll
0x00007ffb24f20000 - 0x00007ffb25779000 	C:\WINDOWS\SYSTEM32\windows.storage.dll
0x00007ffb28090000 - 0x00007ffb28180000 	C:\WINDOWS\System32\SHCORE.dll
0x00007ffb28190000 - 0x00007ffb281f2000 	C:\WINDOWS\System32\shlwapi.dll
0x00007ffb27210000 - 0x00007ffb27239000 	C:\WINDOWS\SYSTEM32\profapi.dll
0x00007ffb03f40000 - 0x00007ffb03f58000 	C:\Program Files\Eclipse Adoptium\jdk-17.0.16.8-hotspot\bin\zip.dll
0x00007ffb10920000 - 0x00007ffb10939000 	C:\Program Files\Eclipse Adoptium\jdk-17.0.16.8-hotspot\bin\net.dll
0x00007ffb20750000 - 0x00007ffb2086f000 	C:\WINDOWS\SYSTEM32\WINHTTP.dll
0x00007ffb266c0000 - 0x00007ffb2672b000 	C:\WINDOWS\system32\mswsock.dll
0x00007ffb03f60000 - 0x00007ffb03f76000 	C:\Program Files\Eclipse Adoptium\jdk-17.0.16.8-hotspot\bin\nio.dll
0x00007ffb14760000 - 0x00007ffb14770000 	C:\Program Files\Eclipse Adoptium\jdk-17.0.16.8-hotspot\bin\verify.dll
0x00007ffb10790000 - 0x00007ffb107b7000 	C:\Users\SANJU\.gradle\native\1def1411415f61bf3af743bc5b6707747c0891f09f0c88961ee8f79bc544acac\windows-amd64\native-platform.dll
0x00007ffaffd80000 - 0x00007ffaffdf8000 	C:\Users\SANJU\.gradle\native\0.2.7\x86_64-windows-gnu\gradle-fileevents.dll
0x00007ffb14630000 - 0x00007ffb1463a000 	C:\Program Files\Eclipse Adoptium\jdk-17.0.16.8-hotspot\bin\management.dll
0x00007ffb10a10000 - 0x00007ffb10a1b000 	C:\Program Files\Eclipse Adoptium\jdk-17.0.16.8-hotspot\bin\management_ext.dll
0x00007ffb298e0000 - 0x00007ffb298e8000 	C:\WINDOWS\System32\PSAPI.DLL
0x00007ffb25aa0000 - 0x00007ffb25ad4000 	C:\WINDOWS\SYSTEM32\IPHLPAPI.DLL
0x00007ffb28f90000 - 0x00007ffb28f9a000 	C:\WINDOWS\System32\NSI.dll
0x00007ffb21030000 - 0x00007ffb2104e000 	C:\WINDOWS\SYSTEM32\dhcpcsvc6.DLL
0x00007ffb20f80000 - 0x00007ffb20fa3000 	C:\WINDOWS\SYSTEM32\dhcpcsvc.DLL
0x00007ffb25b30000 - 0x00007ffb25c56000 	C:\WINDOWS\SYSTEM32\DNSAPI.dll
0x00007ffb07dc0000 - 0x00007ffb07dc9000 	C:\Program Files\Eclipse Adoptium\jdk-17.0.16.8-hotspot\bin\extnet.dll
0x00007ffb26970000 - 0x00007ffb2698b000 	C:\WINDOWS\SYSTEM32\CRYPTSP.dll
0x00007ffb26030000 - 0x00007ffb2606b000 	C:\WINDOWS\system32\rsaenh.dll
0x00007ffb26760000 - 0x00007ffb2678b000 	C:\WINDOWS\SYSTEM32\USERENV.dll
0x00007ffb271e0000 - 0x00007ffb27206000 	C:\WINDOWS\SYSTEM32\bcrypt.dll
0x00007ffb26960000 - 0x00007ffb2696c000 	C:\WINDOWS\SYSTEM32\CRYPTBASE.dll
0x00007ffb12190000 - 0x00007ffb1219e000 	C:\Program Files\Eclipse Adoptium\jdk-17.0.16.8-hotspot\bin\sunmscapi.dll
0x00007ffb27c40000 - 0x00007ffb27db7000 	C:\WINDOWS\System32\CRYPT32.dll
0x00007ffb26b80000 - 0x00007ffb26bb0000 	C:\WINDOWS\SYSTEM32\ncrypt.dll
0x00007ffb26b30000 - 0x00007ffb26b6f000 	C:\WINDOWS\SYSTEM32\NTASN1.dll
0x00007ffb10910000 - 0x00007ffb10918000 	C:\WINDOWS\system32\wshunix.dll
0x00007ffb03ae0000 - 0x00007ffb03af8000 	C:\WINDOWS\system32\napinsp.dll
0x00007ffb03ac0000 - 0x00007ffb03ad2000 	C:\WINDOWS\System32\winrnr.dll
0x00007ffb03a90000 - 0x00007ffb03ab8000 	C:\WINDOWS\system32\nlansp_c.dll
0x00007ffb03a70000 - 0x00007ffb03a86000 	C:\WINDOWS\system32\wshbth.dll
0x00007ffb20490000 - 0x00007ffb2049b000 	C:\Windows\System32\rasadhlp.dll
0x00007ffb219c0000 - 0x00007ffb21a46000 	C:\WINDOWS\System32\fwpuclnt.dll

dbghelp: loaded successfully - version: 4.0.5 - missing functions: none
symbol engine: initialized successfully - sym options: 0x614 - pdb path: .;C:\Program Files\Eclipse Adoptium\jdk-17.0.16.8-hotspot\bin;C:\WINDOWS\SYSTEM32;C:\WINDOWS\WinSxS\amd64_microsoft.windows.common-controls_6595b64144ccf1df_6.0.26100.5074_none_3e0d6f78e32fd63f;C:\Program Files\Eclipse Adoptium\jdk-17.0.16.8-hotspot\bin\server;C:\Users\SANJU\.gradle\native\1def1411415f61bf3af743bc5b6707747c0891f09f0c88961ee8f79bc544acac\windows-amd64;C:\Users\SANJU\.gradle\native\0.2.7\x86_64-windows-gnu

VM Arguments:
jvm_args: --add-opens=java.base/java.lang=ALL-UNNAMED --add-opens=java.base/java.lang.invoke=ALL-UNNAMED --add-opens=java.base/java.util=ALL-UNNAMED --add-opens=java.prefs/java.util.prefs=ALL-UNNAMED --add-exports=jdk.compiler/com.sun.tools.javac.api=ALL-UNNAMED --add-exports=jdk.compiler/com.sun.tools.javac.util=ALL-UNNAMED --add-opens=java.base/java.util=ALL-UNNAMED --add-opens=java.prefs/java.util.prefs=ALL-UNNAMED --add-opens=java.base/java.nio.charset=ALL-UNNAMED --add-opens=java.base/java.net=ALL-UNNAMED --add-opens=java.base/java.util.concurrent.atomic=ALL-UNNAMED --add-opens=java.xml/javax.xml.namespace=ALL-UNNAMED -XX:MaxMetaspaceSize=512m -Xmx2048m -Dfile.encoding=windows-1252 -Duser.country=IN -Duser.language=en -Duser.variant -javaagent:C:\Users\SANJU\.gradle\wrapper\dists\gradle-8.13-bin\5xuhj0ry160q40clulazy9h7d\gradle-8.13\lib\agents\gradle-instrumentation-agent-8.13.jar 
java_command: org.gradle.launcher.daemon.bootstrap.GradleDaemon 8.13
java_class_path (initial): C:\Users\SANJU\.gradle\wrapper\dists\gradle-8.13-bin\5xuhj0ry160q40clulazy9h7d\gradle-8.13\lib\gradle-daemon-main-8.13.jar
Launcher Type: SUN_STANDARD

[Global flags]
     intx CICompilerCount                          = 4                                         {product} {ergonomic}
   size_t CompressedClassSpaceSize                 = 436207616                                 {product} {ergonomic}
     uint ConcGCThreads                            = 3                                         {product} {ergonomic}
     uint G1ConcRefinementThreads                  = 10                                        {product} {ergonomic}
   size_t G1HeapRegionSize                         = 1048576                                   {product} {ergonomic}
    uintx GCDrainStackTargetSize                   = 64                                        {product} {ergonomic}
   size_t InitialHeapSize                          = 125829120                                 {product} {ergonomic}
   size_t MarkStackSize                            = 4194304                                   {product} {ergonomic}
   size_t MaxHeapSize                              = 2147483648                                {product} {command line}
   size_t MaxMetaspaceSize                         = 536870912                                 {product} {command line}
   size_t MaxNewSize                               = 1287651328                                {product} {ergonomic}
   size_t MinHeapDeltaBytes                        = 1048576                                   {product} {ergonomic}
   size_t MinHeapSize                              = 8388608                                   {product} {ergonomic}
    uintx NonNMethodCodeHeapSize                   = 5839372                                {pd product} {ergonomic}
    uintx NonProfiledCodeHeapSize                  = 122909434                              {pd product} {ergonomic}
    uintx ProfiledCodeHeapSize                     = 122909434                              {pd product} {ergonomic}
    uintx ReservedCodeCacheSize                    = 251658240                              {pd product} {ergonomic}
     bool SegmentedCodeCache                       = true                                      {product} {ergonomic}
   size_t SoftMaxHeapSize                          = 2147483648                             {manageable} {ergonomic}
     bool UseCompressedClassPointers               = true                           {product lp64_product} {ergonomic}
     bool UseCompressedOops                        = true                           {product lp64_product} {ergonomic}
     bool UseG1GC                                  = true                                      {product} {ergonomic}
     bool UseLargePagesIndividualAllocation        = false                                  {pd product} {ergonomic}

Logging:
Log output configuration:
 #0: stdout all=warning uptime,level,tags
 #1: stderr all=off uptime,level,tags

Environment Variables:
JAVA_HOME=C:\Program Files\Eclipse Adoptium\jdk-17.0.16.8-hotspot
CLASSPATH=E:\Development\Projects\spotify\android\\gradle\wrapper\gradle-wrapper.jar
PATH=E:\Development\Projects\spotify\node_modules\.bin;E:\Development\Projects\node_modules\.bin;E:\Development\node_modules\.bin;E:\node_modules\.bin;C:\Users\SANJU\AppData\Local\nvm\v22.12.0\node_modules\npm\node_modules\@npmcli\run-script\lib\node-gyp-bin;C:\Program Files\Eclipse Adoptium\jdk-17.0.16.8-hotspot\bin;C:\Python313\Scripts\;C:\Python313\;C:\Windows\system32;C:\Windows;C:\Windows\System32\Wbem;C:\Windows\System32\WindowsPowerShell\v1.0\;C:\Windows\System32\OpenSSH\;C:\WINDOWS\system32;C:\WINDOWS;C:\WINDOWS\System32\Wbem;C:\WINDOWS\System32\WindowsPowerShell\v1.0\;C:\WINDOWS\System32\OpenSSH\;C:\Users\SANJU\AppData\Local\Microsoft\WindowsApps;C:\Program Files\Git\cmd;C:\ProgramData\chocolatey\bin;C:\Users\SANJU\AppData\Local\nvm;C:\nvm4w\nodejs;E:\cartoonMango\ngrok-v3-stable-windows-amd64;C:\Program Files\nodejs\;C:\Program Files\NVIDIA Corporation\NVIDIA app\NvDLISR;C:\WINDOWS\system32;C:\WINDOWS;C:\WINDOWS\System32\Wbem;C:\WINDOWS\System32\WindowsPowerShell\v1.0\;C:\WINDOWS\System32\OpenSSH\;C:\Program Files\Docker\Docker\resources\bin;C:\Program Files (x86)\NVIDIA Corporation\PhysX\Common;C:\Users\SANJU\AppData\Local\Android\Sdk\platform-tools;C:\Users\SANJU\AppData\Local\Android\Sdk\platform-tools;C:\Users\SANJU\AppData\Local\Android\Sdk\tools;C:\Users\SANJU\AppData\Local\Microsoft\WindowsApps;C:\Users\SANJU\AppData\Local\Programs\Microsoft VS Code\bin;C:\Program Files\Python311;C:\Users\SANJU\AppData\Local\Programs\Python\Python311;C:\Program Files\Python311\Scripts;C:\Program Files\Git\bin;C:\Program Files\Git\cmd;C:\Users\SANJU\AppData\Local\nvm;C:\nvm4w\nodejs;C:\Users\SANJU\AppData\Roaming\nvm;C:\Users\SANJU\AppData\Roaming\npm;C:\Program Files\Eclipse Adoptium\jdk-17.0.16.8-hotspot\bin;C:\Users\SANJU\AppData\Local\Programs\Windsurf\bin;;c:\Users\SANJU\AppData\Roaming\Code\User\globalStorage\github.copilot-chat\debugCommand
USERNAME=SANJU
LANG=en_US.UTF-8
OS=Windows_NT
PROCESSOR_IDENTIFIER=AMD64 Family 23 Model 96 Stepping 1, AuthenticAMD
TMP=C:\Users\SANJU\AppData\Local\Temp
TEMP=C:\Users\SANJU\AppData\Local\Temp



Periodic native trim disabled


---------------  S Y S T E M  ---------------

OS:
 Windows 11 , 64 bit Build 26100 (10.0.26100.5074)
OS uptime: 4 days 1:25 hours
Hyper-V role detected

CPU: total 12 (initial active 12) (12 cores per cpu, 2 threads per core) family 23 model 96 stepping 1 microcode 0x8600106, cx8, cmov, fxsr, ht, mmx, 3dnowpref, sse, sse2, sse3, ssse3, sse4a, sse4.1, sse4.2, popcnt, lzcnt, tsc, tscinvbit, avx, avx2, aes, clmul, bmi1, bmi2, adx, sha, fma, vzeroupper, clflush, clflushopt, hv
Processor Information for all 12 processors :
  Max Mhz: 3001, Current Mhz: 3001, Mhz Limit: 3001

Memory: 4k page, system-wide physical 7597M (617M free)
TotalPageFile size 30745M (AvailPageFile size 5M)
current process WorkingSet (physical memory assigned to process): 552M, peak: 557M
current process commit charge ("private bytes"): 605M, peak: 612M

vm_info: OpenJDK 64-Bit Server VM (17.0.16+8) for windows-amd64 JRE (17.0.16+8), built on Jul 16 2025 10:37:56 by "admin" with MS VC++ 17.7 (VS2022)

END.
