#
# There is insufficient memory for the Java Runtime Environment to continue.
# Native memory allocation (malloc) failed to allocate 1044816 bytes. Error detail: Chunk::new
# Possible reasons:
#   The system is out of physical RAM or swap space
#   This process is running with CompressedOops enabled, and the Java Heap may be blocking the growth of the native heap
# Possible solutions:
#   Reduce memory load on the system
#   Increase physical memory or swap space
#   Check if swap backing store is full
#   Decrease Java heap size (-Xmx/-Xms)
#   Decrease number of Java threads
#   Decrease Java thread stack sizes (-Xss)
#   Set larger code cache with -XX:ReservedCodeCacheSize=
#   JVM is running with Unscaled Compressed Oops mode in which the Java heap is
#     placed in the first 4GB address space. The Java Heap base address is the
#     maximum limit for the native heap growth. Please use -XX:HeapBaseMinAddress
#     to set the Java Heap base and to place the Java Heap above 4GB virtual address.
# This output file may be truncated or incomplete.
#
#  Out of Memory Error (arena.cpp:191), pid=5944, tid=21100
#
# JRE version: OpenJDK Runtime Environment Temurin-17.0.16+8 (17.0.16+8) (build 17.0.16+8)
# Java VM: OpenJDK 64-Bit Server VM Temurin-17.0.16+8 (17.0.16+8, mixed mode, sharing, tiered, compressed oops, compressed class ptrs, g1 gc, windows-amd64)
# No core dump will be written. Minidumps are not enabled by default on client versions of Windows
#

---------------  S U M M A R Y ------------

Command Line: --add-opens=java.base/java.lang=ALL-UNNAMED --add-opens=java.base/java.lang.invoke=ALL-UNNAMED --add-opens=java.base/java.util=ALL-UNNAMED --add-opens=java.prefs/java.util.prefs=ALL-UNNAMED --add-exports=jdk.compiler/com.sun.tools.javac.api=ALL-UNNAMED --add-exports=jdk.compiler/com.sun.tools.javac.util=ALL-UNNAMED --add-opens=java.base/java.util=ALL-UNNAMED --add-opens=java.prefs/java.util.prefs=ALL-UNNAMED --add-opens=java.base/java.nio.charset=ALL-UNNAMED --add-opens=java.base/java.net=ALL-UNNAMED --add-opens=java.base/java.util.concurrent.atomic=ALL-UNNAMED --add-opens=java.xml/javax.xml.namespace=ALL-UNNAMED -XX:MaxMetaspaceSize=512m -Xmx2048m -Dfile.encoding=windows-1252 -Duser.country=IN -Duser.language=en -Duser.variant -javaagent:C:\Users\SANJU\.gradle\wrapper\dists\gradle-8.13-bin\5xuhj0ry160q40clulazy9h7d\gradle-8.13\lib\agents\gradle-instrumentation-agent-8.13.jar org.gradle.launcher.daemon.bootstrap.GradleDaemon 8.13

Host: AMD Ryzen 5 4600H with Radeon Graphics         , 12 cores, 7G,  Windows 11 , 64 bit Build 26100 (10.0.26100.5074)
Time: Fri Oct  3 12:28:39 2025 India Standard Time elapsed time: 6760.638453 seconds (0d 1h 52m 40s)

---------------  T H R E A D  ---------------

Current thread (0x0000021affdac330):  JavaThread "C2 CompilerThread0" daemon [_thread_in_native, id=21100, stack(0x000000707e400000,0x000000707e500000)]


Current CompileTask:
C2:6760638 46917       4       org.gradle.api.internal.artifacts.ivyservice.resolveengine.graph.builder.ComponentState::restartIncomingEdges (38 bytes)

Stack: [0x000000707e400000,0x000000707e500000]
Native frames: (J=compiled Java code, j=interpreted, Vv=VM code, C=native code)
V  [jvm.dll+0x683169]
V  [jvm.dll+0x839ac8]
V  [jvm.dll+0x83b573]
V  [jvm.dll+0x83bbe3]
V  [jvm.dll+0x2473ff]
V  [jvm.dll+0xace94]
V  [jvm.dll+0xad52c]
V  [jvm.dll+0x2acc2f]
V  [jvm.dll+0x5891f9]
V  [jvm.dll+0x221182]
V  [jvm.dll+0x22157f]
V  [jvm.dll+0x21a580]
V  [jvm.dll+0x21765b]
V  [jvm.dll+0x1a32a0]
V  [jvm.dll+0x227b3c]
V  [jvm.dll+0x225ccb]
V  [jvm.dll+0x7ef2d8]
V  [jvm.dll+0x7e979c]
V  [jvm.dll+0x682047]
C  [ucrtbase.dll+0x37b0]
C  [KERNEL32.DLL+0x2e8d7]
C  [ntdll.dll+0x8d9c]


---------------  P R O C E S S  ---------------

Threads class SMR info:
_java_thread_list=0x0000021abb258e70, length=148, elements={
0x0000021af64b3230, 0x0000021affd85bb0, 0x0000021affd871f0, 0x0000021affda5fc0,
0x0000021affda6890, 0x0000021affda8470, 0x0000021affdaa420, 0x0000021affdac330,
0x0000021affdb88e0, 0x0000021affdd08e0, 0x0000021affdcf4a0, 0x0000021affdd1300,
0x0000021affdcf9b0, 0x0000021affdcef90, 0x0000021affdd1810, 0x0000021ab5d701c0,
0x0000021ab5d72a40, 0x0000021ab5d706d0, 0x0000021ab5d72f50, 0x0000021ab5d6f7a0,
0x0000021ab5d73460, 0x0000021ab5d73970, 0x0000021ab8d05f80, 0x0000021ab8c7e130,
0x0000021ab8c7e640, 0x0000021aba29e4c0, 0x0000021aba29dfb0, 0x0000021aba29e9d0,
0x0000021aba2a1c70, 0x0000021aba2a2180, 0x0000021aba2a2ba0, 0x0000021aba2a44f0,
0x0000021aba2a35c0, 0x0000021aba2a3fe0, 0x0000021ac1f675b0, 0x0000021ac4937a80,
0x0000021ac4f0f2c0, 0x0000021ab75069f0, 0x0000021ac2d8af70, 0x0000021ac315eed0,
0x0000021ac6000040, 0x0000021ab7513ca0, 0x0000021ab7512d70, 0x0000021ac5da6070,
0x0000021ac4941770, 0x0000021ac12690c0, 0x0000021ac4665c50, 0x0000021ac46684d0,
0x0000021ac4667090, 0x0000021ac126a500, 0x0000021ac126b430, 0x0000021ac1267c80,
0x0000021ac126af20, 0x0000021ac1268bb0, 0x0000021abb524b70, 0x0000021abb522800,
0x0000021ac4f0d2b0, 0x0000021ac6e6d920, 0x0000021ac6e6c4e0, 0x0000021ac6e6d410,
0x0000021ac6e6b5b0, 0x0000021ac6e6c9f0, 0x0000021ac6e6cf00, 0x0000021ac6e6a170,
0x0000021ac6e6a680, 0x0000021ac6e6ab90, 0x0000021ac6e6b0a0, 0x0000021ac6e6bac0,
0x0000021ac6e6bfd0, 0x0000021ac436b9d0, 0x0000021ac436bee0, 0x0000021ac436afb0,
0x0000021ac436b4c0, 0x0000021ac315d580, 0x0000021ac315e9c0, 0x0000021ac3160310,
0x0000021ac315d070, 0x0000021ac4c6e2a0, 0x0000021ac4c6f1d0, 0x0000021ac4c6e7b0,
0x0000021ac4c6ecc0, 0x0000021ac4c70610, 0x0000021ac4c6f6e0, 0x0000021ac4c6fbf0,
0x0000021ac4c71540, 0x0000021ac4c71a50, 0x0000021ac4c70100, 0x0000021ac4c70b20,
0x0000021ac56293b0, 0x0000021ac4767f50, 0x0000021ac5629dd0, 0x0000021ac4768970,
0x0000021ac6001ea0, 0x0000021ac261ff60, 0x0000021ac436c3f0, 0x0000021ac4938ec0,
0x0000021ac562cb60, 0x0000021ac56298c0, 0x0000021ac562b720, 0x0000021ac562a2e0,
0x0000021ac562a7f0, 0x0000021ac562bc30, 0x0000021ac562b210, 0x0000021ac562c650,
0x0000021ac4f0e8a0, 0x0000021ac4840230, 0x0000021ac483f300, 0x0000021ab7513280,
0x0000021ab7511930, 0x0000021ab75150e0, 0x0000021ab75146c0, 0x0000021ac261f030,
0x0000021ac261f540, 0x0000021ac2620470, 0x0000021ac2620980, 0x0000021ac5b74460,
0x0000021ac5b74e80, 0x0000021ac4840c50, 0x0000021ac483f810, 0x0000021ac4840740,
0x0000021ac483e3d0, 0x0000021ab7514bd0, 0x0000021ab7511e40, 0x0000021ab7513790,
0x0000021ab75141b0, 0x0000021ac60023b0, 0x0000021abb525590, 0x0000021ac46689e0,
0x0000021ac4668ef0, 0x0000021ac4666160, 0x0000021ac4666670, 0x0000021ac4666b80,
0x0000021ac46675a0, 0x0000021ac4667ab0, 0x0000021ac4667fc0, 0x0000021ac6c7fe00,
0x0000021ac6c80310, 0x0000021abb521de0, 0x0000021abb524150, 0x0000021ac3b7b070,
0x0000021ac3b7b580, 0x0000021ac3b7bfa0, 0x0000021ac4112300, 0x0000021ac4115090,
0x0000021ac4112810, 0x0000021ac41155a0, 0x0000021ac60028c0, 0x0000021ac6c7dfa0
}

Java Threads: ( => current thread )
  0x0000021af64b3230 JavaThread "main" [_thread_blocked, id=20344, stack(0x000000707d700000,0x000000707d800000)]
  0x0000021affd85bb0 JavaThread "Reference Handler" daemon [_thread_blocked, id=11340, stack(0x000000707de00000,0x000000707df00000)]
  0x0000021affd871f0 JavaThread "Finalizer" daemon [_thread_blocked, id=30460, stack(0x000000707df00000,0x000000707e000000)]
  0x0000021affda5fc0 JavaThread "Signal Dispatcher" daemon [_thread_blocked, id=28276, stack(0x000000707e000000,0x000000707e100000)]
  0x0000021affda6890 JavaThread "Attach Listener" daemon [_thread_blocked, id=30044, stack(0x000000707e100000,0x000000707e200000)]
  0x0000021affda8470 JavaThread "Service Thread" daemon [_thread_blocked, id=17064, stack(0x000000707e200000,0x000000707e300000)]
  0x0000021affdaa420 JavaThread "Monitor Deflation Thread" daemon [_thread_blocked, id=10828, stack(0x000000707e300000,0x000000707e400000)]
=>0x0000021affdac330 JavaThread "C2 CompilerThread0" daemon [_thread_in_native, id=21100, stack(0x000000707e400000,0x000000707e500000)]
  0x0000021affdb88e0 JavaThread "C1 CompilerThread0" daemon [_thread_blocked, id=14776, stack(0x000000707e500000,0x000000707e600000)]
  0x0000021affdd08e0 JavaThread "Sweeper thread" daemon [_thread_blocked, id=30464, stack(0x000000707e600000,0x000000707e700000)]
  0x0000021affdcf4a0 JavaThread "Common-Cleaner" daemon [_thread_blocked, id=28820, stack(0x000000707e700000,0x000000707e800000)]
  0x0000021affdd1300 JavaThread "Notification Thread" daemon [_thread_blocked, id=16956, stack(0x000000707e800000,0x000000707e900000)]
  0x0000021affdcf9b0 JavaThread "Daemon health stats" [_thread_blocked, id=20320, stack(0x000000707ef00000,0x000000707f000000)]
  0x0000021affdcef90 JavaThread "Incoming local TCP Connector on port 53673" [_thread_in_native, id=13108, stack(0x000000707ea00000,0x000000707eb00000)]
  0x0000021affdd1810 JavaThread "Daemon periodic checks" [_thread_blocked, id=27020, stack(0x000000707f000000,0x000000707f100000)]
  0x0000021ab5d701c0 JavaThread "Cache worker for journal cache (C:\Users\SANJU\.gradle\caches\journal-1)" [_thread_blocked, id=4908, stack(0x000000707f900000,0x000000707fa00000)]
  0x0000021ab5d72a40 JavaThread "File lock request listener" [_thread_in_native, id=4220, stack(0x000000707fa00000,0x000000707fb00000)]
  0x0000021ab5d706d0 JavaThread "Cache worker for file hash cache (C:\Users\SANJU\.gradle\caches\8.13\fileHashes)" [_thread_blocked, id=23304, stack(0x000000707fb00000,0x000000707fc00000)]
  0x0000021ab5d72f50 JavaThread "File watcher server" daemon [_thread_in_native, id=6480, stack(0x0000007000500000,0x0000007000600000)]
  0x0000021ab5d6f7a0 JavaThread "File watcher consumer" daemon [_thread_blocked, id=22404, stack(0x0000007000600000,0x0000007000700000)]
  0x0000021ab5d73460 JavaThread "jar transforms" [_thread_blocked, id=6548, stack(0x0000007000800000,0x0000007000900000)]
  0x0000021ab5d73970 JavaThread "Cache worker for file content cache (C:\Users\SANJU\.gradle\caches\8.13\fileContent)" [_thread_blocked, id=28988, stack(0x0000007000a00000,0x0000007000b00000)]
  0x0000021ab8d05f80 JavaThread "Memory manager" [_thread_blocked, id=30372, stack(0x0000007000e00000,0x0000007000f00000)]
  0x0000021ab8c7e130 JavaThread "jar transforms Thread 2" [_thread_blocked, id=19260, stack(0x0000007009c00000,0x0000007009d00000)]
  0x0000021ab8c7e640 JavaThread "jar transforms Thread 3" [_thread_blocked, id=23112, stack(0x0000007009d00000,0x0000007009e00000)]
  0x0000021aba29e4c0 JavaThread "jar transforms Thread 4" [_thread_blocked, id=22696, stack(0x000000700a800000,0x000000700a900000)]
  0x0000021aba29dfb0 JavaThread "jar transforms Thread 5" [_thread_blocked, id=8072, stack(0x000000700a900000,0x000000700aa00000)]
  0x0000021aba29e9d0 JavaThread "jar transforms Thread 6" [_thread_blocked, id=12180, stack(0x000000700aa00000,0x000000700ab00000)]
  0x0000021aba2a1c70 JavaThread "jar transforms Thread 7" [_thread_blocked, id=27604, stack(0x000000700ad00000,0x000000700ae00000)]
  0x0000021aba2a2180 JavaThread "jar transforms Thread 8" [_thread_blocked, id=25424, stack(0x000000700ae00000,0x000000700af00000)]
  0x0000021aba2a2ba0 JavaThread "jar transforms Thread 9" [_thread_blocked, id=17120, stack(0x000000700af00000,0x000000700b000000)]
  0x0000021aba2a44f0 JavaThread "jar transforms Thread 10" [_thread_blocked, id=10632, stack(0x000000700b000000,0x000000700b100000)]
  0x0000021aba2a35c0 JavaThread "jar transforms Thread 11" [_thread_blocked, id=604, stack(0x000000700b100000,0x000000700b200000)]
  0x0000021aba2a3fe0 JavaThread "jar transforms Thread 12" [_thread_blocked, id=21804, stack(0x000000700b200000,0x000000700b300000)]
  0x0000021ac1f675b0 JavaThread "pool-3-thread-1" [_thread_blocked, id=24848, stack(0x000000700b400000,0x000000700b500000)]
  0x0000021ac4937a80 JavaThread "pool-6-thread-1" [_thread_blocked, id=18416, stack(0x000000700bf00000,0x000000700c000000)]
  0x0000021ac4f0f2c0 JavaThread "RMI Scheduler(0)" daemon [_thread_blocked, id=30704, stack(0x000000700cf00000,0x000000700d000000)]
  0x0000021ab75069f0 JavaThread "RMI TCP Accept-0" daemon [_thread_in_native, id=20892, stack(0x000000700d200000,0x000000700d300000)]
  0x0000021ac2d8af70 JavaThread "Cache worker for Java compile cache (C:\Users\SANJU\.gradle\caches\8.13\javaCompile)" [_thread_blocked, id=25648, stack(0x0000007007100000,0x0000007007200000)]
  0x0000021ac315eed0 JavaThread "pool-11-thread-1" [_thread_blocked, id=7840, stack(0x0000007008e00000,0x0000007008f00000)]
  0x0000021ac6000040 JavaThread "pool-14-thread-1" [_thread_blocked, id=19904, stack(0x000000700c200000,0x000000700c300000)]
  0x0000021ab7513ca0 JavaThread "RMI GC Daemon" daemon [_thread_blocked, id=30236, stack(0x000000700e600000,0x000000700e700000)]
  0x0000021ab7512d70 JavaThread "RMI Reaper" [_thread_blocked, id=15788, stack(0x000000700e700000,0x000000700e800000)]
  0x0000021ac5da6070 JavaThread "pool-19-thread-1" [_thread_blocked, id=25840, stack(0x000000700b700000,0x000000700b800000)]
  0x0000021ac4941770 JavaThread "pool-22-thread-1" [_thread_blocked, id=8860, stack(0x000000700c000000,0x000000700c100000)]
  0x0000021ac12690c0 JavaThread "Daemon Thread 7" [_thread_blocked, id=23940, stack(0x0000007000100000,0x0000007000200000)]
  0x0000021ac4665c50 JavaThread "Handler for socket connection from /127.0.0.1:53673 to /127.0.0.1:51253" [_thread_in_native, id=20740, stack(0x0000007000200000,0x0000007000300000)]
  0x0000021ac46684d0 JavaThread "Cancel handler" [_thread_blocked, id=17388, stack(0x0000007000700000,0x0000007000800000)]
  0x0000021ac4667090 JavaThread "Daemon worker Thread 7" [_thread_in_native, id=23900, stack(0x0000007000900000,0x0000007000a00000)]
  0x0000021ac126a500 JavaThread "Asynchronous log dispatcher for DefaultDaemonConnection: socket connection from /127.0.0.1:53673 to /127.0.0.1:51253" [_thread_blocked, id=13848, stack(0x0000007000b00000,0x0000007000c00000)]
  0x0000021ac126b430 JavaThread "Stdin handler" [_thread_blocked, id=11956, stack(0x0000007000c00000,0x0000007000d00000)]
  0x0000021ac1267c80 JavaThread "Daemon client event forwarder" [_thread_blocked, id=9176, stack(0x0000007000d00000,0x0000007000e00000)]
  0x0000021ac126af20 JavaThread "Cache worker for file hash cache (E:\Development\Projects\spotify\android\.gradle\8.13\fileHashes)" [_thread_blocked, id=7140, stack(0x0000007000f00000,0x0000007001000000)]
  0x0000021ac1268bb0 JavaThread "Cache worker for Build Output Cleanup Cache (E:\Development\Projects\spotify\android\.gradle\buildOutputCleanup)" [_thread_blocked, id=5524, stack(0x0000007001000000,0x0000007001100000)]
  0x0000021abb524b70 JavaThread "Cache worker for checksums cache (E:\Development\Projects\spotify\android\.gradle\8.13\checksums)" [_thread_blocked, id=19692, stack(0x0000007001100000,0x0000007001200000)]
  0x0000021abb522800 JavaThread "Cache worker for cache directory md-supplier (C:\Users\SANJU\.gradle\caches\8.13\md-supplier)" [_thread_blocked, id=8216, stack(0x0000007001200000,0x0000007001300000)]
  0x0000021ac4f0d2b0 JavaThread "Cache worker for cache directory md-rule (C:\Users\SANJU\.gradle\caches\8.13\md-rule)" [_thread_blocked, id=23920, stack(0x0000007001300000,0x0000007001400000)]
  0x0000021ac6e6d920 JavaThread "Cache worker for Build Output Cleanup Cache (E:\Development\Projects\spotify\node_modules\@react-native\gradle-plugin\.gradle\buildOutputCleanup)" [_thread_blocked, id=11344, stack(0x0000007001400000,0x0000007001500000)]
  0x0000021ac6e6c4e0 JavaThread "Unconstrained build operations" [_thread_blocked, id=1500, stack(0x0000007001500000,0x0000007001600000)]
  0x0000021ac6e6d410 JavaThread "Unconstrained build operations Thread 2" [_thread_blocked, id=892, stack(0x0000007001600000,0x0000007001700000)]
  0x0000021ac6e6b5b0 JavaThread "Unconstrained build operations Thread 3" [_thread_blocked, id=24664, stack(0x0000007001700000,0x0000007001800000)]
  0x0000021ac6e6c9f0 JavaThread "Unconstrained build operations Thread 4" [_thread_blocked, id=25784, stack(0x0000007001800000,0x0000007001900000)]
  0x0000021ac6e6cf00 JavaThread "Unconstrained build operations Thread 5" [_thread_blocked, id=11872, stack(0x0000007001900000,0x0000007001a00000)]
  0x0000021ac6e6a170 JavaThread "Unconstrained build operations Thread 6" [_thread_blocked, id=28624, stack(0x0000007001a00000,0x0000007001b00000)]
  0x0000021ac6e6a680 JavaThread "Unconstrained build operations Thread 7" [_thread_blocked, id=13400, stack(0x0000007001b00000,0x0000007001c00000)]
  0x0000021ac6e6ab90 JavaThread "Unconstrained build operations Thread 8" [_thread_blocked, id=24888, stack(0x0000007001c00000,0x0000007001d00000)]
  0x0000021ac6e6b0a0 JavaThread "Unconstrained build operations Thread 9" [_thread_blocked, id=884, stack(0x0000007001d00000,0x0000007001e00000)]
  0x0000021ac6e6bac0 JavaThread "Unconstrained build operations Thread 10" [_thread_blocked, id=2092, stack(0x0000007001e00000,0x0000007001f00000)]
  0x0000021ac6e6bfd0 JavaThread "Unconstrained build operations Thread 11" [_thread_blocked, id=10460, stack(0x0000007001f00000,0x0000007002000000)]
  0x0000021ac436b9d0 JavaThread "Unconstrained build operations Thread 12" [_thread_blocked, id=23136, stack(0x0000007002000000,0x0000007002100000)]
  0x0000021ac436bee0 JavaThread "Unconstrained build operations Thread 13" [_thread_blocked, id=16616, stack(0x0000007002100000,0x0000007002200000)]
  0x0000021ac436afb0 JavaThread "Unconstrained build operations Thread 14" [_thread_blocked, id=11508, stack(0x0000007002200000,0x0000007002300000)]
  0x0000021ac436b4c0 JavaThread "Unconstrained build operations Thread 15" [_thread_blocked, id=10472, stack(0x0000007002300000,0x0000007002400000)]
  0x0000021ac315d580 JavaThread "Unconstrained build operations Thread 16" [_thread_blocked, id=21580, stack(0x0000007002400000,0x0000007002500000)]
  0x0000021ac315e9c0 JavaThread "Unconstrained build operations Thread 17" [_thread_blocked, id=27208, stack(0x0000007002500000,0x0000007002600000)]
  0x0000021ac3160310 JavaThread "Unconstrained build operations Thread 18" [_thread_blocked, id=22252, stack(0x0000007002600000,0x0000007002700000)]
  0x0000021ac315d070 JavaThread "Unconstrained build operations Thread 19" [_thread_blocked, id=22488, stack(0x0000007002700000,0x0000007002800000)]
  0x0000021ac4c6e2a0 JavaThread "Unconstrained build operations Thread 20" [_thread_blocked, id=4380, stack(0x0000007002800000,0x0000007002900000)]
  0x0000021ac4c6f1d0 JavaThread "Unconstrained build operations Thread 21" [_thread_blocked, id=28432, stack(0x0000007002900000,0x0000007002a00000)]
  0x0000021ac4c6e7b0 JavaThread "Unconstrained build operations Thread 22" [_thread_blocked, id=23536, stack(0x0000007002a00000,0x0000007002b00000)]
  0x0000021ac4c6ecc0 JavaThread "Unconstrained build operations Thread 23" [_thread_blocked, id=16308, stack(0x0000007002b00000,0x0000007002c00000)]
  0x0000021ac4c70610 JavaThread "Unconstrained build operations Thread 24" [_thread_blocked, id=21552, stack(0x0000007002c00000,0x0000007002d00000)]
  0x0000021ac4c6f6e0 JavaThread "Unconstrained build operations Thread 25" [_thread_blocked, id=9356, stack(0x0000007002d00000,0x0000007002e00000)]
  0x0000021ac4c6fbf0 JavaThread "Unconstrained build operations Thread 26" [_thread_blocked, id=8080, stack(0x0000007002e00000,0x0000007002f00000)]
  0x0000021ac4c71540 JavaThread "build event listener" [_thread_blocked, id=24240, stack(0x0000007002f00000,0x0000007003000000)]
  0x0000021ac4c71a50 JavaThread "ForkJoinPool.commonPool-worker-46" daemon [_thread_blocked, id=16708, stack(0x0000007003000000,0x0000007003100000)]
  0x0000021ac4c70100 JavaThread "ForkJoinPool.commonPool-worker-47" daemon [_thread_blocked, id=23368, stack(0x0000007003100000,0x0000007003200000)]
  0x0000021ac4c70b20 JavaThread "ForkJoinPool.commonPool-worker-48" daemon [_thread_blocked, id=16324, stack(0x0000007003200000,0x0000007003300000)]
  0x0000021ac56293b0 JavaThread "ForkJoinPool.commonPool-worker-49" daemon [_thread_blocked, id=28268, stack(0x0000007003300000,0x0000007003400000)]
  0x0000021ac4767f50 JavaThread "ForkJoinPool.commonPool-worker-50" daemon [_thread_blocked, id=7472, stack(0x0000007003400000,0x0000007003500000)]
  0x0000021ac5629dd0 JavaThread "ForkJoinPool.commonPool-worker-51" daemon [_thread_blocked, id=17364, stack(0x0000007003500000,0x0000007003600000)]
  0x0000021ac4768970 JavaThread "ForkJoinPool.commonPool-worker-52" daemon [_thread_blocked, id=10396, stack(0x0000007003600000,0x0000007003700000)]
  0x0000021ac6001ea0 JavaThread "ForkJoinPool.commonPool-worker-54" daemon [_thread_blocked, id=24120, stack(0x0000007003700000,0x0000007003800000)]
  0x0000021ac261ff60 JavaThread "ForkJoinPool.commonPool-worker-53" daemon [_thread_blocked, id=14036, stack(0x0000007003800000,0x0000007003900000)]
  0x0000021ac436c3f0 JavaThread "ForkJoinPool.commonPool-worker-55" daemon [_thread_blocked, id=30400, stack(0x0000007003900000,0x0000007003a00000)]
  0x0000021ac4938ec0 JavaThread "included builds" [_thread_blocked, id=7264, stack(0x0000007003a00000,0x0000007003b00000)]
  0x0000021ac562cb60 JavaThread "Execution worker" [_thread_blocked, id=2600, stack(0x0000007003b00000,0x0000007003c00000)]
  0x0000021ac56298c0 JavaThread "Execution worker Thread 2" [_thread_blocked, id=14232, stack(0x0000007003c00000,0x0000007003d00000)]
  0x0000021ac562b720 JavaThread "Execution worker Thread 3" [_thread_blocked, id=14456, stack(0x0000007003d00000,0x0000007003e00000)]
  0x0000021ac562a2e0 JavaThread "Execution worker Thread 4" [_thread_blocked, id=17944, stack(0x0000007003e00000,0x0000007003f00000)]
  0x0000021ac562a7f0 JavaThread "Execution worker Thread 5" [_thread_blocked, id=20116, stack(0x0000007003f00000,0x0000007004000000)]
  0x0000021ac562bc30 JavaThread "Execution worker Thread 6" [_thread_blocked, id=14672, stack(0x0000007004000000,0x0000007004100000)]
  0x0000021ac562b210 JavaThread "Execution worker Thread 7" [_thread_blocked, id=26784, stack(0x0000007004100000,0x0000007004200000)]
  0x0000021ac562c650 JavaThread "Execution worker Thread 8" [_thread_blocked, id=5060, stack(0x0000007004200000,0x0000007004300000)]
  0x0000021ac4f0e8a0 JavaThread "Execution worker Thread 9" [_thread_blocked, id=25980, stack(0x0000007004300000,0x0000007004400000)]
  0x0000021ac4840230 JavaThread "Execution worker Thread 10" [_thread_blocked, id=27124, stack(0x0000007004400000,0x0000007004500000)]
  0x0000021ac483f300 JavaThread "Execution worker Thread 11" [_thread_blocked, id=18960, stack(0x0000007004500000,0x0000007004600000)]
  0x0000021ab7513280 JavaThread "Cache worker for execution history cache (E:\Development\Projects\spotify\node_modules\@react-native\gradle-plugin\.gradle\8.13\executionHistory)" [_thread_blocked, id=16412, stack(0x0000007004600000,0x0000007004700000)]
  0x0000021ab7511930 JavaThread "Unconstrained build operations Thread 27" [_thread_blocked, id=7768, stack(0x0000007004700000,0x0000007004800000)]
  0x0000021ab75150e0 JavaThread "Unconstrained build operations Thread 28" [_thread_blocked, id=13548, stack(0x0000007004800000,0x0000007004900000)]
  0x0000021ab75146c0 JavaThread "Unconstrained build operations Thread 29" [_thread_blocked, id=5576, stack(0x0000007004900000,0x0000007004a00000)]
  0x0000021ac261f030 JavaThread "Unconstrained build operations Thread 30" [_thread_blocked, id=8820, stack(0x0000007004a00000,0x0000007004b00000)]
  0x0000021ac261f540 JavaThread "Unconstrained build operations Thread 31" [_thread_blocked, id=16260, stack(0x0000007004b00000,0x0000007004c00000)]
  0x0000021ac2620470 JavaThread "Unconstrained build operations Thread 32" [_thread_blocked, id=20504, stack(0x0000007004c00000,0x0000007004d00000)]
  0x0000021ac2620980 JavaThread "Unconstrained build operations Thread 33" [_thread_blocked, id=8376, stack(0x0000007004d00000,0x0000007004e00000)]
  0x0000021ac5b74460 JavaThread "Unconstrained build operations Thread 34" [_thread_blocked, id=19444, stack(0x0000007004e00000,0x0000007004f00000)]
  0x0000021ac5b74e80 JavaThread "Unconstrained build operations Thread 35" [_thread_blocked, id=29256, stack(0x0000007004f00000,0x0000007005000000)]
  0x0000021ac4840c50 JavaThread "Unconstrained build operations Thread 36" [_thread_blocked, id=13612, stack(0x0000007005000000,0x0000007005100000)]
  0x0000021ac483f810 JavaThread "Unconstrained build operations Thread 37" [_thread_blocked, id=19560, stack(0x0000007005100000,0x0000007005200000)]
  0x0000021ac4840740 JavaThread "Unconstrained build operations Thread 38" [_thread_blocked, id=23352, stack(0x0000007005200000,0x0000007005300000)]
  0x0000021ac483e3d0 JavaThread "Unconstrained build operations Thread 39" [_thread_blocked, id=2044, stack(0x0000007005300000,0x0000007005400000)]
  0x0000021ab7514bd0 JavaThread "Unconstrained build operations Thread 40" [_thread_blocked, id=11828, stack(0x0000007005400000,0x0000007005500000)]
  0x0000021ab7511e40 JavaThread "Unconstrained build operations Thread 41" [_thread_blocked, id=5212, stack(0x0000007005500000,0x0000007005600000)]
  0x0000021ab7513790 JavaThread "Unconstrained build operations Thread 42" [_thread_blocked, id=18412, stack(0x0000007005600000,0x0000007005700000)]
  0x0000021ab75141b0 JavaThread "Unconstrained build operations Thread 43" [_thread_blocked, id=8164, stack(0x0000007005700000,0x0000007005800000)]
  0x0000021ac60023b0 JavaThread "Unconstrained build operations Thread 44" [_thread_blocked, id=17816, stack(0x0000007005800000,0x0000007005900000)]
  0x0000021abb525590 JavaThread "Unconstrained build operations Thread 45" [_thread_blocked, id=20916, stack(0x0000007005900000,0x0000007005a00000)]
  0x0000021ac46689e0 JavaThread "Unconstrained build operations Thread 46" [_thread_blocked, id=18524, stack(0x0000007005a00000,0x0000007005b00000)]
  0x0000021ac4668ef0 JavaThread "Unconstrained build operations Thread 47" [_thread_blocked, id=25048, stack(0x0000007005b00000,0x0000007005c00000)]
  0x0000021ac4666160 JavaThread "Unconstrained build operations Thread 48" [_thread_blocked, id=23956, stack(0x0000007005c00000,0x0000007005d00000)]
  0x0000021ac4666670 JavaThread "Unconstrained build operations Thread 49" [_thread_blocked, id=17100, stack(0x0000007005d00000,0x0000007005e00000)]
  0x0000021ac4666b80 JavaThread "Unconstrained build operations Thread 50" [_thread_blocked, id=19684, stack(0x0000007005e00000,0x0000007005f00000)]
  0x0000021ac46675a0 JavaThread "Unconstrained build operations Thread 51" [_thread_blocked, id=22816, stack(0x0000007005f00000,0x0000007006000000)]
  0x0000021ac4667ab0 JavaThread "Unconstrained build operations Thread 52" [_thread_blocked, id=16240, stack(0x0000007006000000,0x0000007006100000)]
  0x0000021ac4667fc0 JavaThread "Unconstrained build operations Thread 53" [_thread_blocked, id=24564, stack(0x0000007006100000,0x0000007006200000)]
  0x0000021ac6c7fe00 JavaThread "Unconstrained build operations Thread 54" [_thread_blocked, id=17652, stack(0x0000007006200000,0x0000007006300000)]
  0x0000021ac6c80310 JavaThread "Unconstrained build operations Thread 55" [_thread_blocked, id=22740, stack(0x0000007006300000,0x0000007006400000)]
  0x0000021abb521de0 JavaThread "Unconstrained build operations Thread 56" [_thread_blocked, id=11248, stack(0x0000007006400000,0x0000007006500000)]
  0x0000021abb524150 JavaThread "Unconstrained build operations Thread 57" [_thread_blocked, id=30388, stack(0x0000007006500000,0x0000007006600000)]
  0x0000021ac3b7b070 JavaThread "Unconstrained build operations Thread 58" [_thread_blocked, id=29692, stack(0x0000007006600000,0x0000007006700000)]
  0x0000021ac3b7b580 JavaThread "Unconstrained build operations Thread 59" [_thread_blocked, id=7272, stack(0x0000007006700000,0x0000007006800000)]
  0x0000021ac3b7bfa0 JavaThread "Unconstrained build operations Thread 60" [_thread_blocked, id=27528, stack(0x0000007006800000,0x0000007006900000)]
  0x0000021ac4112300 JavaThread "Unconstrained build operations Thread 61" [_thread_blocked, id=2912, stack(0x0000007006900000,0x0000007006a00000)]
  0x0000021ac4115090 JavaThread "Unconstrained build operations Thread 62" [_thread_blocked, id=25212, stack(0x0000007006a00000,0x0000007006b00000)]
  0x0000021ac4112810 JavaThread "Unconstrained build operations Thread 63" [_thread_blocked, id=10100, stack(0x0000007006b00000,0x0000007006c00000)]
  0x0000021ac41155a0 JavaThread "Unconstrained build operations Thread 64" [_thread_blocked, id=24884, stack(0x0000007006c00000,0x0000007006d00000)]
  0x0000021ac60028c0 JavaThread "Unconstrained build operations Thread 65" [_thread_blocked, id=2252, stack(0x0000007006d00000,0x0000007006e00000)]
  0x0000021ac6c7dfa0 JavaThread "Unconstrained build operations Thread 66" [_thread_blocked, id=21720, stack(0x0000007006e00000,0x0000007006f00000)]

Other Threads:
  0x0000021affd7c490 VMThread "VM Thread" [stack: 0x000000707dd00000,0x000000707de00000] [id=23200]
  0x0000021ab41b7be0 WatcherThread [stack: 0x000000707e900000,0x000000707ea00000] [id=30024]
  0x0000021af65123a0 GCTaskThread "GC Thread#0" [stack: 0x000000707d800000,0x000000707d900000] [id=22440]
  0x0000021ab457a230 GCTaskThread "GC Thread#1" [stack: 0x000000707ec00000,0x000000707ed00000] [id=26520]
  0x0000021ab494f120 GCTaskThread "GC Thread#2" [stack: 0x000000707ed00000,0x000000707ee00000] [id=5528]
  0x0000021ab4f49880 GCTaskThread "GC Thread#3" [stack: 0x000000707eb00000,0x000000707ec00000] [id=1136]
  0x0000021ab4dadab0 GCTaskThread "GC Thread#4" [stack: 0x000000707ee00000,0x000000707ef00000] [id=24768]
  0x0000021ab6a658a0 GCTaskThread "GC Thread#5" [stack: 0x000000707fc00000,0x000000707fd00000] [id=17520]
  0x0000021ab637ae60 GCTaskThread "GC Thread#6" [stack: 0x000000707fd00000,0x000000707fe00000] [id=6068]
  0x0000021ab6325810 GCTaskThread "GC Thread#7" [stack: 0x000000707fe00000,0x000000707ff00000] [id=12360]
  0x0000021ab6325ee0 GCTaskThread "GC Thread#8" [stack: 0x000000707ff00000,0x0000007080000000] [id=16552]
  0x0000021ab63261a0 GCTaskThread "GC Thread#9" [stack: 0x0000007000000000,0x0000007000100000] [id=16352]
  0x0000021af6523200 ConcurrentGCThread "G1 Main Marker" [stack: 0x000000707d900000,0x000000707da00000] [id=10720]
  0x0000021af6525810 ConcurrentGCThread "G1 Conc#0" [stack: 0x000000707da00000,0x000000707db00000] [id=30592]
  0x0000021ab8f5db90 ConcurrentGCThread "G1 Conc#1" [stack: 0x0000007000300000,0x0000007000400000] [id=12204]
  0x0000021ab8f5c010 ConcurrentGCThread "G1 Conc#2" [stack: 0x0000007000400000,0x0000007000500000] [id=18820]
  0x0000021af655e890 ConcurrentGCThread "G1 Refine#0" [stack: 0x000000707db00000,0x000000707dc00000] [id=22612]
  0x0000021abb235340 ConcurrentGCThread "G1 Refine#1" [stack: 0x000000700ac00000,0x000000700ad00000] [id=18876]
  0x0000021ab4191650 ConcurrentGCThread "G1 Refine#2" [stack: 0x000000700b300000,0x000000700b400000] [id=15564]
  0x0000021ab4a4d090 ConcurrentGCThread "G1 Refine#3" [stack: 0x000000700b800000,0x000000700b900000] [id=27560]
  0x0000021ab916d7c0 ConcurrentGCThread "G1 Refine#4" [stack: 0x000000700b900000,0x000000700ba00000] [id=6264]
  0x0000021ab4a4cda0 ConcurrentGCThread "G1 Refine#5" [stack: 0x000000700ba00000,0x000000700bb00000] [id=26112]
  0x0000021ab811ba90 ConcurrentGCThread "G1 Refine#6" [stack: 0x000000700bb00000,0x000000700bc00000] [id=10908]
  0x0000021ab916cef0 ConcurrentGCThread "G1 Refine#7" [stack: 0x000000700bc00000,0x000000700bd00000] [id=22372]
  0x0000021ab916dab0 ConcurrentGCThread "G1 Refine#8" [stack: 0x000000700bd00000,0x000000700be00000] [id=14420]
  0x0000021ab916d1e0 ConcurrentGCThread "G1 Refine#9" [stack: 0x000000700be00000,0x000000700bf00000] [id=7944]
  0x0000021affc3b270 ConcurrentGCThread "G1 Service" [stack: 0x000000707dc00000,0x000000707dd00000] [id=27556]

Threads with active compile tasks:
C2 CompilerThread0  6760701 46917       4       org.gradle.api.internal.artifacts.ivyservice.resolveengine.graph.builder.ComponentState::restartIncomingEdges (38 bytes)

VM state: not at safepoint (normal execution)

VM Mutex/Monitor currently owned by a thread: None

Heap address: 0x0000000080000000, size: 2048 MB, Compressed Oops mode: 32-bit

CDS archive(s) mapped at: [0x0000021a95000000-0x0000021a95bb0000-0x0000021a95bb0000), size 12255232, SharedBaseAddress: 0x0000021a95000000, ArchiveRelocationMode: 1.
Compressed class space mapped at: 0x0000021a96000000-0x0000021ab0000000, reserved size: 436207616
Narrow klass base: 0x0000021a95000000, Narrow klass shift: 0, Narrow klass range: 0x100000000

GC Precious Log:
 CPUs: 12 total, 12 available
 Memory: 7597M
 Large Page Support: Disabled
 NUMA Support: Disabled
 Compressed Oops: Enabled (32-bit)
 Heap Region Size: 1M
 Heap Min Capacity: 8M
 Heap Initial Capacity: 120M
 Heap Max Capacity: 2G
 Pre-touch: Disabled
 Parallel Workers: 10
 Concurrent Workers: 3
 Concurrent Refinement Workers: 10
 Periodic GC: Disabled

Heap:
 garbage-first heap   total 1073152K, used 695082K [0x0000000080000000, 0x0000000100000000)
  region size 1024K, 291 young (297984K), 26 survivors (26624K)
 Metaspace       used 197314K, committed 200128K, reserved 622592K
  class space    used 25600K, committed 27072K, reserved 425984K

Heap Regions: E=young(eden), S=young(survivor), O=old, HS=humongous(starts), HC=humongous(continues), CS=collection set, F=free, OA=open archive, CA=closed archive, TAMS=top-at-mark-start (previous, next)
|   0|0x0000000080000000, 0x0000000080100000, 0x0000000080100000|100%|HS|  |TAMS 0x0000000080100000, 0x0000000080000000| Complete 
|   1|0x0000000080100000, 0x0000000080200000, 0x0000000080200000|100%|HC|  |TAMS 0x0000000080200000, 0x0000000080100000| Complete 
|   2|0x0000000080200000, 0x0000000080300000, 0x0000000080300000|100%|HC|  |TAMS 0x0000000080300000, 0x0000000080200000| Complete 
|   3|0x0000000080300000, 0x0000000080400000, 0x0000000080400000|100%| O|  |TAMS 0x0000000080400000, 0x0000000080300000| Untracked 
|   4|0x0000000080400000, 0x0000000080500000, 0x0000000080500000|100%| O|  |TAMS 0x0000000080500000, 0x0000000080400000| Untracked 
|   5|0x0000000080500000, 0x0000000080600000, 0x0000000080600000|100%| O|  |TAMS 0x0000000080600000, 0x0000000080500000| Untracked 
|   6|0x0000000080600000, 0x0000000080700000, 0x0000000080700000|100%|HS|  |TAMS 0x0000000080700000, 0x0000000080600000| Complete 
|   7|0x0000000080700000, 0x0000000080800000, 0x0000000080800000|100%| O|  |TAMS 0x0000000080800000, 0x0000000080700000| Untracked 
|   8|0x0000000080800000, 0x0000000080900000, 0x0000000080900000|100%| O|  |TAMS 0x0000000080900000, 0x0000000080800000| Untracked 
|   9|0x0000000080900000, 0x0000000080a00000, 0x0000000080a00000|100%| O|  |TAMS 0x0000000080a00000, 0x0000000080900000| Untracked 
|  10|0x0000000080a00000, 0x0000000080b00000, 0x0000000080b00000|100%| O|  |TAMS 0x0000000080b00000, 0x0000000080a00000| Untracked 
|  11|0x0000000080b00000, 0x0000000080c00000, 0x0000000080c00000|100%| O|  |TAMS 0x0000000080c00000, 0x0000000080b00000| Untracked 
|  12|0x0000000080c00000, 0x0000000080d00000, 0x0000000080d00000|100%| O|  |TAMS 0x0000000080d00000, 0x0000000080c00000| Untracked 
|  13|0x0000000080d00000, 0x0000000080e00000, 0x0000000080e00000|100%| O|  |TAMS 0x0000000080e00000, 0x0000000080d00000| Untracked 
|  14|0x0000000080e00000, 0x0000000080f00000, 0x0000000080f00000|100%| O|  |TAMS 0x0000000080f00000, 0x0000000080e00000| Untracked 
|  15|0x0000000080f00000, 0x0000000081000000, 0x0000000081000000|100%| O|  |TAMS 0x0000000081000000, 0x0000000080f00000| Untracked 
|  16|0x0000000081000000, 0x0000000081100000, 0x0000000081100000|100%| O|  |TAMS 0x0000000081100000, 0x0000000081000000| Untracked 
|  17|0x0000000081100000, 0x0000000081200000, 0x0000000081200000|100%| O|  |TAMS 0x0000000081200000, 0x0000000081100000| Untracked 
|  18|0x0000000081200000, 0x0000000081300000, 0x0000000081300000|100%| O|  |TAMS 0x0000000081300000, 0x0000000081200000| Untracked 
|  19|0x0000000081300000, 0x0000000081400000, 0x0000000081400000|100%| O|  |TAMS 0x0000000081400000, 0x0000000081300000| Untracked 
|  20|0x0000000081400000, 0x0000000081500000, 0x0000000081500000|100%| O|  |TAMS 0x0000000081500000, 0x0000000081400000| Untracked 
|  21|0x0000000081500000, 0x0000000081600000, 0x0000000081600000|100%| O|  |TAMS 0x0000000081600000, 0x0000000081500000| Untracked 
|  22|0x0000000081600000, 0x0000000081700000, 0x0000000081700000|100%| O|  |TAMS 0x0000000081700000, 0x0000000081600000| Untracked 
|  23|0x0000000081700000, 0x0000000081800000, 0x0000000081800000|100%| O|  |TAMS 0x0000000081800000, 0x0000000081700000| Untracked 
|  24|0x0000000081800000, 0x0000000081900000, 0x0000000081900000|100%| O|  |TAMS 0x0000000081900000, 0x0000000081800000| Untracked 
|  25|0x0000000081900000, 0x0000000081a00000, 0x0000000081a00000|100%| O|  |TAMS 0x0000000081a00000, 0x0000000081900000| Untracked 
|  26|0x0000000081a00000, 0x0000000081b00000, 0x0000000081b00000|100%| O|  |TAMS 0x0000000081b00000, 0x0000000081a00000| Untracked 
|  27|0x0000000081b00000, 0x0000000081c00000, 0x0000000081c00000|100%| O|  |TAMS 0x0000000081c00000, 0x0000000081b00000| Untracked 
|  28|0x0000000081c00000, 0x0000000081d00000, 0x0000000081d00000|100%| O|  |TAMS 0x0000000081d00000, 0x0000000081c00000| Untracked 
|  29|0x0000000081d00000, 0x0000000081e00000, 0x0000000081e00000|100%| O|  |TAMS 0x0000000081e00000, 0x0000000081d00000| Untracked 
|  30|0x0000000081e00000, 0x0000000081f00000, 0x0000000081f00000|100%| O|  |TAMS 0x0000000081f00000, 0x0000000081e00000| Untracked 
|  31|0x0000000081f00000, 0x0000000082000000, 0x0000000082000000|100%| O|  |TAMS 0x0000000082000000, 0x0000000081f00000| Untracked 
|  32|0x0000000082000000, 0x0000000082100000, 0x0000000082100000|100%| O|  |TAMS 0x0000000082100000, 0x0000000082000000| Untracked 
|  33|0x0000000082100000, 0x0000000082200000, 0x0000000082200000|100%| O|  |TAMS 0x0000000082200000, 0x0000000082100000| Untracked 
|  34|0x0000000082200000, 0x0000000082300000, 0x0000000082300000|100%| O|  |TAMS 0x0000000082300000, 0x0000000082200000| Untracked 
|  35|0x0000000082300000, 0x0000000082400000, 0x0000000082400000|100%| O|  |TAMS 0x0000000082400000, 0x0000000082300000| Untracked 
|  36|0x0000000082400000, 0x0000000082500000, 0x0000000082500000|100%| O|  |TAMS 0x0000000082500000, 0x0000000082400000| Untracked 
|  37|0x0000000082500000, 0x0000000082600000, 0x0000000082600000|100%| O|  |TAMS 0x0000000082600000, 0x0000000082500000| Untracked 
|  38|0x0000000082600000, 0x0000000082700000, 0x0000000082700000|100%| O|  |TAMS 0x0000000082700000, 0x0000000082600000| Untracked 
|  39|0x0000000082700000, 0x0000000082800000, 0x0000000082800000|100%| O|  |TAMS 0x0000000082800000, 0x0000000082700000| Untracked 
|  40|0x0000000082800000, 0x0000000082900000, 0x0000000082900000|100%| O|  |TAMS 0x0000000082900000, 0x0000000082800000| Untracked 
|  41|0x0000000082900000, 0x0000000082a00000, 0x0000000082a00000|100%| O|  |TAMS 0x0000000082a00000, 0x0000000082900000| Untracked 
|  42|0x0000000082a00000, 0x0000000082b00000, 0x0000000082b00000|100%| O|  |TAMS 0x0000000082b00000, 0x0000000082a00000| Untracked 
|  43|0x0000000082b00000, 0x0000000082c00000, 0x0000000082c00000|100%| O|  |TAMS 0x0000000082c00000, 0x0000000082b00000| Untracked 
|  44|0x0000000082c00000, 0x0000000082d00000, 0x0000000082d00000|100%|HS|  |TAMS 0x0000000082d00000, 0x0000000082c00000| Complete 
|  45|0x0000000082d00000, 0x0000000082e00000, 0x0000000082e00000|100%|HC|  |TAMS 0x0000000082e00000, 0x0000000082d00000| Complete 
|  46|0x0000000082e00000, 0x0000000082f00000, 0x0000000082f00000|100%|HS|  |TAMS 0x0000000082f00000, 0x0000000082e00000| Complete 
|  47|0x0000000082f00000, 0x0000000083000000, 0x0000000083000000|100%|HC|  |TAMS 0x0000000083000000, 0x0000000082f00000| Complete 
|  48|0x0000000083000000, 0x0000000083100000, 0x0000000083100000|100%|HC|  |TAMS 0x0000000083100000, 0x0000000083000000| Complete 
|  49|0x0000000083100000, 0x0000000083200000, 0x0000000083200000|100%|HS|  |TAMS 0x0000000083200000, 0x0000000083100000| Complete 
|  50|0x0000000083200000, 0x0000000083300000, 0x0000000083300000|100%|HC|  |TAMS 0x0000000083300000, 0x0000000083200000| Complete 
|  51|0x0000000083300000, 0x0000000083400000, 0x0000000083400000|100%| O|  |TAMS 0x0000000083400000, 0x0000000083300000| Untracked 
|  52|0x0000000083400000, 0x0000000083500000, 0x0000000083500000|100%| O|  |TAMS 0x0000000083500000, 0x0000000083400000| Untracked 
|  53|0x0000000083500000, 0x0000000083600000, 0x0000000083600000|100%| O|  |TAMS 0x0000000083600000, 0x0000000083500000| Untracked 
|  54|0x0000000083600000, 0x0000000083700000, 0x0000000083700000|100%|HS|  |TAMS 0x0000000083700000, 0x0000000083600000| Complete 
|  55|0x0000000083700000, 0x0000000083800000, 0x0000000083800000|100%| O|  |TAMS 0x0000000083800000, 0x0000000083700000| Untracked 
|  56|0x0000000083800000, 0x0000000083900000, 0x0000000083900000|100%| O|  |TAMS 0x0000000083900000, 0x0000000083800000| Untracked 
|  57|0x0000000083900000, 0x0000000083a00000, 0x0000000083a00000|100%|HS|  |TAMS 0x0000000083a00000, 0x0000000083900000| Complete 
|  58|0x0000000083a00000, 0x0000000083b00000, 0x0000000083b00000|100%|HC|  |TAMS 0x0000000083b00000, 0x0000000083a00000| Complete 
|  59|0x0000000083b00000, 0x0000000083c00000, 0x0000000083c00000|100%|HC|  |TAMS 0x0000000083c00000, 0x0000000083b00000| Complete 
|  60|0x0000000083c00000, 0x0000000083d00000, 0x0000000083d00000|100%| O|  |TAMS 0x0000000083d00000, 0x0000000083c00000| Untracked 
|  61|0x0000000083d00000, 0x0000000083e00000, 0x0000000083e00000|100%| O|  |TAMS 0x0000000083e00000, 0x0000000083d00000| Untracked 
|  62|0x0000000083e00000, 0x0000000083f00000, 0x0000000083f00000|100%| O|  |TAMS 0x0000000083f00000, 0x0000000083e00000| Untracked 
|  63|0x0000000083f00000, 0x0000000084000000, 0x0000000084000000|100%| O|  |TAMS 0x0000000084000000, 0x0000000083f00000| Untracked 
|  64|0x0000000084000000, 0x0000000084100000, 0x0000000084100000|100%| O|  |TAMS 0x0000000084100000, 0x0000000084000000| Untracked 
|  65|0x0000000084100000, 0x0000000084200000, 0x0000000084200000|100%| O|  |TAMS 0x0000000084200000, 0x0000000084100000| Untracked 
|  66|0x0000000084200000, 0x0000000084300000, 0x0000000084300000|100%| O|  |TAMS 0x0000000084300000, 0x0000000084200000| Untracked 
|  67|0x0000000084300000, 0x0000000084400000, 0x0000000084400000|100%| O|  |TAMS 0x0000000084400000, 0x0000000084300000| Untracked 
|  68|0x0000000084400000, 0x0000000084500000, 0x0000000084500000|100%| O|  |TAMS 0x0000000084500000, 0x0000000084400000| Untracked 
|  69|0x0000000084500000, 0x0000000084600000, 0x0000000084600000|100%| O|  |TAMS 0x0000000084600000, 0x0000000084500000| Untracked 
|  70|0x0000000084600000, 0x0000000084700000, 0x0000000084700000|100%| O|  |TAMS 0x0000000084700000, 0x0000000084600000| Untracked 
|  71|0x0000000084700000, 0x0000000084800000, 0x0000000084800000|100%| O|  |TAMS 0x0000000084800000, 0x0000000084700000| Untracked 
|  72|0x0000000084800000, 0x0000000084900000, 0x0000000084900000|100%| O|  |TAMS 0x0000000084900000, 0x0000000084800000| Untracked 
|  73|0x0000000084900000, 0x0000000084a00000, 0x0000000084a00000|100%| O|  |TAMS 0x0000000084a00000, 0x0000000084900000| Untracked 
|  74|0x0000000084a00000, 0x0000000084b00000, 0x0000000084b00000|100%| O|  |TAMS 0x0000000084b00000, 0x0000000084a00000| Untracked 
|  75|0x0000000084b00000, 0x0000000084c00000, 0x0000000084c00000|100%| O|  |TAMS 0x0000000084c00000, 0x0000000084b00000| Untracked 
|  76|0x0000000084c00000, 0x0000000084d00000, 0x0000000084d00000|100%| O|  |TAMS 0x0000000084d00000, 0x0000000084c00000| Untracked 
|  77|0x0000000084d00000, 0x0000000084e00000, 0x0000000084e00000|100%| O|  |TAMS 0x0000000084e00000, 0x0000000084d00000| Untracked 
|  78|0x0000000084e00000, 0x0000000084f00000, 0x0000000084f00000|100%| O|  |TAMS 0x0000000084f00000, 0x0000000084e00000| Complete 
|  79|0x0000000084f00000, 0x0000000085000000, 0x0000000085000000|100%| O|  |TAMS 0x0000000085000000, 0x0000000084f00000| Complete 
|  80|0x0000000085000000, 0x0000000085100000, 0x0000000085100000|100%| O|  |TAMS 0x0000000085100000, 0x0000000085000000| Untracked 
|  81|0x0000000085100000, 0x0000000085200000, 0x0000000085200000|100%| O|  |TAMS 0x0000000085200000, 0x0000000085100000| Untracked 
|  82|0x0000000085200000, 0x0000000085300000, 0x0000000085300000|100%| O|  |TAMS 0x0000000085300000, 0x0000000085200000| Untracked 
|  83|0x0000000085300000, 0x0000000085400000, 0x0000000085400000|100%| O|  |TAMS 0x0000000085400000, 0x0000000085300000| Untracked 
|  84|0x0000000085400000, 0x0000000085500000, 0x0000000085500000|100%| O|  |TAMS 0x0000000085500000, 0x0000000085400000| Complete 
|  85|0x0000000085500000, 0x0000000085600000, 0x0000000085600000|100%|HS|  |TAMS 0x0000000085600000, 0x0000000085500000| Complete 
|  86|0x0000000085600000, 0x0000000085700000, 0x0000000085700000|100%|HS|  |TAMS 0x0000000085700000, 0x0000000085600000| Complete 
|  87|0x0000000085700000, 0x0000000085800000, 0x0000000085800000|100%|HS|  |TAMS 0x0000000085800000, 0x0000000085700000| Complete 
|  88|0x0000000085800000, 0x0000000085900000, 0x0000000085900000|100%| O|  |TAMS 0x0000000085900000, 0x0000000085800000| Untracked 
|  89|0x0000000085900000, 0x0000000085a00000, 0x0000000085a00000|100%|HS|  |TAMS 0x0000000085a00000, 0x0000000085900000| Complete 
|  90|0x0000000085a00000, 0x0000000085b00000, 0x0000000085b00000|100%|HS|  |TAMS 0x0000000085b00000, 0x0000000085a00000| Complete 
|  91|0x0000000085b00000, 0x0000000085c00000, 0x0000000085c00000|100%|HS|  |TAMS 0x0000000085c00000, 0x0000000085b00000| Complete 
|  92|0x0000000085c00000, 0x0000000085d00000, 0x0000000085d00000|100%|HC|  |TAMS 0x0000000085d00000, 0x0000000085c00000| Complete 
|  93|0x0000000085d00000, 0x0000000085e00000, 0x0000000085e00000|100%| O|  |TAMS 0x0000000085e00000, 0x0000000085d00000| Untracked 
|  94|0x0000000085e00000, 0x0000000085f00000, 0x0000000085f00000|100%| O|  |TAMS 0x0000000085f00000, 0x0000000085e00000| Untracked 
|  95|0x0000000085f00000, 0x0000000086000000, 0x0000000086000000|100%|HS|  |TAMS 0x0000000086000000, 0x0000000085f00000| Complete 
|  96|0x0000000086000000, 0x0000000086100000, 0x0000000086100000|100%| O|  |TAMS 0x0000000086100000, 0x0000000086000000| Untracked 
|  97|0x0000000086100000, 0x0000000086200000, 0x0000000086200000|100%| O|  |TAMS 0x0000000086200000, 0x0000000086100000| Untracked 
|  98|0x0000000086200000, 0x0000000086300000, 0x0000000086300000|100%| O|  |TAMS 0x0000000086300000, 0x0000000086200000| Untracked 
|  99|0x0000000086300000, 0x0000000086400000, 0x0000000086400000|100%| O|  |TAMS 0x0000000086400000, 0x0000000086300000| Untracked 
| 100|0x0000000086400000, 0x0000000086500000, 0x0000000086500000|100%| O|  |TAMS 0x0000000086500000, 0x0000000086400000| Untracked 
| 101|0x0000000086500000, 0x0000000086600000, 0x0000000086600000|100%| O|  |TAMS 0x0000000086600000, 0x0000000086500000| Untracked 
| 102|0x0000000086600000, 0x0000000086700000, 0x0000000086700000|100%| O|  |TAMS 0x0000000086700000, 0x0000000086600000| Untracked 
| 103|0x0000000086700000, 0x0000000086800000, 0x0000000086800000|100%| O|  |TAMS 0x0000000086800000, 0x0000000086700000| Untracked 
| 104|0x0000000086800000, 0x0000000086900000, 0x0000000086900000|100%| O|  |TAMS 0x0000000086800000, 0x0000000086800000| Untracked 
| 105|0x0000000086900000, 0x0000000086a00000, 0x0000000086a00000|100%| O|  |TAMS 0x0000000086a00000, 0x0000000086900000| Untracked 
| 106|0x0000000086a00000, 0x0000000086b00000, 0x0000000086b00000|100%| O|  |TAMS 0x0000000086b00000, 0x0000000086a00000| Untracked 
| 107|0x0000000086b00000, 0x0000000086c00000, 0x0000000086c00000|100%| O|  |TAMS 0x0000000086c00000, 0x0000000086b00000| Untracked 
| 108|0x0000000086c00000, 0x0000000086d00000, 0x0000000086d00000|100%| O|  |TAMS 0x0000000086d00000, 0x0000000086c00000| Untracked 
| 109|0x0000000086d00000, 0x0000000086e00000, 0x0000000086e00000|100%| O|  |TAMS 0x0000000086e00000, 0x0000000086d00000| Untracked 
| 110|0x0000000086e00000, 0x0000000086f00000, 0x0000000086f00000|100%| O|  |TAMS 0x0000000086f00000, 0x0000000086e00000| Untracked 
| 111|0x0000000086f00000, 0x0000000087000000, 0x0000000087000000|100%| O|  |TAMS 0x0000000087000000, 0x0000000086f00000| Untracked 
| 112|0x0000000087000000, 0x0000000087100000, 0x0000000087100000|100%| O|  |TAMS 0x0000000087100000, 0x0000000087000000| Untracked 
| 113|0x0000000087100000, 0x0000000087200000, 0x0000000087200000|100%| O|  |TAMS 0x0000000087200000, 0x0000000087100000| Untracked 
| 114|0x0000000087200000, 0x0000000087300000, 0x0000000087300000|100%| O|  |TAMS 0x0000000087300000, 0x0000000087200000| Untracked 
| 115|0x0000000087300000, 0x0000000087400000, 0x0000000087400000|100%| O|  |TAMS 0x0000000087400000, 0x0000000087300000| Untracked 
| 116|0x0000000087400000, 0x0000000087500000, 0x0000000087500000|100%| O|  |TAMS 0x0000000087500000, 0x0000000087400000| Untracked 
| 117|0x0000000087500000, 0x0000000087600000, 0x0000000087600000|100%| O|  |TAMS 0x0000000087600000, 0x0000000087500000| Untracked 
| 118|0x0000000087600000, 0x0000000087700000, 0x0000000087700000|100%| O|  |TAMS 0x0000000087700000, 0x0000000087600000| Untracked 
| 119|0x0000000087700000, 0x0000000087800000, 0x0000000087800000|100%| O|  |TAMS 0x0000000087800000, 0x0000000087700000| Untracked 
| 120|0x0000000087800000, 0x0000000087900000, 0x0000000087900000|100%| O|  |TAMS 0x0000000087900000, 0x0000000087800000| Untracked 
| 121|0x0000000087900000, 0x0000000087a00000, 0x0000000087a00000|100%| O|  |TAMS 0x0000000087a00000, 0x0000000087900000| Untracked 
| 122|0x0000000087a00000, 0x0000000087b00000, 0x0000000087b00000|100%| O|  |TAMS 0x0000000087b00000, 0x0000000087a00000| Complete 
| 123|0x0000000087b00000, 0x0000000087c00000, 0x0000000087c00000|100%| O|  |TAMS 0x0000000087c00000, 0x0000000087b00000| Untracked 
| 124|0x0000000087c00000, 0x0000000087d00000, 0x0000000087d00000|100%| O|  |TAMS 0x0000000087d00000, 0x0000000087c00000| Untracked 
| 125|0x0000000087d00000, 0x0000000087e00000, 0x0000000087e00000|100%| O|  |TAMS 0x0000000087e00000, 0x0000000087d00000| Untracked 
| 126|0x0000000087e00000, 0x0000000087f00000, 0x0000000087f00000|100%| O|  |TAMS 0x0000000087f00000, 0x0000000087e00000| Untracked 
| 127|0x0000000087f00000, 0x0000000088000000, 0x0000000088000000|100%| O|  |TAMS 0x0000000088000000, 0x0000000087f00000| Untracked 
| 128|0x0000000088000000, 0x0000000088100000, 0x0000000088100000|100%| O|  |TAMS 0x0000000088100000, 0x0000000088000000| Untracked 
| 129|0x0000000088100000, 0x0000000088200000, 0x0000000088200000|100%| O|  |TAMS 0x0000000088200000, 0x0000000088100000| Untracked 
| 130|0x0000000088200000, 0x0000000088300000, 0x0000000088300000|100%| O|  |TAMS 0x0000000088300000, 0x0000000088200000| Untracked 
| 131|0x0000000088300000, 0x0000000088400000, 0x0000000088400000|100%| O|  |TAMS 0x0000000088400000, 0x0000000088300000| Complete 
| 132|0x0000000088400000, 0x0000000088500000, 0x0000000088500000|100%| O|  |TAMS 0x0000000088500000, 0x0000000088400000| Untracked 
| 133|0x0000000088500000, 0x0000000088600000, 0x0000000088600000|100%|HS|  |TAMS 0x0000000088600000, 0x0000000088500000| Complete 
| 134|0x0000000088600000, 0x0000000088700000, 0x0000000088700000|100%|HS|  |TAMS 0x0000000088700000, 0x0000000088600000| Complete 
| 135|0x0000000088700000, 0x0000000088800000, 0x0000000088800000|100%|HS|  |TAMS 0x0000000088800000, 0x0000000088700000| Complete 
| 136|0x0000000088800000, 0x0000000088900000, 0x0000000088900000|100%|HC|  |TAMS 0x0000000088900000, 0x0000000088800000| Complete 
| 137|0x0000000088900000, 0x0000000088a00000, 0x0000000088a00000|100%| O|  |TAMS 0x0000000088a00000, 0x0000000088900000| Untracked 
| 138|0x0000000088a00000, 0x0000000088b00000, 0x0000000088b00000|100%| O|  |TAMS 0x0000000088b00000, 0x0000000088a00000| Untracked 
| 139|0x0000000088b00000, 0x0000000088c00000, 0x0000000088c00000|100%| O|  |TAMS 0x0000000088c00000, 0x0000000088b00000| Untracked 
| 140|0x0000000088c00000, 0x0000000088d00000, 0x0000000088d00000|100%| O|  |TAMS 0x0000000088d00000, 0x0000000088c00000| Untracked 
| 141|0x0000000088d00000, 0x0000000088e00000, 0x0000000088e00000|100%| O|  |TAMS 0x0000000088e00000, 0x0000000088d00000| Untracked 
| 142|0x0000000088e00000, 0x0000000088f00000, 0x0000000088f00000|100%| O|  |TAMS 0x0000000088f00000, 0x0000000088e00000| Untracked 
| 143|0x0000000088f00000, 0x0000000089000000, 0x0000000089000000|100%| O|  |TAMS 0x0000000089000000, 0x0000000088f00000| Untracked 
| 144|0x0000000089000000, 0x0000000089100000, 0x0000000089100000|100%|HS|  |TAMS 0x0000000089100000, 0x0000000089000000| Complete 
| 145|0x0000000089100000, 0x0000000089200000, 0x0000000089200000|100%|HC|  |TAMS 0x0000000089200000, 0x0000000089100000| Complete 
| 146|0x0000000089200000, 0x0000000089300000, 0x0000000089300000|100%|HS|  |TAMS 0x0000000089300000, 0x0000000089200000| Complete 
| 147|0x0000000089300000, 0x0000000089400000, 0x0000000089400000|100%|HC|  |TAMS 0x0000000089400000, 0x0000000089300000| Complete 
| 148|0x0000000089400000, 0x0000000089500000, 0x0000000089500000|100%| O|  |TAMS 0x0000000089500000, 0x0000000089400000| Untracked 
| 149|0x0000000089500000, 0x0000000089600000, 0x0000000089600000|100%| O|  |TAMS 0x0000000089600000, 0x0000000089500000| Untracked 
| 150|0x0000000089600000, 0x0000000089700000, 0x0000000089700000|100%| O|  |TAMS 0x0000000089700000, 0x0000000089600000| Untracked 
| 151|0x0000000089700000, 0x0000000089800000, 0x0000000089800000|100%| O|  |TAMS 0x0000000089800000, 0x0000000089700000| Untracked 
| 152|0x0000000089800000, 0x0000000089900000, 0x0000000089900000|100%| O|  |TAMS 0x0000000089900000, 0x0000000089800000| Untracked 
| 153|0x0000000089900000, 0x0000000089a00000, 0x0000000089a00000|100%| O|  |TAMS 0x0000000089a00000, 0x0000000089900000| Untracked 
| 154|0x0000000089a00000, 0x0000000089b00000, 0x0000000089b00000|100%| O|  |TAMS 0x0000000089b00000, 0x0000000089a00000| Untracked 
| 155|0x0000000089b00000, 0x0000000089c00000, 0x0000000089c00000|100%| O|  |TAMS 0x0000000089c00000, 0x0000000089b00000| Untracked 
| 156|0x0000000089c00000, 0x0000000089d00000, 0x0000000089d00000|100%| O|  |TAMS 0x0000000089d00000, 0x0000000089c00000| Untracked 
| 157|0x0000000089d00000, 0x0000000089e00000, 0x0000000089e00000|100%| O|  |TAMS 0x0000000089e00000, 0x0000000089d00000| Complete 
| 158|0x0000000089e00000, 0x0000000089f00000, 0x0000000089f00000|100%| O|  |TAMS 0x0000000089f00000, 0x0000000089e00000| Untracked 
| 159|0x0000000089f00000, 0x000000008a000000, 0x000000008a000000|100%| O|  |TAMS 0x000000008a000000, 0x0000000089f00000| Untracked 
| 160|0x000000008a000000, 0x000000008a100000, 0x000000008a100000|100%| O|  |TAMS 0x000000008a100000, 0x000000008a000000| Untracked 
| 161|0x000000008a100000, 0x000000008a200000, 0x000000008a200000|100%| O|  |TAMS 0x000000008a200000, 0x000000008a100000| Untracked 
| 162|0x000000008a200000, 0x000000008a300000, 0x000000008a300000|100%| O|  |TAMS 0x000000008a300000, 0x000000008a200000| Untracked 
| 163|0x000000008a300000, 0x000000008a400000, 0x000000008a400000|100%| O|  |TAMS 0x000000008a400000, 0x000000008a300000| Untracked 
| 164|0x000000008a400000, 0x000000008a500000, 0x000000008a500000|100%| O|  |TAMS 0x000000008a500000, 0x000000008a400000| Untracked 
| 165|0x000000008a500000, 0x000000008a600000, 0x000000008a600000|100%| O|  |TAMS 0x000000008a600000, 0x000000008a500000| Untracked 
| 166|0x000000008a600000, 0x000000008a700000, 0x000000008a700000|100%| O|  |TAMS 0x000000008a700000, 0x000000008a600000| Untracked 
| 167|0x000000008a700000, 0x000000008a800000, 0x000000008a800000|100%| O|  |TAMS 0x000000008a700000, 0x000000008a700000| Untracked 
| 168|0x000000008a800000, 0x000000008a900000, 0x000000008a900000|100%| O|  |TAMS 0x000000008a900000, 0x000000008a800000| Untracked 
| 169|0x000000008a900000, 0x000000008a9caa00, 0x000000008aa00000| 79%| O|  |TAMS 0x000000008a900000, 0x000000008a900000| Untracked 
| 170|0x000000008aa00000, 0x000000008ab00000, 0x000000008ab00000|100%| O|  |TAMS 0x000000008ab00000, 0x000000008aa00000| Complete 
| 171|0x000000008ab00000, 0x000000008ac00000, 0x000000008ac00000|100%| O|  |TAMS 0x000000008ac00000, 0x000000008ab00000| Complete 
| 172|0x000000008ac00000, 0x000000008ad00000, 0x000000008ad00000|100%| O|  |TAMS 0x000000008ad00000, 0x000000008ac00000| Untracked 
| 173|0x000000008ad00000, 0x000000008ae00000, 0x000000008ae00000|100%| O|  |TAMS 0x000000008ae00000, 0x000000008ad00000| Untracked 
| 174|0x000000008ae00000, 0x000000008af00000, 0x000000008af00000|100%|HS|  |TAMS 0x000000008af00000, 0x000000008ae00000| Complete 
| 175|0x000000008af00000, 0x000000008b000000, 0x000000008b000000|100%|HS|  |TAMS 0x000000008b000000, 0x000000008af00000| Complete 
| 176|0x000000008b000000, 0x000000008b100000, 0x000000008b100000|100%|HS|  |TAMS 0x000000008b100000, 0x000000008b000000| Complete 
| 177|0x000000008b100000, 0x000000008b200000, 0x000000008b200000|100%| O|  |TAMS 0x000000008b200000, 0x000000008b100000| Untracked 
| 178|0x000000008b200000, 0x000000008b300000, 0x000000008b300000|100%| O|  |TAMS 0x000000008b300000, 0x000000008b200000| Complete 
| 179|0x000000008b300000, 0x000000008b400000, 0x000000008b400000|100%| O|  |TAMS 0x000000008b400000, 0x000000008b300000| Untracked 
| 180|0x000000008b400000, 0x000000008b500000, 0x000000008b500000|100%| O|  |TAMS 0x000000008b500000, 0x000000008b400000| Complete 
| 181|0x000000008b500000, 0x000000008b600000, 0x000000008b600000|100%| O|  |TAMS 0x000000008b600000, 0x000000008b500000| Untracked 
| 182|0x000000008b600000, 0x000000008b700000, 0x000000008b700000|100%| O|  |TAMS 0x000000008b700000, 0x000000008b600000| Untracked 
| 183|0x000000008b700000, 0x000000008b800000, 0x000000008b800000|100%| O|  |TAMS 0x000000008b800000, 0x000000008b700000| Untracked 
| 184|0x000000008b800000, 0x000000008b900000, 0x000000008b900000|100%| O|  |TAMS 0x000000008b900000, 0x000000008b800000| Untracked 
| 185|0x000000008b900000, 0x000000008ba00000, 0x000000008ba00000|100%| O|  |TAMS 0x000000008ba00000, 0x000000008b900000| Complete 
| 186|0x000000008ba00000, 0x000000008bb00000, 0x000000008bb00000|100%| O|  |TAMS 0x000000008bb00000, 0x000000008ba00000| Untracked 
| 187|0x000000008bb00000, 0x000000008bc00000, 0x000000008bc00000|100%| O|  |TAMS 0x000000008bc00000, 0x000000008bb00000| Untracked 
| 188|0x000000008bc00000, 0x000000008bd00000, 0x000000008bd00000|100%| O|  |TAMS 0x000000008bd00000, 0x000000008bc00000| Untracked 
| 189|0x000000008bd00000, 0x000000008be00000, 0x000000008be00000|100%| O|  |TAMS 0x000000008be00000, 0x000000008bd00000| Untracked 
| 190|0x000000008be00000, 0x000000008bf00000, 0x000000008bf00000|100%| O|  |TAMS 0x000000008bf00000, 0x000000008be00000| Untracked 
| 191|0x000000008bf00000, 0x000000008c000000, 0x000000008c000000|100%| O|  |TAMS 0x000000008c000000, 0x000000008bf00000| Untracked 
| 192|0x000000008c000000, 0x000000008c000000, 0x000000008c100000|  0%| F|  |TAMS 0x000000008c000000, 0x000000008c000000| Untracked 
| 193|0x000000008c100000, 0x000000008c200000, 0x000000008c200000|100%| O|  |TAMS 0x000000008c200000, 0x000000008c100000| Complete 
| 194|0x000000008c200000, 0x000000008c300000, 0x000000008c300000|100%| O|  |TAMS 0x000000008c300000, 0x000000008c200000| Untracked 
| 195|0x000000008c300000, 0x000000008c400000, 0x000000008c400000|100%| O|  |TAMS 0x000000008c400000, 0x000000008c300000| Untracked 
| 196|0x000000008c400000, 0x000000008c500000, 0x000000008c500000|100%| O|  |TAMS 0x000000008c500000, 0x000000008c400000| Untracked 
| 197|0x000000008c500000, 0x000000008c600000, 0x000000008c600000|100%| O|  |TAMS 0x000000008c600000, 0x000000008c500000| Untracked 
| 198|0x000000008c600000, 0x000000008c700000, 0x000000008c700000|100%| O|  |TAMS 0x000000008c700000, 0x000000008c600000| Untracked 
| 199|0x000000008c700000, 0x000000008c800000, 0x000000008c800000|100%| O|  |TAMS 0x000000008c800000, 0x000000008c700000| Untracked 
| 200|0x000000008c800000, 0x000000008c900000, 0x000000008c900000|100%| O|  |TAMS 0x000000008c900000, 0x000000008c800000| Untracked 
| 201|0x000000008c900000, 0x000000008ca00000, 0x000000008ca00000|100%| O|  |TAMS 0x000000008ca00000, 0x000000008c900000| Untracked 
| 202|0x000000008ca00000, 0x000000008cb00000, 0x000000008cb00000|100%| O|  |TAMS 0x000000008cb00000, 0x000000008ca00000| Untracked 
| 203|0x000000008cb00000, 0x000000008cc00000, 0x000000008cc00000|100%| O|  |TAMS 0x000000008cc00000, 0x000000008cb00000| Untracked 
| 204|0x000000008cc00000, 0x000000008cd00000, 0x000000008cd00000|100%| O|  |TAMS 0x000000008cd00000, 0x000000008cc00000| Untracked 
| 205|0x000000008cd00000, 0x000000008ce00000, 0x000000008ce00000|100%| O|  |TAMS 0x000000008ce00000, 0x000000008cd00000| Untracked 
| 206|0x000000008ce00000, 0x000000008cf00000, 0x000000008cf00000|100%| O|  |TAMS 0x000000008cf00000, 0x000000008ce00000| Complete 
| 207|0x000000008cf00000, 0x000000008d000000, 0x000000008d000000|100%| O|  |TAMS 0x000000008d000000, 0x000000008cf00000| Untracked 
| 208|0x000000008d000000, 0x000000008d100000, 0x000000008d100000|100%| O|  |TAMS 0x000000008d100000, 0x000000008d000000| Untracked 
| 209|0x000000008d100000, 0x000000008d200000, 0x000000008d200000|100%| O|  |TAMS 0x000000008d200000, 0x000000008d100000| Untracked 
| 210|0x000000008d200000, 0x000000008d300000, 0x000000008d300000|100%| O|  |TAMS 0x000000008d300000, 0x000000008d200000| Untracked 
| 211|0x000000008d300000, 0x000000008d400000, 0x000000008d400000|100%| O|  |TAMS 0x000000008d400000, 0x000000008d300000| Complete 
| 212|0x000000008d400000, 0x000000008d500000, 0x000000008d500000|100%| O|  |TAMS 0x000000008d500000, 0x000000008d400000| Untracked 
| 213|0x000000008d500000, 0x000000008d600000, 0x000000008d600000|100%| O|  |TAMS 0x000000008d600000, 0x000000008d500000| Untracked 
| 214|0x000000008d600000, 0x000000008d700000, 0x000000008d700000|100%| O|  |TAMS 0x000000008d700000, 0x000000008d600000| Untracked 
| 215|0x000000008d700000, 0x000000008d800000, 0x000000008d800000|100%| O|  |TAMS 0x000000008d800000, 0x000000008d700000| Untracked 
| 216|0x000000008d800000, 0x000000008d900000, 0x000000008d900000|100%| O|  |TAMS 0x000000008d900000, 0x000000008d800000| Untracked 
| 217|0x000000008d900000, 0x000000008da00000, 0x000000008da00000|100%| O|  |TAMS 0x000000008da00000, 0x000000008d900000| Untracked 
| 218|0x000000008da00000, 0x000000008db00000, 0x000000008db00000|100%| O|  |TAMS 0x000000008db00000, 0x000000008da00000| Untracked 
| 219|0x000000008db00000, 0x000000008dc00000, 0x000000008dc00000|100%| O|  |TAMS 0x000000008dc00000, 0x000000008db00000| Complete 
| 220|0x000000008dc00000, 0x000000008dd00000, 0x000000008dd00000|100%| O|  |TAMS 0x000000008dd00000, 0x000000008dc00000| Untracked 
| 221|0x000000008dd00000, 0x000000008de00000, 0x000000008de00000|100%|HS|  |TAMS 0x000000008de00000, 0x000000008dd00000| Complete 
| 222|0x000000008de00000, 0x000000008df00000, 0x000000008df00000|100%|HS|  |TAMS 0x000000008df00000, 0x000000008de00000| Complete 
| 223|0x000000008df00000, 0x000000008e000000, 0x000000008e000000|100%| O|  |TAMS 0x000000008e000000, 0x000000008df00000| Complete 
| 224|0x000000008e000000, 0x000000008e100000, 0x000000008e100000|100%| O|  |TAMS 0x000000008e100000, 0x000000008e000000| Untracked 
| 225|0x000000008e100000, 0x000000008e200000, 0x000000008e200000|100%| O|  |TAMS 0x000000008e200000, 0x000000008e100000| Untracked 
| 226|0x000000008e200000, 0x000000008e300000, 0x000000008e300000|100%| O|  |TAMS 0x000000008e300000, 0x000000008e200000| Untracked 
| 227|0x000000008e300000, 0x000000008e400000, 0x000000008e400000|100%| O|  |TAMS 0x000000008e400000, 0x000000008e300000| Untracked 
| 228|0x000000008e400000, 0x000000008e500000, 0x000000008e500000|100%| O|  |TAMS 0x000000008e500000, 0x000000008e400000| Complete 
| 229|0x000000008e500000, 0x000000008e600000, 0x000000008e600000|100%| O|  |TAMS 0x000000008e600000, 0x000000008e500000| Untracked 
| 230|0x000000008e600000, 0x000000008e700000, 0x000000008e700000|100%| O|  |TAMS 0x000000008e700000, 0x000000008e600000| Untracked 
| 231|0x000000008e700000, 0x000000008e800000, 0x000000008e800000|100%| O|  |TAMS 0x000000008e800000, 0x000000008e700000| Untracked 
| 232|0x000000008e800000, 0x000000008e900000, 0x000000008e900000|100%| O|  |TAMS 0x000000008e900000, 0x000000008e800000| Complete 
| 233|0x000000008e900000, 0x000000008ea00000, 0x000000008ea00000|100%| O|  |TAMS 0x000000008ea00000, 0x000000008e900000| Untracked 
| 234|0x000000008ea00000, 0x000000008eb00000, 0x000000008eb00000|100%| O|  |TAMS 0x000000008eb00000, 0x000000008ea00000| Complete 
| 235|0x000000008eb00000, 0x000000008ec00000, 0x000000008ec00000|100%| O|  |TAMS 0x000000008ec00000, 0x000000008eb00000| Complete 
| 236|0x000000008ec00000, 0x000000008ed00000, 0x000000008ed00000|100%| O|  |TAMS 0x000000008ed00000, 0x000000008ec00000| Untracked 
| 237|0x000000008ed00000, 0x000000008ee00000, 0x000000008ee00000|100%| O|  |TAMS 0x000000008ee00000, 0x000000008ed00000| Untracked 
| 238|0x000000008ee00000, 0x000000008ef00000, 0x000000008ef00000|100%| O|  |TAMS 0x000000008ef00000, 0x000000008ee00000| Untracked 
| 239|0x000000008ef00000, 0x000000008f000000, 0x000000008f000000|100%| O|  |TAMS 0x000000008f000000, 0x000000008ef00000| Untracked 
| 240|0x000000008f000000, 0x000000008f100000, 0x000000008f100000|100%| O|  |TAMS 0x000000008f100000, 0x000000008f000000| Untracked 
| 241|0x000000008f100000, 0x000000008f200000, 0x000000008f200000|100%| O|  |TAMS 0x000000008f200000, 0x000000008f100000| Complete 
| 242|0x000000008f200000, 0x000000008f300000, 0x000000008f300000|100%|HS|  |TAMS 0x000000008f300000, 0x000000008f200000| Complete 
| 243|0x000000008f300000, 0x000000008f400000, 0x000000008f400000|100%|HS|  |TAMS 0x000000008f400000, 0x000000008f300000| Complete 
| 244|0x000000008f400000, 0x000000008f500000, 0x000000008f500000|100%| O|  |TAMS 0x000000008f500000, 0x000000008f400000| Untracked 
| 245|0x000000008f500000, 0x000000008f600000, 0x000000008f600000|100%| O|  |TAMS 0x000000008f600000, 0x000000008f500000| Untracked 
| 246|0x000000008f600000, 0x000000008f700000, 0x000000008f700000|100%| O|  |TAMS 0x000000008f700000, 0x000000008f600000| Untracked 
| 247|0x000000008f700000, 0x000000008f800000, 0x000000008f800000|100%| O|  |TAMS 0x000000008f800000, 0x000000008f700000| Complete 
| 248|0x000000008f800000, 0x000000008f900000, 0x000000008f900000|100%| O|  |TAMS 0x000000008f900000, 0x000000008f800000| Untracked 
| 249|0x000000008f900000, 0x000000008fa00000, 0x000000008fa00000|100%| O|  |TAMS 0x000000008fa00000, 0x000000008f900000| Complete 
| 250|0x000000008fa00000, 0x000000008fb00000, 0x000000008fb00000|100%| O|  |TAMS 0x000000008fb00000, 0x000000008fa00000| Complete 
| 251|0x000000008fb00000, 0x000000008fc00000, 0x000000008fc00000|100%| O|  |TAMS 0x000000008fc00000, 0x000000008fb00000| Untracked 
| 252|0x000000008fc00000, 0x000000008fd00000, 0x000000008fd00000|100%| O|  |TAMS 0x000000008fd00000, 0x000000008fc00000| Complete 
| 253|0x000000008fd00000, 0x000000008fe00000, 0x000000008fe00000|100%| O|  |TAMS 0x000000008fe00000, 0x000000008fd00000| Untracked 
| 254|0x000000008fe00000, 0x000000008ff00000, 0x000000008ff00000|100%| O|  |TAMS 0x000000008ff00000, 0x000000008fe00000| Untracked 
| 255|0x000000008ff00000, 0x0000000090000000, 0x0000000090000000|100%| O|  |TAMS 0x0000000090000000, 0x000000008ff00000| Untracked 
| 256|0x0000000090000000, 0x0000000090100000, 0x0000000090100000|100%| O|  |TAMS 0x0000000090100000, 0x0000000090000000| Untracked 
| 257|0x0000000090100000, 0x0000000090200000, 0x0000000090200000|100%| O|  |TAMS 0x0000000090200000, 0x0000000090100000| Untracked 
| 258|0x0000000090200000, 0x0000000090300000, 0x0000000090300000|100%| O|  |TAMS 0x0000000090300000, 0x0000000090200000| Complete 
| 259|0x0000000090300000, 0x0000000090400000, 0x0000000090400000|100%| O|  |TAMS 0x0000000090400000, 0x0000000090300000| Untracked 
| 260|0x0000000090400000, 0x0000000090500000, 0x0000000090500000|100%| O|  |TAMS 0x0000000090500000, 0x0000000090400000| Untracked 
| 261|0x0000000090500000, 0x0000000090600000, 0x0000000090600000|100%| O|  |TAMS 0x0000000090600000, 0x0000000090500000| Untracked 
| 262|0x0000000090600000, 0x0000000090700000, 0x0000000090700000|100%| O|  |TAMS 0x0000000090700000, 0x0000000090600000| Complete 
| 263|0x0000000090700000, 0x0000000090800000, 0x0000000090800000|100%| O|  |TAMS 0x0000000090800000, 0x0000000090700000| Untracked 
| 264|0x0000000090800000, 0x0000000090900000, 0x0000000090900000|100%| O|  |TAMS 0x0000000090900000, 0x0000000090800000| Complete 
| 265|0x0000000090900000, 0x0000000090a00000, 0x0000000090a00000|100%| O|  |TAMS 0x0000000090a00000, 0x0000000090900000| Untracked 
| 266|0x0000000090a00000, 0x0000000090b00000, 0x0000000090b00000|100%| O|  |TAMS 0x0000000090b00000, 0x0000000090a00000| Untracked 
| 267|0x0000000090b00000, 0x0000000090c00000, 0x0000000090c00000|100%| O|  |TAMS 0x0000000090c00000, 0x0000000090b00000| Untracked 
| 268|0x0000000090c00000, 0x0000000090d00000, 0x0000000090d00000|100%| O|  |TAMS 0x0000000090d00000, 0x0000000090c00000| Untracked 
| 269|0x0000000090d00000, 0x0000000090e00000, 0x0000000090e00000|100%| O|  |TAMS 0x0000000090e00000, 0x0000000090d00000| Complete 
| 270|0x0000000090e00000, 0x0000000090f00000, 0x0000000090f00000|100%| O|  |TAMS 0x0000000090f00000, 0x0000000090e00000| Complete 
| 271|0x0000000090f00000, 0x0000000091000000, 0x0000000091000000|100%| O|  |TAMS 0x0000000091000000, 0x0000000090f00000| Complete 
| 272|0x0000000091000000, 0x0000000091100000, 0x0000000091100000|100%| O|  |TAMS 0x0000000091100000, 0x0000000091000000| Complete 
| 273|0x0000000091100000, 0x0000000091200000, 0x0000000091200000|100%| O|  |TAMS 0x0000000091200000, 0x0000000091100000| Complete 
| 274|0x0000000091200000, 0x0000000091300000, 0x0000000091300000|100%| O|  |TAMS 0x0000000091300000, 0x0000000091200000| Untracked 
| 275|0x0000000091300000, 0x0000000091400000, 0x0000000091400000|100%| O|  |TAMS 0x0000000091400000, 0x0000000091300000| Untracked 
| 276|0x0000000091400000, 0x0000000091500000, 0x0000000091500000|100%| O|  |TAMS 0x0000000091500000, 0x0000000091400000| Untracked 
| 277|0x0000000091500000, 0x0000000091600000, 0x0000000091600000|100%| O|  |TAMS 0x0000000091600000, 0x0000000091500000| Untracked 
| 278|0x0000000091600000, 0x0000000091700000, 0x0000000091700000|100%| O|  |TAMS 0x0000000091700000, 0x0000000091600000| Untracked 
| 279|0x0000000091700000, 0x0000000091800000, 0x0000000091800000|100%| O|  |TAMS 0x0000000091800000, 0x0000000091700000| Untracked 
| 280|0x0000000091800000, 0x0000000091900000, 0x0000000091900000|100%| O|  |TAMS 0x0000000091900000, 0x0000000091800000| Untracked 
| 281|0x0000000091900000, 0x0000000091a00000, 0x0000000091a00000|100%| O|  |TAMS 0x0000000091a00000, 0x0000000091900000| Untracked 
| 282|0x0000000091a00000, 0x0000000091b00000, 0x0000000091b00000|100%| O|  |TAMS 0x0000000091b00000, 0x0000000091a00000| Untracked 
| 283|0x0000000091b00000, 0x0000000091c00000, 0x0000000091c00000|100%| O|  |TAMS 0x0000000091c00000, 0x0000000091b00000| Untracked 
| 284|0x0000000091c00000, 0x0000000091d00000, 0x0000000091d00000|100%| O|  |TAMS 0x0000000091d00000, 0x0000000091c00000| Untracked 
| 285|0x0000000091d00000, 0x0000000091e00000, 0x0000000091e00000|100%| O|  |TAMS 0x0000000091e00000, 0x0000000091d00000| Untracked 
| 286|0x0000000091e00000, 0x0000000091f00000, 0x0000000091f00000|100%| O|  |TAMS 0x0000000091f00000, 0x0000000091e00000| Untracked 
| 287|0x0000000091f00000, 0x0000000092000000, 0x0000000092000000|100%| O|  |TAMS 0x0000000092000000, 0x0000000091f00000| Untracked 
| 288|0x0000000092000000, 0x0000000092100000, 0x0000000092100000|100%| O|  |TAMS 0x0000000092100000, 0x0000000092000000| Untracked 
| 289|0x0000000092100000, 0x0000000092200000, 0x0000000092200000|100%| O|  |TAMS 0x0000000092200000, 0x0000000092100000| Untracked 
| 290|0x0000000092200000, 0x0000000092300000, 0x0000000092300000|100%| O|  |TAMS 0x0000000092300000, 0x0000000092200000| Untracked 
| 291|0x0000000092300000, 0x0000000092400000, 0x0000000092400000|100%| O|  |TAMS 0x0000000092400000, 0x0000000092300000| Untracked 
| 292|0x0000000092400000, 0x0000000092500000, 0x0000000092500000|100%| O|  |TAMS 0x0000000092500000, 0x0000000092400000| Complete 
| 293|0x0000000092500000, 0x0000000092600000, 0x0000000092600000|100%| O|  |TAMS 0x0000000092600000, 0x0000000092500000| Untracked 
| 294|0x0000000092600000, 0x0000000092700000, 0x0000000092700000|100%| O|  |TAMS 0x0000000092700000, 0x0000000092600000| Untracked 
| 295|0x0000000092700000, 0x0000000092800000, 0x0000000092800000|100%| O|  |TAMS 0x0000000092800000, 0x0000000092700000| Complete 
| 296|0x0000000092800000, 0x0000000092900000, 0x0000000092900000|100%| O|  |TAMS 0x0000000092900000, 0x0000000092800000| Untracked 
| 297|0x0000000092900000, 0x0000000092a00000, 0x0000000092a00000|100%| O|  |TAMS 0x0000000092a00000, 0x0000000092900000| Untracked 
| 298|0x0000000092a00000, 0x0000000092b00000, 0x0000000092b00000|100%| O|  |TAMS 0x0000000092b00000, 0x0000000092a00000| Complete 
| 299|0x0000000092b00000, 0x0000000092c00000, 0x0000000092c00000|100%| O|  |TAMS 0x0000000092c00000, 0x0000000092b00000| Untracked 
| 300|0x0000000092c00000, 0x0000000092d00000, 0x0000000092d00000|100%| O|  |TAMS 0x0000000092d00000, 0x0000000092c00000| Untracked 
| 301|0x0000000092d00000, 0x0000000092e00000, 0x0000000092e00000|100%| O|  |TAMS 0x0000000092e00000, 0x0000000092d00000| Untracked 
| 302|0x0000000092e00000, 0x0000000092f00000, 0x0000000092f00000|100%| O|  |TAMS 0x0000000092f00000, 0x0000000092e00000| Untracked 
| 303|0x0000000092f00000, 0x0000000093000000, 0x0000000093000000|100%| O|  |TAMS 0x0000000093000000, 0x0000000092f00000| Untracked 
| 304|0x0000000093000000, 0x0000000093100000, 0x0000000093100000|100%| O|  |TAMS 0x0000000093100000, 0x0000000093000000| Untracked 
| 305|0x0000000093100000, 0x0000000093200000, 0x0000000093200000|100%| O|  |TAMS 0x0000000093200000, 0x0000000093100000| Untracked 
| 306|0x0000000093200000, 0x0000000093300000, 0x0000000093300000|100%| O|  |TAMS 0x0000000093300000, 0x0000000093200000| Untracked 
| 307|0x0000000093300000, 0x0000000093400000, 0x0000000093400000|100%| O|  |TAMS 0x0000000093400000, 0x0000000093300000| Untracked 
| 308|0x0000000093400000, 0x0000000093500000, 0x0000000093500000|100%| O|  |TAMS 0x0000000093500000, 0x0000000093400000| Complete 
| 309|0x0000000093500000, 0x0000000093600000, 0x0000000093600000|100%| O|  |TAMS 0x0000000093600000, 0x0000000093500000| Complete 
| 310|0x0000000093600000, 0x0000000093700000, 0x0000000093700000|100%| O|  |TAMS 0x0000000093700000, 0x0000000093600000| Complete 
| 311|0x0000000093700000, 0x0000000093800000, 0x0000000093800000|100%| O|  |TAMS 0x0000000093800000, 0x0000000093700000| Untracked 
| 312|0x0000000093800000, 0x0000000093800000, 0x0000000093900000|  0%| F|  |TAMS 0x0000000093800000, 0x0000000093800000| Untracked 
| 313|0x0000000093900000, 0x0000000093a00000, 0x0000000093a00000|100%| O|  |TAMS 0x0000000093a00000, 0x0000000093900000| Untracked 
| 314|0x0000000093a00000, 0x0000000093b00000, 0x0000000093b00000|100%| O|  |TAMS 0x0000000093b00000, 0x0000000093a00000| Untracked 
| 315|0x0000000093b00000, 0x0000000093c00000, 0x0000000093c00000|100%| O|  |TAMS 0x0000000093c00000, 0x0000000093b00000| Untracked 
| 316|0x0000000093c00000, 0x0000000093d00000, 0x0000000093d00000|100%| O|  |TAMS 0x0000000093d00000, 0x0000000093c00000| Complete 
| 317|0x0000000093d00000, 0x0000000093e00000, 0x0000000093e00000|100%| O|  |TAMS 0x0000000093da9e00, 0x0000000093d00000| Complete 
| 318|0x0000000093e00000, 0x0000000093e00000, 0x0000000093f00000|  0%| F|  |TAMS 0x0000000093e00000, 0x0000000093e00000| Untracked 
| 319|0x0000000093f00000, 0x0000000093f00000, 0x0000000094000000|  0%| F|  |TAMS 0x0000000093f00000, 0x0000000093f00000| Untracked 
| 320|0x0000000094000000, 0x0000000094000000, 0x0000000094100000|  0%| F|  |TAMS 0x0000000094000000, 0x0000000094000000| Untracked 
| 321|0x0000000094100000, 0x0000000094100000, 0x0000000094200000|  0%| F|  |TAMS 0x0000000094100000, 0x0000000094100000| Untracked 
| 322|0x0000000094200000, 0x0000000094200000, 0x0000000094300000|  0%| F|  |TAMS 0x0000000094200000, 0x0000000094200000| Untracked 
| 323|0x0000000094300000, 0x0000000094300000, 0x0000000094400000|  0%| F|  |TAMS 0x0000000094300000, 0x0000000094300000| Untracked 
| 324|0x0000000094400000, 0x0000000094400000, 0x0000000094500000|  0%| F|  |TAMS 0x0000000094400000, 0x0000000094400000| Untracked 
| 325|0x0000000094500000, 0x0000000094500000, 0x0000000094600000|  0%| F|  |TAMS 0x0000000094500000, 0x0000000094500000| Untracked 
| 326|0x0000000094600000, 0x0000000094600000, 0x0000000094700000|  0%| F|  |TAMS 0x0000000094600000, 0x0000000094600000| Untracked 
| 327|0x0000000094700000, 0x0000000094800000, 0x0000000094800000|100%| O|  |TAMS 0x0000000094800000, 0x0000000094700000| Complete 
| 328|0x0000000094800000, 0x0000000094800000, 0x0000000094900000|  0%| F|  |TAMS 0x0000000094800000, 0x0000000094800000| Untracked 
| 329|0x0000000094900000, 0x0000000094900000, 0x0000000094a00000|  0%| F|  |TAMS 0x0000000094900000, 0x0000000094900000| Untracked 
| 330|0x0000000094a00000, 0x0000000094a00000, 0x0000000094b00000|  0%| F|  |TAMS 0x0000000094a00000, 0x0000000094a00000| Untracked 
| 331|0x0000000094b00000, 0x0000000094b00000, 0x0000000094c00000|  0%| F|  |TAMS 0x0000000094b00000, 0x0000000094b00000| Untracked 
| 332|0x0000000094c00000, 0x0000000094c00000, 0x0000000094d00000|  0%| F|  |TAMS 0x0000000094c00000, 0x0000000094c00000| Untracked 
| 333|0x0000000094d00000, 0x0000000094d00000, 0x0000000094e00000|  0%| F|  |TAMS 0x0000000094d00000, 0x0000000094d00000| Untracked 
| 334|0x0000000094e00000, 0x0000000094e00000, 0x0000000094f00000|  0%| F|  |TAMS 0x0000000094e00000, 0x0000000094e00000| Untracked 
| 335|0x0000000094f00000, 0x0000000094f00000, 0x0000000095000000|  0%| F|  |TAMS 0x0000000094f00000, 0x0000000094f00000| Untracked 
| 336|0x0000000095000000, 0x0000000095000000, 0x0000000095100000|  0%| F|  |TAMS 0x0000000095000000, 0x0000000095000000| Untracked 
| 337|0x0000000095100000, 0x0000000095100000, 0x0000000095200000|  0%| F|  |TAMS 0x0000000095100000, 0x0000000095100000| Untracked 
| 338|0x0000000095200000, 0x0000000095200000, 0x0000000095300000|  0%| F|  |TAMS 0x0000000095200000, 0x0000000095200000| Untracked 
| 339|0x0000000095300000, 0x0000000095300000, 0x0000000095400000|  0%| F|  |TAMS 0x0000000095300000, 0x0000000095300000| Untracked 
| 340|0x0000000095400000, 0x0000000095400000, 0x0000000095500000|  0%| F|  |TAMS 0x0000000095400000, 0x0000000095400000| Untracked 
| 341|0x0000000095500000, 0x0000000095500000, 0x0000000095600000|  0%| F|  |TAMS 0x0000000095500000, 0x0000000095500000| Untracked 
| 342|0x0000000095600000, 0x0000000095700000, 0x0000000095700000|100%| O|  |TAMS 0x0000000095700000, 0x0000000095600000| Complete 
| 343|0x0000000095700000, 0x0000000095800000, 0x0000000095800000|100%| O|  |TAMS 0x0000000095800000, 0x0000000095700000| Complete 
| 344|0x0000000095800000, 0x0000000095800000, 0x0000000095900000|  0%| F|  |TAMS 0x0000000095800000, 0x0000000095800000| Untracked 
| 345|0x0000000095900000, 0x0000000095900000, 0x0000000095a00000|  0%| F|  |TAMS 0x0000000095900000, 0x0000000095900000| Untracked 
| 346|0x0000000095a00000, 0x0000000095a00000, 0x0000000095b00000|  0%| F|  |TAMS 0x0000000095a00000, 0x0000000095a00000| Untracked 
| 347|0x0000000095b00000, 0x0000000095b00000, 0x0000000095c00000|  0%| F|  |TAMS 0x0000000095b00000, 0x0000000095b00000| Untracked 
| 348|0x0000000095c00000, 0x0000000095c00000, 0x0000000095d00000|  0%| F|  |TAMS 0x0000000095c00000, 0x0000000095c00000| Untracked 
| 349|0x0000000095d00000, 0x0000000095d00000, 0x0000000095e00000|  0%| F|  |TAMS 0x0000000095d00000, 0x0000000095d00000| Untracked 
| 350|0x0000000095e00000, 0x0000000095e00000, 0x0000000095f00000|  0%| F|  |TAMS 0x0000000095e00000, 0x0000000095e00000| Untracked 
| 351|0x0000000095f00000, 0x0000000095f00000, 0x0000000096000000|  0%| F|  |TAMS 0x0000000095f00000, 0x0000000095f00000| Untracked 
| 352|0x0000000096000000, 0x0000000096000000, 0x0000000096100000|  0%| F|  |TAMS 0x0000000096000000, 0x0000000096000000| Untracked 
| 353|0x0000000096100000, 0x0000000096100000, 0x0000000096200000|  0%| F|  |TAMS 0x0000000096100000, 0x0000000096100000| Untracked 
| 354|0x0000000096200000, 0x0000000096200000, 0x0000000096300000|  0%| F|  |TAMS 0x0000000096200000, 0x0000000096200000| Untracked 
| 355|0x0000000096300000, 0x0000000096400000, 0x0000000096400000|100%| O|  |TAMS 0x0000000096400000, 0x0000000096300000| Untracked 
| 356|0x0000000096400000, 0x0000000096400000, 0x0000000096500000|  0%| F|  |TAMS 0x0000000096400000, 0x0000000096400000| Untracked 
| 357|0x0000000096500000, 0x0000000096500000, 0x0000000096600000|  0%| F|  |TAMS 0x0000000096500000, 0x0000000096500000| Untracked 
| 358|0x0000000096600000, 0x0000000096700000, 0x0000000096700000|100%| O|  |TAMS 0x0000000096700000, 0x0000000096600000| Complete 
| 359|0x0000000096700000, 0x0000000096700000, 0x0000000096800000|  0%| F|  |TAMS 0x0000000096700000, 0x0000000096700000| Untracked 
| 360|0x0000000096800000, 0x0000000096900000, 0x0000000096900000|100%| O|  |TAMS 0x0000000096900000, 0x0000000096800000| Untracked 
| 361|0x0000000096900000, 0x0000000096900000, 0x0000000096a00000|  0%| F|  |TAMS 0x0000000096900000, 0x0000000096900000| Untracked 
| 362|0x0000000096a00000, 0x0000000096a00000, 0x0000000096b00000|  0%| F|  |TAMS 0x0000000096a00000, 0x0000000096a00000| Untracked 
| 363|0x0000000096b00000, 0x0000000096c00000, 0x0000000096c00000|100%| O|  |TAMS 0x0000000096c00000, 0x0000000096b00000| Untracked 
| 364|0x0000000096c00000, 0x0000000096c00000, 0x0000000096d00000|  0%| F|  |TAMS 0x0000000096c00000, 0x0000000096c00000| Untracked 
| 365|0x0000000096d00000, 0x0000000096e00000, 0x0000000096e00000|100%| O|  |TAMS 0x0000000096e00000, 0x0000000096d00000| Complete 
| 366|0x0000000096e00000, 0x0000000096f00000, 0x0000000096f00000|100%| O|  |TAMS 0x0000000096f00000, 0x0000000096e00000| Complete 
| 367|0x0000000096f00000, 0x0000000096f00000, 0x0000000097000000|  0%| F|  |TAMS 0x0000000096f00000, 0x0000000096f00000| Untracked 
| 368|0x0000000097000000, 0x0000000097000000, 0x0000000097100000|  0%| F|  |TAMS 0x0000000097000000, 0x0000000097000000| Untracked 
| 369|0x0000000097100000, 0x0000000097100000, 0x0000000097200000|  0%| F|  |TAMS 0x0000000097100000, 0x0000000097100000| Untracked 
| 370|0x0000000097200000, 0x0000000097200000, 0x0000000097300000|  0%| F|  |TAMS 0x0000000097200000, 0x0000000097200000| Untracked 
| 371|0x0000000097300000, 0x0000000097300000, 0x0000000097400000|  0%| F|  |TAMS 0x0000000097300000, 0x0000000097300000| Untracked 
| 372|0x0000000097400000, 0x0000000097500000, 0x0000000097500000|100%| O|  |TAMS 0x0000000097500000, 0x0000000097400000| Complete 
| 373|0x0000000097500000, 0x0000000097600000, 0x0000000097600000|100%| O|  |TAMS 0x0000000097600000, 0x0000000097500000| Complete 
| 374|0x0000000097600000, 0x0000000097600000, 0x0000000097700000|  0%| F|  |TAMS 0x0000000097600000, 0x0000000097600000| Untracked 
| 375|0x0000000097700000, 0x0000000097800000, 0x0000000097800000|100%| O|  |TAMS 0x0000000097800000, 0x0000000097700000| Complete 
| 376|0x0000000097800000, 0x0000000097900000, 0x0000000097900000|100%| O|  |TAMS 0x0000000097900000, 0x0000000097800000| Complete 
| 377|0x0000000097900000, 0x0000000097900000, 0x0000000097a00000|  0%| F|  |TAMS 0x0000000097900000, 0x0000000097900000| Untracked 
| 378|0x0000000097a00000, 0x0000000097b00000, 0x0000000097b00000|100%| O|  |TAMS 0x0000000097b00000, 0x0000000097a00000| Complete 
| 379|0x0000000097b00000, 0x0000000097c00000, 0x0000000097c00000|100%| O|  |TAMS 0x0000000097c00000, 0x0000000097b00000| Complete 
| 380|0x0000000097c00000, 0x0000000097d00000, 0x0000000097d00000|100%| O|  |TAMS 0x0000000097d00000, 0x0000000097c00000| Complete 
| 381|0x0000000097d00000, 0x0000000097e00000, 0x0000000097e00000|100%| O|  |TAMS 0x0000000097e00000, 0x0000000097d00000| Complete 
| 382|0x0000000097e00000, 0x0000000097f00000, 0x0000000097f00000|100%| O|  |TAMS 0x0000000097f00000, 0x0000000097e00000| Complete 
| 383|0x0000000097f00000, 0x0000000097f00000, 0x0000000098000000|  0%| F|  |TAMS 0x0000000097f00000, 0x0000000097f00000| Untracked 
| 384|0x0000000098000000, 0x0000000098000000, 0x0000000098100000|  0%| F|  |TAMS 0x0000000098000000, 0x0000000098000000| Untracked 
| 385|0x0000000098100000, 0x0000000098200000, 0x0000000098200000|100%| O|  |TAMS 0x0000000098200000, 0x0000000098100000| Complete 
| 386|0x0000000098200000, 0x0000000098200000, 0x0000000098300000|  0%| F|  |TAMS 0x0000000098200000, 0x0000000098200000| Untracked 
| 387|0x0000000098300000, 0x0000000098300000, 0x0000000098400000|  0%| F|  |TAMS 0x0000000098300000, 0x0000000098300000| Untracked 
| 388|0x0000000098400000, 0x0000000098400000, 0x0000000098500000|  0%| F|  |TAMS 0x0000000098400000, 0x0000000098400000| Untracked 
| 389|0x0000000098500000, 0x0000000098500000, 0x0000000098600000|  0%| F|  |TAMS 0x0000000098500000, 0x0000000098500000| Untracked 
| 390|0x0000000098600000, 0x0000000098600000, 0x0000000098700000|  0%| F|  |TAMS 0x0000000098600000, 0x0000000098600000| Untracked 
| 391|0x0000000098700000, 0x0000000098800000, 0x0000000098800000|100%| O|  |TAMS 0x0000000098800000, 0x0000000098700000| Complete 
| 392|0x0000000098800000, 0x0000000098800000, 0x0000000098900000|  0%| F|  |TAMS 0x0000000098800000, 0x0000000098800000| Untracked 
| 393|0x0000000098900000, 0x0000000098a00000, 0x0000000098a00000|100%| O|  |TAMS 0x0000000098a00000, 0x0000000098900000| Complete 
| 394|0x0000000098a00000, 0x0000000098a00000, 0x0000000098b00000|  0%| F|  |TAMS 0x0000000098a00000, 0x0000000098a00000| Untracked 
| 395|0x0000000098b00000, 0x0000000098c00000, 0x0000000098c00000|100%| O|  |TAMS 0x0000000098c00000, 0x0000000098b00000| Complete 
| 396|0x0000000098c00000, 0x0000000098c00000, 0x0000000098d00000|  0%| F|  |TAMS 0x0000000098c00000, 0x0000000098c00000| Untracked 
| 397|0x0000000098d00000, 0x0000000098e00000, 0x0000000098e00000|100%| O|  |TAMS 0x0000000098e00000, 0x0000000098d00000| Complete 
| 398|0x0000000098e00000, 0x0000000098e00000, 0x0000000098f00000|  0%| F|  |TAMS 0x0000000098e00000, 0x0000000098e00000| Untracked 
| 399|0x0000000098f00000, 0x0000000098f00000, 0x0000000099000000|  0%| F|  |TAMS 0x0000000098f00000, 0x0000000098f00000| Untracked 
| 400|0x0000000099000000, 0x0000000099100000, 0x0000000099100000|100%| O|  |TAMS 0x0000000099100000, 0x0000000099000000| Complete 
| 401|0x0000000099100000, 0x0000000099200000, 0x0000000099200000|100%| O|  |TAMS 0x0000000099200000, 0x0000000099100000| Complete 
| 402|0x0000000099200000, 0x0000000099300000, 0x0000000099300000|100%| O|  |TAMS 0x0000000099300000, 0x0000000099200000| Complete 
| 403|0x0000000099300000, 0x0000000099300000, 0x0000000099400000|  0%| F|  |TAMS 0x0000000099300000, 0x0000000099300000| Untracked 
| 404|0x0000000099400000, 0x0000000099500000, 0x0000000099500000|100%| O|  |TAMS 0x0000000099500000, 0x0000000099400000| Complete 
| 405|0x0000000099500000, 0x0000000099500000, 0x0000000099600000|  0%| F|  |TAMS 0x0000000099500000, 0x0000000099500000| Untracked 
| 406|0x0000000099600000, 0x0000000099700000, 0x0000000099700000|100%| O|  |TAMS 0x0000000099700000, 0x0000000099600000| Complete 
| 407|0x0000000099700000, 0x0000000099800000, 0x0000000099800000|100%| O|  |TAMS 0x0000000099800000, 0x0000000099700000| Complete 
| 408|0x0000000099800000, 0x0000000099900000, 0x0000000099900000|100%| O|  |TAMS 0x0000000099900000, 0x0000000099800000| Complete 
| 409|0x0000000099900000, 0x0000000099a00000, 0x0000000099a00000|100%| O|  |TAMS 0x0000000099a00000, 0x0000000099900000| Complete 
| 410|0x0000000099a00000, 0x0000000099b00000, 0x0000000099b00000|100%| O|  |TAMS 0x0000000099b00000, 0x0000000099a00000| Complete 
| 411|0x0000000099b00000, 0x0000000099c00000, 0x0000000099c00000|100%| O|  |TAMS 0x0000000099c00000, 0x0000000099b00000| Complete 
| 412|0x0000000099c00000, 0x0000000099d00000, 0x0000000099d00000|100%| O|  |TAMS 0x0000000099d00000, 0x0000000099c00000| Untracked 
| 413|0x0000000099d00000, 0x0000000099e00000, 0x0000000099e00000|100%| O|  |TAMS 0x0000000099e00000, 0x0000000099d00000| Untracked 
| 414|0x0000000099e00000, 0x0000000099f00000, 0x0000000099f00000|100%| O|  |TAMS 0x0000000099f00000, 0x0000000099e00000| Untracked 
| 415|0x0000000099f00000, 0x000000009a000000, 0x000000009a000000|100%| O|  |TAMS 0x000000009a000000, 0x0000000099f00000| Untracked 
| 416|0x000000009a000000, 0x000000009a100000, 0x000000009a100000|100%| O|  |TAMS 0x000000009a100000, 0x000000009a000000| Untracked 
| 417|0x000000009a100000, 0x000000009a200000, 0x000000009a200000|100%| O|  |TAMS 0x000000009a200000, 0x000000009a100000| Untracked 
| 418|0x000000009a200000, 0x000000009a300000, 0x000000009a300000|100%| O|  |TAMS 0x000000009a300000, 0x000000009a200000| Untracked 
| 419|0x000000009a300000, 0x000000009a400000, 0x000000009a400000|100%| O|  |TAMS 0x000000009a400000, 0x000000009a300000| Untracked 
| 420|0x000000009a400000, 0x000000009a500000, 0x000000009a500000|100%| O|  |TAMS 0x000000009a500000, 0x000000009a400000| Untracked 
| 421|0x000000009a500000, 0x000000009a600000, 0x000000009a600000|100%| O|  |TAMS 0x000000009a600000, 0x000000009a500000| Complete 
| 422|0x000000009a600000, 0x000000009a700000, 0x000000009a700000|100%| O|  |TAMS 0x000000009a700000, 0x000000009a600000| Complete 
| 423|0x000000009a700000, 0x000000009a800000, 0x000000009a800000|100%| O|  |TAMS 0x000000009a800000, 0x000000009a700000| Complete 
| 424|0x000000009a800000, 0x000000009a900000, 0x000000009a900000|100%| O|  |TAMS 0x000000009a900000, 0x000000009a800000| Complete 
| 425|0x000000009a900000, 0x000000009aa00000, 0x000000009aa00000|100%| O|  |TAMS 0x000000009aa00000, 0x000000009a900000| Complete 
| 426|0x000000009aa00000, 0x000000009ab00000, 0x000000009ab00000|100%| O|  |TAMS 0x000000009ab00000, 0x000000009aa00000| Complete 
| 427|0x000000009ab00000, 0x000000009ac00000, 0x000000009ac00000|100%| O|  |TAMS 0x000000009ac00000, 0x000000009ab00000| Complete 
| 428|0x000000009ac00000, 0x000000009ad00000, 0x000000009ad00000|100%| O|  |TAMS 0x000000009ad00000, 0x000000009ac00000| Complete 
| 429|0x000000009ad00000, 0x000000009ae00000, 0x000000009ae00000|100%| O|  |TAMS 0x000000009ae00000, 0x000000009ad00000| Complete 
| 430|0x000000009ae00000, 0x000000009af00000, 0x000000009af00000|100%| O|  |TAMS 0x000000009af00000, 0x000000009ae00000| Complete 
| 431|0x000000009af00000, 0x000000009b000000, 0x000000009b000000|100%| O|  |TAMS 0x000000009b000000, 0x000000009af00000| Complete 
| 432|0x000000009b000000, 0x000000009b100000, 0x000000009b100000|100%| O|  |TAMS 0x000000009b100000, 0x000000009b000000| Complete 
| 433|0x000000009b100000, 0x000000009b200000, 0x000000009b200000|100%| O|  |TAMS 0x000000009b200000, 0x000000009b100000| Complete 
| 434|0x000000009b200000, 0x000000009b300000, 0x000000009b300000|100%| O|  |TAMS 0x000000009b300000, 0x000000009b200000| Complete 
| 435|0x000000009b300000, 0x000000009b400000, 0x000000009b400000|100%| O|  |TAMS 0x000000009b400000, 0x000000009b300000| Complete 
| 436|0x000000009b400000, 0x000000009b500000, 0x000000009b500000|100%| O|  |TAMS 0x000000009b500000, 0x000000009b400000| Complete 
| 437|0x000000009b500000, 0x000000009b600000, 0x000000009b600000|100%| O|  |TAMS 0x000000009b600000, 0x000000009b500000| Complete 
| 438|0x000000009b600000, 0x000000009b700000, 0x000000009b700000|100%| O|  |TAMS 0x000000009b700000, 0x000000009b600000| Complete 
| 439|0x000000009b700000, 0x000000009b800000, 0x000000009b800000|100%| O|  |TAMS 0x000000009b800000, 0x000000009b700000| Complete 
| 440|0x000000009b800000, 0x000000009b800000, 0x000000009b900000|  0%| F|  |TAMS 0x000000009b800000, 0x000000009b800000| Untracked 
| 441|0x000000009b900000, 0x000000009ba00000, 0x000000009ba00000|100%| O|  |TAMS 0x000000009ba00000, 0x000000009b900000| Complete 
| 442|0x000000009ba00000, 0x000000009ba00000, 0x000000009bb00000|  0%| F|  |TAMS 0x000000009ba00000, 0x000000009ba00000| Untracked 
| 443|0x000000009bb00000, 0x000000009bc00000, 0x000000009bc00000|100%| O|  |TAMS 0x000000009bc00000, 0x000000009bb00000| Complete 
| 444|0x000000009bc00000, 0x000000009bd00000, 0x000000009bd00000|100%| O|  |TAMS 0x000000009bd00000, 0x000000009bc00000| Complete 
| 445|0x000000009bd00000, 0x000000009be00000, 0x000000009be00000|100%| O|  |TAMS 0x000000009be00000, 0x000000009bd00000| Complete 
| 446|0x000000009be00000, 0x000000009bf00000, 0x000000009bf00000|100%| O|  |TAMS 0x000000009bf00000, 0x000000009be00000| Untracked 
| 447|0x000000009bf00000, 0x000000009bf00000, 0x000000009c000000|  0%| F|  |TAMS 0x000000009bf00000, 0x000000009bf00000| Untracked 
| 448|0x000000009c000000, 0x000000009c000000, 0x000000009c100000|  0%| F|  |TAMS 0x000000009c000000, 0x000000009c000000| Untracked 
| 449|0x000000009c100000, 0x000000009c200000, 0x000000009c200000|100%| O|  |TAMS 0x000000009c200000, 0x000000009c100000| Untracked 
| 450|0x000000009c200000, 0x000000009c300000, 0x000000009c300000|100%| O|  |TAMS 0x000000009c300000, 0x000000009c200000| Untracked 
| 451|0x000000009c300000, 0x000000009c300000, 0x000000009c400000|  0%| F|  |TAMS 0x000000009c300000, 0x000000009c300000| Untracked 
| 452|0x000000009c400000, 0x000000009c400000, 0x000000009c500000|  0%| F|  |TAMS 0x000000009c400000, 0x000000009c400000| Untracked 
| 453|0x000000009c500000, 0x000000009c500000, 0x000000009c600000|  0%| F|  |TAMS 0x000000009c500000, 0x000000009c500000| Untracked 
| 454|0x000000009c600000, 0x000000009c700000, 0x000000009c700000|100%| O|  |TAMS 0x000000009c700000, 0x000000009c600000| Untracked 
| 455|0x000000009c700000, 0x000000009c800000, 0x000000009c800000|100%| O|  |TAMS 0x000000009c800000, 0x000000009c700000| Untracked 
| 456|0x000000009c800000, 0x000000009c800000, 0x000000009c900000|  0%| F|  |TAMS 0x000000009c800000, 0x000000009c800000| Untracked 
| 457|0x000000009c900000, 0x000000009c900000, 0x000000009ca00000|  0%| F|  |TAMS 0x000000009c900000, 0x000000009c900000| Untracked 
| 458|0x000000009ca00000, 0x000000009ca00000, 0x000000009cb00000|  0%| F|  |TAMS 0x000000009ca00000, 0x000000009ca00000| Untracked 
| 459|0x000000009cb00000, 0x000000009cb00000, 0x000000009cc00000|  0%| F|  |TAMS 0x000000009cb00000, 0x000000009cb00000| Untracked 
| 460|0x000000009cc00000, 0x000000009cc00000, 0x000000009cd00000|  0%| F|  |TAMS 0x000000009cc00000, 0x000000009cc00000| Untracked 
| 461|0x000000009cd00000, 0x000000009cd00000, 0x000000009ce00000|  0%| F|  |TAMS 0x000000009cd00000, 0x000000009cd00000| Untracked 
| 462|0x000000009ce00000, 0x000000009ce00000, 0x000000009cf00000|  0%| F|  |TAMS 0x000000009ce00000, 0x000000009ce00000| Untracked 
| 463|0x000000009cf00000, 0x000000009cf00000, 0x000000009d000000|  0%| F|  |TAMS 0x000000009cf00000, 0x000000009cf00000| Untracked 
| 464|0x000000009d000000, 0x000000009d000000, 0x000000009d100000|  0%| F|  |TAMS 0x000000009d000000, 0x000000009d000000| Untracked 
| 465|0x000000009d100000, 0x000000009d100000, 0x000000009d200000|  0%| F|  |TAMS 0x000000009d100000, 0x000000009d100000| Untracked 
| 466|0x000000009d200000, 0x000000009d200000, 0x000000009d300000|  0%| F|  |TAMS 0x000000009d200000, 0x000000009d200000| Untracked 
| 467|0x000000009d300000, 0x000000009d400000, 0x000000009d400000|100%| O|  |TAMS 0x000000009d400000, 0x000000009d300000| Untracked 
| 468|0x000000009d400000, 0x000000009d500000, 0x000000009d500000|100%| O|  |TAMS 0x000000009d500000, 0x000000009d400000| Untracked 
| 469|0x000000009d500000, 0x000000009d600000, 0x000000009d600000|100%| O|  |TAMS 0x000000009d600000, 0x000000009d500000| Untracked 
| 470|0x000000009d600000, 0x000000009d700000, 0x000000009d700000|100%| O|  |TAMS 0x000000009d700000, 0x000000009d600000| Untracked 
| 471|0x000000009d700000, 0x000000009d700000, 0x000000009d800000|  0%| F|  |TAMS 0x000000009d700000, 0x000000009d700000| Untracked 
| 472|0x000000009d800000, 0x000000009d800000, 0x000000009d900000|  0%| F|  |TAMS 0x000000009d800000, 0x000000009d800000| Untracked 
| 473|0x000000009d900000, 0x000000009d900000, 0x000000009da00000|  0%| F|  |TAMS 0x000000009d900000, 0x000000009d900000| Untracked 
| 474|0x000000009da00000, 0x000000009da00000, 0x000000009db00000|  0%| F|  |TAMS 0x000000009da00000, 0x000000009da00000| Untracked 
| 475|0x000000009db00000, 0x000000009db00000, 0x000000009dc00000|  0%| F|  |TAMS 0x000000009db00000, 0x000000009db00000| Untracked 
| 476|0x000000009dc00000, 0x000000009dc00000, 0x000000009dd00000|  0%| F|  |TAMS 0x000000009dc00000, 0x000000009dc00000| Untracked 
| 477|0x000000009dd00000, 0x000000009dd00000, 0x000000009de00000|  0%| F|  |TAMS 0x000000009dd00000, 0x000000009dd00000| Untracked 
| 478|0x000000009de00000, 0x000000009de00000, 0x000000009df00000|  0%| F|  |TAMS 0x000000009de00000, 0x000000009de00000| Untracked 
| 479|0x000000009df00000, 0x000000009df00000, 0x000000009e000000|  0%| F|  |TAMS 0x000000009df00000, 0x000000009df00000| Untracked 
| 480|0x000000009e000000, 0x000000009e000000, 0x000000009e100000|  0%| F|  |TAMS 0x000000009e000000, 0x000000009e000000| Untracked 
| 481|0x000000009e100000, 0x000000009e100000, 0x000000009e200000|  0%| F|  |TAMS 0x000000009e100000, 0x000000009e100000| Untracked 
| 482|0x000000009e200000, 0x000000009e200000, 0x000000009e300000|  0%| F|  |TAMS 0x000000009e200000, 0x000000009e200000| Untracked 
| 483|0x000000009e300000, 0x000000009e300000, 0x000000009e400000|  0%| F|  |TAMS 0x000000009e300000, 0x000000009e300000| Untracked 
| 484|0x000000009e400000, 0x000000009e400000, 0x000000009e500000|  0%| F|  |TAMS 0x000000009e400000, 0x000000009e400000| Untracked 
| 485|0x000000009e500000, 0x000000009e500000, 0x000000009e600000|  0%| F|  |TAMS 0x000000009e500000, 0x000000009e500000| Untracked 
| 486|0x000000009e600000, 0x000000009e600000, 0x000000009e700000|  0%| F|  |TAMS 0x000000009e600000, 0x000000009e600000| Untracked 
| 487|0x000000009e700000, 0x000000009e700000, 0x000000009e800000|  0%| F|  |TAMS 0x000000009e700000, 0x000000009e700000| Untracked 
| 488|0x000000009e800000, 0x000000009e800000, 0x000000009e900000|  0%| F|  |TAMS 0x000000009e800000, 0x000000009e800000| Untracked 
| 489|0x000000009e900000, 0x000000009e900000, 0x000000009ea00000|  0%| F|  |TAMS 0x000000009e900000, 0x000000009e900000| Untracked 
| 490|0x000000009ea00000, 0x000000009ea00000, 0x000000009eb00000|  0%| F|  |TAMS 0x000000009ea00000, 0x000000009ea00000| Untracked 
| 491|0x000000009eb00000, 0x000000009eb00000, 0x000000009ec00000|  0%| F|  |TAMS 0x000000009eb00000, 0x000000009eb00000| Untracked 
| 492|0x000000009ec00000, 0x000000009ec00000, 0x000000009ed00000|  0%| F|  |TAMS 0x000000009ec00000, 0x000000009ec00000| Untracked 
| 493|0x000000009ed00000, 0x000000009ed00000, 0x000000009ee00000|  0%| F|  |TAMS 0x000000009ed00000, 0x000000009ed00000| Untracked 
| 494|0x000000009ee00000, 0x000000009ee00000, 0x000000009ef00000|  0%| F|  |TAMS 0x000000009ee00000, 0x000000009ee00000| Untracked 
| 495|0x000000009ef00000, 0x000000009ef00000, 0x000000009f000000|  0%| F|  |TAMS 0x000000009ef00000, 0x000000009ef00000| Untracked 
| 496|0x000000009f000000, 0x000000009f000000, 0x000000009f100000|  0%| F|  |TAMS 0x000000009f000000, 0x000000009f000000| Untracked 
| 497|0x000000009f100000, 0x000000009f100000, 0x000000009f200000|  0%| F|  |TAMS 0x000000009f100000, 0x000000009f100000| Untracked 
| 498|0x000000009f200000, 0x000000009f200000, 0x000000009f300000|  0%| F|  |TAMS 0x000000009f200000, 0x000000009f200000| Untracked 
| 499|0x000000009f300000, 0x000000009f300000, 0x000000009f400000|  0%| F|  |TAMS 0x000000009f300000, 0x000000009f300000| Untracked 
| 500|0x000000009f400000, 0x000000009f400000, 0x000000009f500000|  0%| F|  |TAMS 0x000000009f400000, 0x000000009f400000| Untracked 
| 501|0x000000009f500000, 0x000000009f500000, 0x000000009f600000|  0%| F|  |TAMS 0x000000009f500000, 0x000000009f500000| Untracked 
| 502|0x000000009f600000, 0x000000009f600000, 0x000000009f700000|  0%| F|  |TAMS 0x000000009f600000, 0x000000009f600000| Untracked 
| 503|0x000000009f700000, 0x000000009f700000, 0x000000009f800000|  0%| F|  |TAMS 0x000000009f700000, 0x000000009f700000| Untracked 
| 504|0x000000009f800000, 0x000000009f800000, 0x000000009f900000|  0%| F|  |TAMS 0x000000009f800000, 0x000000009f800000| Untracked 
| 505|0x000000009f900000, 0x000000009f900000, 0x000000009fa00000|  0%| F|  |TAMS 0x000000009f900000, 0x000000009f900000| Untracked 
| 506|0x000000009fa00000, 0x000000009fa00000, 0x000000009fb00000|  0%| F|  |TAMS 0x000000009fa00000, 0x000000009fa00000| Untracked 
| 507|0x000000009fb00000, 0x000000009fb00000, 0x000000009fc00000|  0%| F|  |TAMS 0x000000009fb00000, 0x000000009fb00000| Untracked 
| 508|0x000000009fc00000, 0x000000009fc00000, 0x000000009fd00000|  0%| F|  |TAMS 0x000000009fc00000, 0x000000009fc00000| Untracked 
| 509|0x000000009fd00000, 0x000000009fd00000, 0x000000009fe00000|  0%| F|  |TAMS 0x000000009fd00000, 0x000000009fd00000| Untracked 
| 510|0x000000009fe00000, 0x000000009fe00000, 0x000000009ff00000|  0%| F|  |TAMS 0x000000009fe00000, 0x000000009fe00000| Untracked 
| 511|0x000000009ff00000, 0x000000009ff00000, 0x00000000a0000000|  0%| F|  |TAMS 0x000000009ff00000, 0x000000009ff00000| Untracked 
| 512|0x00000000a0000000, 0x00000000a0000000, 0x00000000a0100000|  0%| F|  |TAMS 0x00000000a0000000, 0x00000000a0000000| Untracked 
| 513|0x00000000a0100000, 0x00000000a0100000, 0x00000000a0200000|  0%| F|  |TAMS 0x00000000a0100000, 0x00000000a0100000| Untracked 
| 514|0x00000000a0200000, 0x00000000a0200000, 0x00000000a0300000|  0%| F|  |TAMS 0x00000000a0200000, 0x00000000a0200000| Untracked 
| 515|0x00000000a0300000, 0x00000000a0300000, 0x00000000a0400000|  0%| F|  |TAMS 0x00000000a0300000, 0x00000000a0300000| Untracked 
| 516|0x00000000a0400000, 0x00000000a0400000, 0x00000000a0500000|  0%| F|  |TAMS 0x00000000a0400000, 0x00000000a0400000| Untracked 
| 517|0x00000000a0500000, 0x00000000a0500000, 0x00000000a0600000|  0%| F|  |TAMS 0x00000000a0500000, 0x00000000a0500000| Untracked 
| 518|0x00000000a0600000, 0x00000000a0600000, 0x00000000a0700000|  0%| F|  |TAMS 0x00000000a0600000, 0x00000000a0600000| Untracked 
| 519|0x00000000a0700000, 0x00000000a0700000, 0x00000000a0800000|  0%| F|  |TAMS 0x00000000a0700000, 0x00000000a0700000| Untracked 
| 520|0x00000000a0800000, 0x00000000a0800000, 0x00000000a0900000|  0%| F|  |TAMS 0x00000000a0800000, 0x00000000a0800000| Untracked 
| 521|0x00000000a0900000, 0x00000000a0900000, 0x00000000a0a00000|  0%| F|  |TAMS 0x00000000a0900000, 0x00000000a0900000| Untracked 
| 522|0x00000000a0a00000, 0x00000000a0a00000, 0x00000000a0b00000|  0%| F|  |TAMS 0x00000000a0a00000, 0x00000000a0a00000| Untracked 
| 523|0x00000000a0b00000, 0x00000000a0b00000, 0x00000000a0c00000|  0%| F|  |TAMS 0x00000000a0b00000, 0x00000000a0b00000| Untracked 
| 524|0x00000000a0c00000, 0x00000000a0c00000, 0x00000000a0d00000|  0%| F|  |TAMS 0x00000000a0c00000, 0x00000000a0c00000| Untracked 
| 525|0x00000000a0d00000, 0x00000000a0d00000, 0x00000000a0e00000|  0%| F|  |TAMS 0x00000000a0d00000, 0x00000000a0d00000| Untracked 
| 526|0x00000000a0e00000, 0x00000000a0e00000, 0x00000000a0f00000|  0%| F|  |TAMS 0x00000000a0e00000, 0x00000000a0e00000| Untracked 
| 527|0x00000000a0f00000, 0x00000000a0f00000, 0x00000000a1000000|  0%| F|  |TAMS 0x00000000a0f00000, 0x00000000a0f00000| Untracked 
| 528|0x00000000a1000000, 0x00000000a1000000, 0x00000000a1100000|  0%| F|  |TAMS 0x00000000a1000000, 0x00000000a1000000| Untracked 
| 529|0x00000000a1100000, 0x00000000a1100000, 0x00000000a1200000|  0%| F|  |TAMS 0x00000000a1100000, 0x00000000a1100000| Untracked 
| 530|0x00000000a1200000, 0x00000000a1200000, 0x00000000a1300000|  0%| F|  |TAMS 0x00000000a1200000, 0x00000000a1200000| Untracked 
| 531|0x00000000a1300000, 0x00000000a1300000, 0x00000000a1400000|  0%| F|  |TAMS 0x00000000a1300000, 0x00000000a1300000| Untracked 
| 532|0x00000000a1400000, 0x00000000a1400000, 0x00000000a1500000|  0%| F|  |TAMS 0x00000000a1400000, 0x00000000a1400000| Untracked 
| 533|0x00000000a1500000, 0x00000000a1500000, 0x00000000a1600000|  0%| F|  |TAMS 0x00000000a1500000, 0x00000000a1500000| Untracked 
| 534|0x00000000a1600000, 0x00000000a1600000, 0x00000000a1700000|  0%| F|  |TAMS 0x00000000a1600000, 0x00000000a1600000| Untracked 
| 535|0x00000000a1700000, 0x00000000a1700000, 0x00000000a1800000|  0%| F|  |TAMS 0x00000000a1700000, 0x00000000a1700000| Untracked 
| 536|0x00000000a1800000, 0x00000000a1800000, 0x00000000a1900000|  0%| F|  |TAMS 0x00000000a1800000, 0x00000000a1800000| Untracked 
| 537|0x00000000a1900000, 0x00000000a1900000, 0x00000000a1a00000|  0%| F|  |TAMS 0x00000000a1900000, 0x00000000a1900000| Untracked 
| 538|0x00000000a1a00000, 0x00000000a1a00000, 0x00000000a1b00000|  0%| F|  |TAMS 0x00000000a1a00000, 0x00000000a1a00000| Untracked 
| 539|0x00000000a1b00000, 0x00000000a1b00000, 0x00000000a1c00000|  0%| F|  |TAMS 0x00000000a1b00000, 0x00000000a1b00000| Untracked 
| 540|0x00000000a1c00000, 0x00000000a1c00000, 0x00000000a1d00000|  0%| F|  |TAMS 0x00000000a1c00000, 0x00000000a1c00000| Untracked 
| 541|0x00000000a1d00000, 0x00000000a1d00000, 0x00000000a1e00000|  0%| F|  |TAMS 0x00000000a1d00000, 0x00000000a1d00000| Untracked 
| 542|0x00000000a1e00000, 0x00000000a1e00000, 0x00000000a1f00000|  0%| F|  |TAMS 0x00000000a1e00000, 0x00000000a1e00000| Untracked 
| 543|0x00000000a1f00000, 0x00000000a1f00000, 0x00000000a2000000|  0%| F|  |TAMS 0x00000000a1f00000, 0x00000000a1f00000| Untracked 
| 544|0x00000000a2000000, 0x00000000a2000000, 0x00000000a2100000|  0%| F|  |TAMS 0x00000000a2000000, 0x00000000a2000000| Untracked 
| 545|0x00000000a2100000, 0x00000000a2100000, 0x00000000a2200000|  0%| F|  |TAMS 0x00000000a2100000, 0x00000000a2100000| Untracked 
| 546|0x00000000a2200000, 0x00000000a2200000, 0x00000000a2300000|  0%| F|  |TAMS 0x00000000a2200000, 0x00000000a2200000| Untracked 
| 547|0x00000000a2300000, 0x00000000a2300000, 0x00000000a2400000|  0%| F|  |TAMS 0x00000000a2300000, 0x00000000a2300000| Untracked 
| 548|0x00000000a2400000, 0x00000000a2400000, 0x00000000a2500000|  0%| F|  |TAMS 0x00000000a2400000, 0x00000000a2400000| Untracked 
| 549|0x00000000a2500000, 0x00000000a2500000, 0x00000000a2600000|  0%| F|  |TAMS 0x00000000a2500000, 0x00000000a2500000| Untracked 
| 550|0x00000000a2600000, 0x00000000a2600000, 0x00000000a2700000|  0%| F|  |TAMS 0x00000000a2600000, 0x00000000a2600000| Untracked 
| 551|0x00000000a2700000, 0x00000000a2700000, 0x00000000a2800000|  0%| F|  |TAMS 0x00000000a2700000, 0x00000000a2700000| Untracked 
| 552|0x00000000a2800000, 0x00000000a2800000, 0x00000000a2900000|  0%| F|  |TAMS 0x00000000a2800000, 0x00000000a2800000| Untracked 
| 553|0x00000000a2900000, 0x00000000a2900000, 0x00000000a2a00000|  0%| F|  |TAMS 0x00000000a2900000, 0x00000000a2900000| Untracked 
| 554|0x00000000a2a00000, 0x00000000a2a00000, 0x00000000a2b00000|  0%| F|  |TAMS 0x00000000a2a00000, 0x00000000a2a00000| Untracked 
| 555|0x00000000a2b00000, 0x00000000a2b00000, 0x00000000a2c00000|  0%| F|  |TAMS 0x00000000a2b00000, 0x00000000a2b00000| Untracked 
| 556|0x00000000a2c00000, 0x00000000a2c00000, 0x00000000a2d00000|  0%| F|  |TAMS 0x00000000a2c00000, 0x00000000a2c00000| Untracked 
| 557|0x00000000a2d00000, 0x00000000a2d00000, 0x00000000a2e00000|  0%| F|  |TAMS 0x00000000a2d00000, 0x00000000a2d00000| Untracked 
| 558|0x00000000a2e00000, 0x00000000a2e00000, 0x00000000a2f00000|  0%| F|  |TAMS 0x00000000a2e00000, 0x00000000a2e00000| Untracked 
| 559|0x00000000a2f00000, 0x00000000a2f00000, 0x00000000a3000000|  0%| F|  |TAMS 0x00000000a2f00000, 0x00000000a2f00000| Untracked 
| 560|0x00000000a3000000, 0x00000000a3000000, 0x00000000a3100000|  0%| F|  |TAMS 0x00000000a3000000, 0x00000000a3000000| Untracked 
| 561|0x00000000a3100000, 0x00000000a3100000, 0x00000000a3200000|  0%| F|  |TAMS 0x00000000a3100000, 0x00000000a3100000| Untracked 
| 562|0x00000000a3200000, 0x00000000a3200000, 0x00000000a3300000|  0%| F|  |TAMS 0x00000000a3200000, 0x00000000a3200000| Untracked 
| 563|0x00000000a3300000, 0x00000000a3300000, 0x00000000a3400000|  0%| F|  |TAMS 0x00000000a3300000, 0x00000000a3300000| Untracked 
| 564|0x00000000a3400000, 0x00000000a3400000, 0x00000000a3500000|  0%| F|  |TAMS 0x00000000a3400000, 0x00000000a3400000| Untracked 
| 565|0x00000000a3500000, 0x00000000a3500000, 0x00000000a3600000|  0%| F|  |TAMS 0x00000000a3500000, 0x00000000a3500000| Untracked 
| 566|0x00000000a3600000, 0x00000000a3600000, 0x00000000a3700000|  0%| F|  |TAMS 0x00000000a3600000, 0x00000000a3600000| Untracked 
| 567|0x00000000a3700000, 0x00000000a3700000, 0x00000000a3800000|  0%| F|  |TAMS 0x00000000a3700000, 0x00000000a3700000| Untracked 
| 568|0x00000000a3800000, 0x00000000a3800000, 0x00000000a3900000|  0%| F|  |TAMS 0x00000000a3800000, 0x00000000a3800000| Untracked 
| 569|0x00000000a3900000, 0x00000000a3900000, 0x00000000a3a00000|  0%| F|  |TAMS 0x00000000a3900000, 0x00000000a3900000| Untracked 
| 570|0x00000000a3a00000, 0x00000000a3a00000, 0x00000000a3b00000|  0%| F|  |TAMS 0x00000000a3a00000, 0x00000000a3a00000| Untracked 
| 571|0x00000000a3b00000, 0x00000000a3b00000, 0x00000000a3c00000|  0%| F|  |TAMS 0x00000000a3b00000, 0x00000000a3b00000| Untracked 
| 572|0x00000000a3c00000, 0x00000000a3c00000, 0x00000000a3d00000|  0%| F|  |TAMS 0x00000000a3c00000, 0x00000000a3c00000| Untracked 
| 573|0x00000000a3d00000, 0x00000000a3d00000, 0x00000000a3e00000|  0%| F|  |TAMS 0x00000000a3d00000, 0x00000000a3d00000| Untracked 
| 574|0x00000000a3e00000, 0x00000000a3e00000, 0x00000000a3f00000|  0%| F|  |TAMS 0x00000000a3e00000, 0x00000000a3e00000| Untracked 
| 575|0x00000000a3f00000, 0x00000000a3f00000, 0x00000000a4000000|  0%| F|  |TAMS 0x00000000a3f00000, 0x00000000a3f00000| Untracked 
| 576|0x00000000a4000000, 0x00000000a4000000, 0x00000000a4100000|  0%| F|  |TAMS 0x00000000a4000000, 0x00000000a4000000| Untracked 
| 577|0x00000000a4100000, 0x00000000a4100000, 0x00000000a4200000|  0%| F|  |TAMS 0x00000000a4100000, 0x00000000a4100000| Untracked 
| 578|0x00000000a4200000, 0x00000000a4200000, 0x00000000a4300000|  0%| F|  |TAMS 0x00000000a4200000, 0x00000000a4200000| Untracked 
| 579|0x00000000a4300000, 0x00000000a4300000, 0x00000000a4400000|  0%| F|  |TAMS 0x00000000a4300000, 0x00000000a4300000| Untracked 
| 580|0x00000000a4400000, 0x00000000a4400000, 0x00000000a4500000|  0%| F|  |TAMS 0x00000000a4400000, 0x00000000a4400000| Untracked 
| 581|0x00000000a4500000, 0x00000000a4500000, 0x00000000a4600000|  0%| F|  |TAMS 0x00000000a4500000, 0x00000000a4500000| Untracked 
| 582|0x00000000a4600000, 0x00000000a4600000, 0x00000000a4700000|  0%| F|  |TAMS 0x00000000a4600000, 0x00000000a4600000| Untracked 
| 583|0x00000000a4700000, 0x00000000a4700000, 0x00000000a4800000|  0%| F|  |TAMS 0x00000000a4700000, 0x00000000a4700000| Untracked 
| 584|0x00000000a4800000, 0x00000000a4800000, 0x00000000a4900000|  0%| F|  |TAMS 0x00000000a4800000, 0x00000000a4800000| Untracked 
| 585|0x00000000a4900000, 0x00000000a4900000, 0x00000000a4a00000|  0%| F|  |TAMS 0x00000000a4900000, 0x00000000a4900000| Untracked 
| 586|0x00000000a4a00000, 0x00000000a4a00000, 0x00000000a4b00000|  0%| F|  |TAMS 0x00000000a4a00000, 0x00000000a4a00000| Untracked 
| 587|0x00000000a4b00000, 0x00000000a4b00000, 0x00000000a4c00000|  0%| F|  |TAMS 0x00000000a4b00000, 0x00000000a4b00000| Untracked 
| 588|0x00000000a4c00000, 0x00000000a4c00000, 0x00000000a4d00000|  0%| F|  |TAMS 0x00000000a4c00000, 0x00000000a4c00000| Untracked 
| 589|0x00000000a4d00000, 0x00000000a4d00000, 0x00000000a4e00000|  0%| F|  |TAMS 0x00000000a4d00000, 0x00000000a4d00000| Untracked 
| 590|0x00000000a4e00000, 0x00000000a4e00000, 0x00000000a4f00000|  0%| F|  |TAMS 0x00000000a4e00000, 0x00000000a4e00000| Untracked 
| 591|0x00000000a4f00000, 0x00000000a4f00000, 0x00000000a5000000|  0%| F|  |TAMS 0x00000000a4f00000, 0x00000000a4f00000| Untracked 
| 592|0x00000000a5000000, 0x00000000a5000000, 0x00000000a5100000|  0%| F|  |TAMS 0x00000000a5000000, 0x00000000a5000000| Untracked 
| 593|0x00000000a5100000, 0x00000000a5100000, 0x00000000a5200000|  0%| F|  |TAMS 0x00000000a5100000, 0x00000000a5100000| Untracked 
| 594|0x00000000a5200000, 0x00000000a5200000, 0x00000000a5300000|  0%| F|  |TAMS 0x00000000a5200000, 0x00000000a5200000| Untracked 
| 595|0x00000000a5300000, 0x00000000a5300000, 0x00000000a5400000|  0%| F|  |TAMS 0x00000000a5300000, 0x00000000a5300000| Untracked 
| 596|0x00000000a5400000, 0x00000000a5400000, 0x00000000a5500000|  0%| F|  |TAMS 0x00000000a5400000, 0x00000000a5400000| Untracked 
| 597|0x00000000a5500000, 0x00000000a5500000, 0x00000000a5600000|  0%| F|  |TAMS 0x00000000a5500000, 0x00000000a5500000| Untracked 
| 598|0x00000000a5600000, 0x00000000a5600000, 0x00000000a5700000|  0%| F|  |TAMS 0x00000000a5600000, 0x00000000a5600000| Untracked 
| 599|0x00000000a5700000, 0x00000000a5700000, 0x00000000a5800000|  0%| F|  |TAMS 0x00000000a5700000, 0x00000000a5700000| Untracked 
| 600|0x00000000a5800000, 0x00000000a5800000, 0x00000000a5900000|  0%| F|  |TAMS 0x00000000a5800000, 0x00000000a5800000| Untracked 
| 601|0x00000000a5900000, 0x00000000a5900000, 0x00000000a5a00000|  0%| F|  |TAMS 0x00000000a5900000, 0x00000000a5900000| Untracked 
| 602|0x00000000a5a00000, 0x00000000a5a00000, 0x00000000a5b00000|  0%| F|  |TAMS 0x00000000a5a00000, 0x00000000a5a00000| Untracked 
| 603|0x00000000a5b00000, 0x00000000a5b00000, 0x00000000a5c00000|  0%| F|  |TAMS 0x00000000a5b00000, 0x00000000a5b00000| Untracked 
| 604|0x00000000a5c00000, 0x00000000a5c00000, 0x00000000a5d00000|  0%| F|  |TAMS 0x00000000a5c00000, 0x00000000a5c00000| Untracked 
| 605|0x00000000a5d00000, 0x00000000a5d00000, 0x00000000a5e00000|  0%| F|  |TAMS 0x00000000a5d00000, 0x00000000a5d00000| Untracked 
| 606|0x00000000a5e00000, 0x00000000a5e00000, 0x00000000a5f00000|  0%| F|  |TAMS 0x00000000a5e00000, 0x00000000a5e00000| Untracked 
| 607|0x00000000a5f00000, 0x00000000a5f00000, 0x00000000a6000000|  0%| F|  |TAMS 0x00000000a5f00000, 0x00000000a5f00000| Untracked 
| 608|0x00000000a6000000, 0x00000000a6000000, 0x00000000a6100000|  0%| F|  |TAMS 0x00000000a6000000, 0x00000000a6000000| Untracked 
| 609|0x00000000a6100000, 0x00000000a6100000, 0x00000000a6200000|  0%| F|  |TAMS 0x00000000a6100000, 0x00000000a6100000| Untracked 
| 610|0x00000000a6200000, 0x00000000a6200000, 0x00000000a6300000|  0%| F|  |TAMS 0x00000000a6200000, 0x00000000a6200000| Untracked 
| 611|0x00000000a6300000, 0x00000000a6300000, 0x00000000a6400000|  0%| F|  |TAMS 0x00000000a6300000, 0x00000000a6300000| Untracked 
| 612|0x00000000a6400000, 0x00000000a6400000, 0x00000000a6500000|  0%| F|  |TAMS 0x00000000a6400000, 0x00000000a6400000| Untracked 
| 613|0x00000000a6500000, 0x00000000a6500000, 0x00000000a6600000|  0%| F|  |TAMS 0x00000000a6500000, 0x00000000a6500000| Untracked 
| 614|0x00000000a6600000, 0x00000000a6600000, 0x00000000a6700000|  0%| F|  |TAMS 0x00000000a6600000, 0x00000000a6600000| Untracked 
| 615|0x00000000a6700000, 0x00000000a6700000, 0x00000000a6800000|  0%| F|  |TAMS 0x00000000a6700000, 0x00000000a6700000| Untracked 
| 616|0x00000000a6800000, 0x00000000a6800000, 0x00000000a6900000|  0%| F|  |TAMS 0x00000000a6800000, 0x00000000a6800000| Untracked 
| 617|0x00000000a6900000, 0x00000000a6900000, 0x00000000a6a00000|  0%| F|  |TAMS 0x00000000a6900000, 0x00000000a6900000| Untracked 
| 618|0x00000000a6a00000, 0x00000000a6a00000, 0x00000000a6b00000|  0%| F|  |TAMS 0x00000000a6a00000, 0x00000000a6a00000| Untracked 
| 619|0x00000000a6b00000, 0x00000000a6b00000, 0x00000000a6c00000|  0%| F|  |TAMS 0x00000000a6b00000, 0x00000000a6b00000| Untracked 
| 620|0x00000000a6c00000, 0x00000000a6c00000, 0x00000000a6d00000|  0%| F|  |TAMS 0x00000000a6c00000, 0x00000000a6c00000| Untracked 
| 621|0x00000000a6d00000, 0x00000000a6d00000, 0x00000000a6e00000|  0%| F|  |TAMS 0x00000000a6d00000, 0x00000000a6d00000| Untracked 
| 622|0x00000000a6e00000, 0x00000000a6e00000, 0x00000000a6f00000|  0%| F|  |TAMS 0x00000000a6e00000, 0x00000000a6e00000| Untracked 
| 623|0x00000000a6f00000, 0x00000000a6f00000, 0x00000000a7000000|  0%| F|  |TAMS 0x00000000a6f00000, 0x00000000a6f00000| Untracked 
| 624|0x00000000a7000000, 0x00000000a7000000, 0x00000000a7100000|  0%| F|  |TAMS 0x00000000a7000000, 0x00000000a7000000| Untracked 
| 625|0x00000000a7100000, 0x00000000a7100000, 0x00000000a7200000|  0%| F|  |TAMS 0x00000000a7100000, 0x00000000a7100000| Untracked 
| 626|0x00000000a7200000, 0x00000000a7200000, 0x00000000a7300000|  0%| F|  |TAMS 0x00000000a7200000, 0x00000000a7200000| Untracked 
| 627|0x00000000a7300000, 0x00000000a7300000, 0x00000000a7400000|  0%| F|  |TAMS 0x00000000a7300000, 0x00000000a7300000| Untracked 
| 628|0x00000000a7400000, 0x00000000a7400000, 0x00000000a7500000|  0%| F|  |TAMS 0x00000000a7400000, 0x00000000a7400000| Untracked 
| 629|0x00000000a7500000, 0x00000000a7500000, 0x00000000a7600000|  0%| F|  |TAMS 0x00000000a7500000, 0x00000000a7500000| Untracked 
| 630|0x00000000a7600000, 0x00000000a7600000, 0x00000000a7700000|  0%| F|  |TAMS 0x00000000a7600000, 0x00000000a7600000| Untracked 
| 631|0x00000000a7700000, 0x00000000a7700000, 0x00000000a7800000|  0%| F|  |TAMS 0x00000000a7700000, 0x00000000a7700000| Untracked 
| 632|0x00000000a7800000, 0x00000000a7800000, 0x00000000a7900000|  0%| F|  |TAMS 0x00000000a7800000, 0x00000000a7800000| Untracked 
| 633|0x00000000a7900000, 0x00000000a7900000, 0x00000000a7a00000|  0%| F|  |TAMS 0x00000000a7900000, 0x00000000a7900000| Untracked 
| 634|0x00000000a7a00000, 0x00000000a7a00000, 0x00000000a7b00000|  0%| F|  |TAMS 0x00000000a7a00000, 0x00000000a7a00000| Untracked 
| 635|0x00000000a7b00000, 0x00000000a7b00000, 0x00000000a7c00000|  0%| F|  |TAMS 0x00000000a7b00000, 0x00000000a7b00000| Untracked 
| 636|0x00000000a7c00000, 0x00000000a7c00000, 0x00000000a7d00000|  0%| F|  |TAMS 0x00000000a7c00000, 0x00000000a7c00000| Untracked 
| 637|0x00000000a7d00000, 0x00000000a7d00000, 0x00000000a7e00000|  0%| F|  |TAMS 0x00000000a7d00000, 0x00000000a7d00000| Untracked 
| 638|0x00000000a7e00000, 0x00000000a7e00000, 0x00000000a7f00000|  0%| F|  |TAMS 0x00000000a7e00000, 0x00000000a7e00000| Untracked 
| 639|0x00000000a7f00000, 0x00000000a7f00000, 0x00000000a8000000|  0%| F|  |TAMS 0x00000000a7f00000, 0x00000000a7f00000| Untracked 
| 640|0x00000000a8000000, 0x00000000a8000000, 0x00000000a8100000|  0%| F|  |TAMS 0x00000000a8000000, 0x00000000a8000000| Untracked 
| 641|0x00000000a8100000, 0x00000000a8100000, 0x00000000a8200000|  0%| F|  |TAMS 0x00000000a8100000, 0x00000000a8100000| Untracked 
| 642|0x00000000a8200000, 0x00000000a8200000, 0x00000000a8300000|  0%| F|  |TAMS 0x00000000a8200000, 0x00000000a8200000| Untracked 
| 643|0x00000000a8300000, 0x00000000a8300000, 0x00000000a8400000|  0%| F|  |TAMS 0x00000000a8300000, 0x00000000a8300000| Untracked 
| 644|0x00000000a8400000, 0x00000000a8400000, 0x00000000a8500000|  0%| F|  |TAMS 0x00000000a8400000, 0x00000000a8400000| Untracked 
| 645|0x00000000a8500000, 0x00000000a8500000, 0x00000000a8600000|  0%| F|  |TAMS 0x00000000a8500000, 0x00000000a8500000| Untracked 
| 646|0x00000000a8600000, 0x00000000a8600000, 0x00000000a8700000|  0%| F|  |TAMS 0x00000000a8600000, 0x00000000a8600000| Untracked 
| 647|0x00000000a8700000, 0x00000000a8700000, 0x00000000a8800000|  0%| F|  |TAMS 0x00000000a8700000, 0x00000000a8700000| Untracked 
| 648|0x00000000a8800000, 0x00000000a8800000, 0x00000000a8900000|  0%| F|  |TAMS 0x00000000a8800000, 0x00000000a8800000| Untracked 
| 649|0x00000000a8900000, 0x00000000a8900000, 0x00000000a8a00000|  0%| F|  |TAMS 0x00000000a8900000, 0x00000000a8900000| Untracked 
| 650|0x00000000a8a00000, 0x00000000a8a00000, 0x00000000a8b00000|  0%| F|  |TAMS 0x00000000a8a00000, 0x00000000a8a00000| Untracked 
| 651|0x00000000a8b00000, 0x00000000a8b00000, 0x00000000a8c00000|  0%| F|  |TAMS 0x00000000a8b00000, 0x00000000a8b00000| Untracked 
| 652|0x00000000a8c00000, 0x00000000a8c00000, 0x00000000a8d00000|  0%| F|  |TAMS 0x00000000a8c00000, 0x00000000a8c00000| Untracked 
| 653|0x00000000a8d00000, 0x00000000a8d00000, 0x00000000a8e00000|  0%| F|  |TAMS 0x00000000a8d00000, 0x00000000a8d00000| Untracked 
| 654|0x00000000a8e00000, 0x00000000a8e00000, 0x00000000a8f00000|  0%| F|  |TAMS 0x00000000a8e00000, 0x00000000a8e00000| Untracked 
| 655|0x00000000a8f00000, 0x00000000a8f00000, 0x00000000a9000000|  0%| F|  |TAMS 0x00000000a8f00000, 0x00000000a8f00000| Untracked 
| 656|0x00000000a9000000, 0x00000000a9000000, 0x00000000a9100000|  0%| F|  |TAMS 0x00000000a9000000, 0x00000000a9000000| Untracked 
| 657|0x00000000a9100000, 0x00000000a9100000, 0x00000000a9200000|  0%| F|  |TAMS 0x00000000a9100000, 0x00000000a9100000| Untracked 
| 658|0x00000000a9200000, 0x00000000a9200000, 0x00000000a9300000|  0%| F|  |TAMS 0x00000000a9200000, 0x00000000a9200000| Untracked 
| 659|0x00000000a9300000, 0x00000000a9300000, 0x00000000a9400000|  0%| F|  |TAMS 0x00000000a9300000, 0x00000000a9300000| Untracked 
| 660|0x00000000a9400000, 0x00000000a9400000, 0x00000000a9500000|  0%| F|  |TAMS 0x00000000a9400000, 0x00000000a9400000| Untracked 
| 661|0x00000000a9500000, 0x00000000a9500000, 0x00000000a9600000|  0%| F|  |TAMS 0x00000000a9500000, 0x00000000a9500000| Untracked 
| 662|0x00000000a9600000, 0x00000000a9600000, 0x00000000a9700000|  0%| F|  |TAMS 0x00000000a9600000, 0x00000000a9600000| Untracked 
| 663|0x00000000a9700000, 0x00000000a9700000, 0x00000000a9800000|  0%| F|  |TAMS 0x00000000a9700000, 0x00000000a9700000| Untracked 
| 664|0x00000000a9800000, 0x00000000a9800000, 0x00000000a9900000|  0%| F|  |TAMS 0x00000000a9800000, 0x00000000a9800000| Untracked 
| 665|0x00000000a9900000, 0x00000000a9900000, 0x00000000a9a00000|  0%| F|  |TAMS 0x00000000a9900000, 0x00000000a9900000| Untracked 
| 666|0x00000000a9a00000, 0x00000000a9a00000, 0x00000000a9b00000|  0%| F|  |TAMS 0x00000000a9a00000, 0x00000000a9a00000| Untracked 
| 667|0x00000000a9b00000, 0x00000000a9b00000, 0x00000000a9c00000|  0%| F|  |TAMS 0x00000000a9b00000, 0x00000000a9b00000| Untracked 
| 668|0x00000000a9c00000, 0x00000000a9c00000, 0x00000000a9d00000|  0%| F|  |TAMS 0x00000000a9c00000, 0x00000000a9c00000| Untracked 
| 669|0x00000000a9d00000, 0x00000000a9d00000, 0x00000000a9e00000|  0%| F|  |TAMS 0x00000000a9d00000, 0x00000000a9d00000| Untracked 
| 670|0x00000000a9e00000, 0x00000000a9e00000, 0x00000000a9f00000|  0%| F|  |TAMS 0x00000000a9e00000, 0x00000000a9e00000| Untracked 
| 671|0x00000000a9f00000, 0x00000000a9f00000, 0x00000000aa000000|  0%| F|  |TAMS 0x00000000a9f00000, 0x00000000a9f00000| Untracked 
| 672|0x00000000aa000000, 0x00000000aa000000, 0x00000000aa100000|  0%| F|  |TAMS 0x00000000aa000000, 0x00000000aa000000| Untracked 
| 673|0x00000000aa100000, 0x00000000aa100000, 0x00000000aa200000|  0%| F|  |TAMS 0x00000000aa100000, 0x00000000aa100000| Untracked 
| 674|0x00000000aa200000, 0x00000000aa200000, 0x00000000aa300000|  0%| F|  |TAMS 0x00000000aa200000, 0x00000000aa200000| Untracked 
| 675|0x00000000aa300000, 0x00000000aa300000, 0x00000000aa400000|  0%| F|  |TAMS 0x00000000aa300000, 0x00000000aa300000| Untracked 
| 676|0x00000000aa400000, 0x00000000aa400000, 0x00000000aa500000|  0%| F|  |TAMS 0x00000000aa400000, 0x00000000aa400000| Untracked 
| 677|0x00000000aa500000, 0x00000000aa500000, 0x00000000aa600000|  0%| F|  |TAMS 0x00000000aa500000, 0x00000000aa500000| Untracked 
| 678|0x00000000aa600000, 0x00000000aa600000, 0x00000000aa700000|  0%| F|  |TAMS 0x00000000aa600000, 0x00000000aa600000| Untracked 
| 679|0x00000000aa700000, 0x00000000aa700000, 0x00000000aa800000|  0%| F|  |TAMS 0x00000000aa700000, 0x00000000aa700000| Untracked 
| 680|0x00000000aa800000, 0x00000000aa800000, 0x00000000aa900000|  0%| F|  |TAMS 0x00000000aa800000, 0x00000000aa800000| Untracked 
| 681|0x00000000aa900000, 0x00000000aa900000, 0x00000000aaa00000|  0%| F|  |TAMS 0x00000000aa900000, 0x00000000aa900000| Untracked 
| 682|0x00000000aaa00000, 0x00000000aaa00000, 0x00000000aab00000|  0%| F|  |TAMS 0x00000000aaa00000, 0x00000000aaa00000| Untracked 
| 683|0x00000000aab00000, 0x00000000aab00000, 0x00000000aac00000|  0%| F|  |TAMS 0x00000000aab00000, 0x00000000aab00000| Untracked 
| 684|0x00000000aac00000, 0x00000000aac00000, 0x00000000aad00000|  0%| F|  |TAMS 0x00000000aac00000, 0x00000000aac00000| Untracked 
| 685|0x00000000aad00000, 0x00000000aad00000, 0x00000000aae00000|  0%| F|  |TAMS 0x00000000aad00000, 0x00000000aad00000| Untracked 
| 686|0x00000000aae00000, 0x00000000aae00000, 0x00000000aaf00000|  0%| F|  |TAMS 0x00000000aae00000, 0x00000000aae00000| Untracked 
| 687|0x00000000aaf00000, 0x00000000aaf00000, 0x00000000ab000000|  0%| F|  |TAMS 0x00000000aaf00000, 0x00000000aaf00000| Untracked 
| 688|0x00000000ab000000, 0x00000000ab000000, 0x00000000ab100000|  0%| F|  |TAMS 0x00000000ab000000, 0x00000000ab000000| Untracked 
| 689|0x00000000ab100000, 0x00000000ab100000, 0x00000000ab200000|  0%| F|  |TAMS 0x00000000ab100000, 0x00000000ab100000| Untracked 
| 690|0x00000000ab200000, 0x00000000ab200000, 0x00000000ab300000|  0%| F|  |TAMS 0x00000000ab200000, 0x00000000ab200000| Untracked 
| 691|0x00000000ab300000, 0x00000000ab300000, 0x00000000ab400000|  0%| F|  |TAMS 0x00000000ab300000, 0x00000000ab300000| Untracked 
| 692|0x00000000ab400000, 0x00000000ab400000, 0x00000000ab500000|  0%| F|  |TAMS 0x00000000ab400000, 0x00000000ab400000| Untracked 
| 693|0x00000000ab500000, 0x00000000ab500000, 0x00000000ab600000|  0%| F|  |TAMS 0x00000000ab500000, 0x00000000ab500000| Untracked 
| 694|0x00000000ab600000, 0x00000000ab600000, 0x00000000ab700000|  0%| F|  |TAMS 0x00000000ab600000, 0x00000000ab600000| Untracked 
| 695|0x00000000ab700000, 0x00000000ab700000, 0x00000000ab800000|  0%| F|  |TAMS 0x00000000ab700000, 0x00000000ab700000| Untracked 
| 696|0x00000000ab800000, 0x00000000ab800000, 0x00000000ab900000|  0%| F|  |TAMS 0x00000000ab800000, 0x00000000ab800000| Untracked 
| 697|0x00000000ab900000, 0x00000000ab900000, 0x00000000aba00000|  0%| F|  |TAMS 0x00000000ab900000, 0x00000000ab900000| Untracked 
| 698|0x00000000aba00000, 0x00000000aba00000, 0x00000000abb00000|  0%| F|  |TAMS 0x00000000aba00000, 0x00000000aba00000| Untracked 
| 699|0x00000000abb00000, 0x00000000abb00000, 0x00000000abc00000|  0%| F|  |TAMS 0x00000000abb00000, 0x00000000abb00000| Untracked 
| 700|0x00000000abc00000, 0x00000000abc00000, 0x00000000abd00000|  0%| F|  |TAMS 0x00000000abc00000, 0x00000000abc00000| Untracked 
| 701|0x00000000abd00000, 0x00000000abd00000, 0x00000000abe00000|  0%| F|  |TAMS 0x00000000abd00000, 0x00000000abd00000| Untracked 
| 702|0x00000000abe00000, 0x00000000abe00000, 0x00000000abf00000|  0%| F|  |TAMS 0x00000000abe00000, 0x00000000abe00000| Untracked 
| 703|0x00000000abf00000, 0x00000000abf00000, 0x00000000ac000000|  0%| F|  |TAMS 0x00000000abf00000, 0x00000000abf00000| Untracked 
| 704|0x00000000ac000000, 0x00000000ac000000, 0x00000000ac100000|  0%| F|  |TAMS 0x00000000ac000000, 0x00000000ac000000| Untracked 
| 705|0x00000000ac100000, 0x00000000ac100000, 0x00000000ac200000|  0%| F|  |TAMS 0x00000000ac100000, 0x00000000ac100000| Untracked 
| 706|0x00000000ac200000, 0x00000000ac200000, 0x00000000ac300000|  0%| F|  |TAMS 0x00000000ac200000, 0x00000000ac200000| Untracked 
| 707|0x00000000ac300000, 0x00000000ac300000, 0x00000000ac400000|  0%| F|  |TAMS 0x00000000ac300000, 0x00000000ac300000| Untracked 
| 708|0x00000000ac400000, 0x00000000ac400000, 0x00000000ac500000|  0%| F|  |TAMS 0x00000000ac400000, 0x00000000ac400000| Untracked 
| 709|0x00000000ac500000, 0x00000000ac500000, 0x00000000ac600000|  0%| F|  |TAMS 0x00000000ac500000, 0x00000000ac500000| Untracked 
| 710|0x00000000ac600000, 0x00000000ac600000, 0x00000000ac700000|  0%| F|  |TAMS 0x00000000ac600000, 0x00000000ac600000| Untracked 
| 711|0x00000000ac700000, 0x00000000ac700000, 0x00000000ac800000|  0%| F|  |TAMS 0x00000000ac700000, 0x00000000ac700000| Untracked 
| 712|0x00000000ac800000, 0x00000000ac800000, 0x00000000ac900000|  0%| F|  |TAMS 0x00000000ac800000, 0x00000000ac800000| Untracked 
| 713|0x00000000ac900000, 0x00000000ac900000, 0x00000000aca00000|  0%| F|  |TAMS 0x00000000ac900000, 0x00000000ac900000| Untracked 
| 714|0x00000000aca00000, 0x00000000aca00000, 0x00000000acb00000|  0%| F|  |TAMS 0x00000000aca00000, 0x00000000aca00000| Untracked 
| 715|0x00000000acb00000, 0x00000000acb00000, 0x00000000acc00000|  0%| F|  |TAMS 0x00000000acb00000, 0x00000000acb00000| Untracked 
| 716|0x00000000acc00000, 0x00000000acc00000, 0x00000000acd00000|  0%| F|  |TAMS 0x00000000acc00000, 0x00000000acc00000| Untracked 
| 717|0x00000000acd00000, 0x00000000acd00000, 0x00000000ace00000|  0%| F|  |TAMS 0x00000000acd00000, 0x00000000acd00000| Untracked 
| 718|0x00000000ace00000, 0x00000000ace00000, 0x00000000acf00000|  0%| F|  |TAMS 0x00000000ace00000, 0x00000000ace00000| Untracked 
| 719|0x00000000acf00000, 0x00000000acf00000, 0x00000000ad000000|  0%| F|  |TAMS 0x00000000acf00000, 0x00000000acf00000| Untracked 
| 720|0x00000000ad000000, 0x00000000ad000000, 0x00000000ad100000|  0%| F|  |TAMS 0x00000000ad000000, 0x00000000ad000000| Untracked 
| 721|0x00000000ad100000, 0x00000000ad100000, 0x00000000ad200000|  0%| F|  |TAMS 0x00000000ad100000, 0x00000000ad100000| Untracked 
| 722|0x00000000ad200000, 0x00000000ad200000, 0x00000000ad300000|  0%| F|  |TAMS 0x00000000ad200000, 0x00000000ad200000| Untracked 
| 723|0x00000000ad300000, 0x00000000ad300000, 0x00000000ad400000|  0%| F|  |TAMS 0x00000000ad300000, 0x00000000ad300000| Untracked 
| 724|0x00000000ad400000, 0x00000000ad400000, 0x00000000ad500000|  0%| F|  |TAMS 0x00000000ad400000, 0x00000000ad400000| Untracked 
| 725|0x00000000ad500000, 0x00000000ad500000, 0x00000000ad600000|  0%| F|  |TAMS 0x00000000ad500000, 0x00000000ad500000| Untracked 
| 726|0x00000000ad600000, 0x00000000ad600000, 0x00000000ad700000|  0%| F|  |TAMS 0x00000000ad600000, 0x00000000ad600000| Untracked 
| 727|0x00000000ad700000, 0x00000000ad700000, 0x00000000ad800000|  0%| F|  |TAMS 0x00000000ad700000, 0x00000000ad700000| Untracked 
| 728|0x00000000ad800000, 0x00000000ad800000, 0x00000000ad900000|  0%| F|  |TAMS 0x00000000ad800000, 0x00000000ad800000| Untracked 
| 729|0x00000000ad900000, 0x00000000ad900000, 0x00000000ada00000|  0%| F|  |TAMS 0x00000000ad900000, 0x00000000ad900000| Untracked 
| 730|0x00000000ada00000, 0x00000000ada00000, 0x00000000adb00000|  0%| F|  |TAMS 0x00000000ada00000, 0x00000000ada00000| Untracked 
| 731|0x00000000adb00000, 0x00000000adb00000, 0x00000000adc00000|  0%| F|  |TAMS 0x00000000adb00000, 0x00000000adb00000| Untracked 
| 732|0x00000000adc00000, 0x00000000adc00000, 0x00000000add00000|  0%| F|  |TAMS 0x00000000adc00000, 0x00000000adc00000| Untracked 
| 733|0x00000000add00000, 0x00000000add00000, 0x00000000ade00000|  0%| F|  |TAMS 0x00000000add00000, 0x00000000add00000| Untracked 
| 734|0x00000000ade00000, 0x00000000ade00000, 0x00000000adf00000|  0%| F|  |TAMS 0x00000000ade00000, 0x00000000ade00000| Untracked 
| 735|0x00000000adf00000, 0x00000000adf00000, 0x00000000ae000000|  0%| F|  |TAMS 0x00000000adf00000, 0x00000000adf00000| Untracked 
| 736|0x00000000ae000000, 0x00000000ae000000, 0x00000000ae100000|  0%| F|  |TAMS 0x00000000ae000000, 0x00000000ae000000| Untracked 
| 737|0x00000000ae100000, 0x00000000ae100000, 0x00000000ae200000|  0%| F|  |TAMS 0x00000000ae100000, 0x00000000ae100000| Untracked 
| 738|0x00000000ae200000, 0x00000000ae200000, 0x00000000ae300000|  0%| F|  |TAMS 0x00000000ae200000, 0x00000000ae200000| Untracked 
| 739|0x00000000ae300000, 0x00000000ae300000, 0x00000000ae400000|  0%| F|  |TAMS 0x00000000ae300000, 0x00000000ae300000| Untracked 
| 740|0x00000000ae400000, 0x00000000ae400000, 0x00000000ae500000|  0%| F|  |TAMS 0x00000000ae400000, 0x00000000ae400000| Untracked 
| 741|0x00000000ae500000, 0x00000000ae500000, 0x00000000ae600000|  0%| F|  |TAMS 0x00000000ae500000, 0x00000000ae500000| Untracked 
| 742|0x00000000ae600000, 0x00000000ae600000, 0x00000000ae700000|  0%| F|  |TAMS 0x00000000ae600000, 0x00000000ae600000| Untracked 
| 743|0x00000000ae700000, 0x00000000ae700000, 0x00000000ae800000|  0%| F|  |TAMS 0x00000000ae700000, 0x00000000ae700000| Untracked 
| 744|0x00000000ae800000, 0x00000000ae800000, 0x00000000ae900000|  0%| F|  |TAMS 0x00000000ae800000, 0x00000000ae800000| Untracked 
| 745|0x00000000ae900000, 0x00000000ae900000, 0x00000000aea00000|  0%| F|  |TAMS 0x00000000ae900000, 0x00000000ae900000| Untracked 
| 746|0x00000000aea00000, 0x00000000aea00000, 0x00000000aeb00000|  0%| F|  |TAMS 0x00000000aea00000, 0x00000000aea00000| Untracked 
| 747|0x00000000aeb00000, 0x00000000aeb00000, 0x00000000aec00000|  0%| F|  |TAMS 0x00000000aeb00000, 0x00000000aeb00000| Untracked 
| 748|0x00000000aec00000, 0x00000000aec00000, 0x00000000aed00000|  0%| F|  |TAMS 0x00000000aec00000, 0x00000000aec00000| Untracked 
| 749|0x00000000aed00000, 0x00000000aed00000, 0x00000000aee00000|  0%| F|  |TAMS 0x00000000aed00000, 0x00000000aed00000| Untracked 
| 750|0x00000000aee00000, 0x00000000aee00000, 0x00000000aef00000|  0%| F|  |TAMS 0x00000000aee00000, 0x00000000aee00000| Untracked 
| 751|0x00000000aef00000, 0x00000000aef00000, 0x00000000af000000|  0%| F|  |TAMS 0x00000000aef00000, 0x00000000aef00000| Untracked 
| 752|0x00000000af000000, 0x00000000af000000, 0x00000000af100000|  0%| F|  |TAMS 0x00000000af000000, 0x00000000af000000| Untracked 
| 753|0x00000000af100000, 0x00000000af100000, 0x00000000af200000|  0%| F|  |TAMS 0x00000000af100000, 0x00000000af100000| Untracked 
| 754|0x00000000af200000, 0x00000000af200000, 0x00000000af300000|  0%| F|  |TAMS 0x00000000af200000, 0x00000000af200000| Untracked 
| 755|0x00000000af300000, 0x00000000af300000, 0x00000000af400000|  0%| F|  |TAMS 0x00000000af300000, 0x00000000af300000| Untracked 
| 756|0x00000000af400000, 0x00000000af400000, 0x00000000af500000|  0%| F|  |TAMS 0x00000000af400000, 0x00000000af400000| Untracked 
| 757|0x00000000af500000, 0x00000000af503898, 0x00000000af600000|  1%| E|  |TAMS 0x00000000af500000, 0x00000000af500000| Complete 
| 758|0x00000000af600000, 0x00000000af700000, 0x00000000af700000|100%| E|CS|TAMS 0x00000000af600000, 0x00000000af600000| Complete 
| 759|0x00000000af700000, 0x00000000af800000, 0x00000000af800000|100%| E|CS|TAMS 0x00000000af700000, 0x00000000af700000| Complete 
| 760|0x00000000af800000, 0x00000000af900000, 0x00000000af900000|100%| E|CS|TAMS 0x00000000af800000, 0x00000000af800000| Complete 
| 761|0x00000000af900000, 0x00000000afa00000, 0x00000000afa00000|100%| E|CS|TAMS 0x00000000af900000, 0x00000000af900000| Complete 
| 762|0x00000000afa00000, 0x00000000afb00000, 0x00000000afb00000|100%| E|CS|TAMS 0x00000000afa00000, 0x00000000afa00000| Complete 
| 763|0x00000000afb00000, 0x00000000afc00000, 0x00000000afc00000|100%| E|CS|TAMS 0x00000000afb00000, 0x00000000afb00000| Complete 
| 764|0x00000000afc00000, 0x00000000afd00000, 0x00000000afd00000|100%| E|CS|TAMS 0x00000000afc00000, 0x00000000afc00000| Complete 
| 765|0x00000000afd00000, 0x00000000afe00000, 0x00000000afe00000|100%| E|CS|TAMS 0x00000000afd00000, 0x00000000afd00000| Complete 
| 766|0x00000000afe00000, 0x00000000aff00000, 0x00000000aff00000|100%| E|CS|TAMS 0x00000000afe00000, 0x00000000afe00000| Complete 
| 767|0x00000000aff00000, 0x00000000b0000000, 0x00000000b0000000|100%| E|CS|TAMS 0x00000000aff00000, 0x00000000aff00000| Complete 
| 768|0x00000000b0000000, 0x00000000b0100000, 0x00000000b0100000|100%| E|CS|TAMS 0x00000000b0000000, 0x00000000b0000000| Complete 
| 769|0x00000000b0100000, 0x00000000b0200000, 0x00000000b0200000|100%| E|CS|TAMS 0x00000000b0100000, 0x00000000b0100000| Complete 
| 770|0x00000000b0200000, 0x00000000b0300000, 0x00000000b0300000|100%| E|CS|TAMS 0x00000000b0200000, 0x00000000b0200000| Complete 
| 771|0x00000000b0300000, 0x00000000b0400000, 0x00000000b0400000|100%| E|CS|TAMS 0x00000000b0300000, 0x00000000b0300000| Complete 
| 772|0x00000000b0400000, 0x00000000b0500000, 0x00000000b0500000|100%| E|CS|TAMS 0x00000000b0400000, 0x00000000b0400000| Complete 
| 773|0x00000000b0500000, 0x00000000b0600000, 0x00000000b0600000|100%| E|CS|TAMS 0x00000000b0500000, 0x00000000b0500000| Complete 
| 774|0x00000000b0600000, 0x00000000b0700000, 0x00000000b0700000|100%| E|CS|TAMS 0x00000000b0600000, 0x00000000b0600000| Complete 
| 775|0x00000000b0700000, 0x00000000b0800000, 0x00000000b0800000|100%| E|CS|TAMS 0x00000000b0700000, 0x00000000b0700000| Complete 
| 776|0x00000000b0800000, 0x00000000b0900000, 0x00000000b0900000|100%| E|CS|TAMS 0x00000000b0800000, 0x00000000b0800000| Complete 
| 777|0x00000000b0900000, 0x00000000b0a00000, 0x00000000b0a00000|100%| E|CS|TAMS 0x00000000b0900000, 0x00000000b0900000| Complete 
| 778|0x00000000b0a00000, 0x00000000b0b00000, 0x00000000b0b00000|100%| E|CS|TAMS 0x00000000b0a00000, 0x00000000b0a00000| Complete 
| 779|0x00000000b0b00000, 0x00000000b0c00000, 0x00000000b0c00000|100%| E|CS|TAMS 0x00000000b0b00000, 0x00000000b0b00000| Complete 
| 780|0x00000000b0c00000, 0x00000000b0d00000, 0x00000000b0d00000|100%| E|CS|TAMS 0x00000000b0c00000, 0x00000000b0c00000| Complete 
| 781|0x00000000b0d00000, 0x00000000b0e00000, 0x00000000b0e00000|100%| E|CS|TAMS 0x00000000b0d00000, 0x00000000b0d00000| Complete 
| 782|0x00000000b0e00000, 0x00000000b0f00000, 0x00000000b0f00000|100%| E|CS|TAMS 0x00000000b0e00000, 0x00000000b0e00000| Complete 
| 783|0x00000000b0f00000, 0x00000000b1000000, 0x00000000b1000000|100%| E|CS|TAMS 0x00000000b0f00000, 0x00000000b0f00000| Complete 
| 784|0x00000000b1000000, 0x00000000b1100000, 0x00000000b1100000|100%| E|CS|TAMS 0x00000000b1000000, 0x00000000b1000000| Complete 
| 785|0x00000000b1100000, 0x00000000b1200000, 0x00000000b1200000|100%| E|CS|TAMS 0x00000000b1100000, 0x00000000b1100000| Complete 
| 786|0x00000000b1200000, 0x00000000b1300000, 0x00000000b1300000|100%| E|CS|TAMS 0x00000000b1200000, 0x00000000b1200000| Complete 
| 787|0x00000000b1300000, 0x00000000b1400000, 0x00000000b1400000|100%| E|CS|TAMS 0x00000000b1300000, 0x00000000b1300000| Complete 
| 788|0x00000000b1400000, 0x00000000b1500000, 0x00000000b1500000|100%| E|CS|TAMS 0x00000000b1400000, 0x00000000b1400000| Complete 
| 789|0x00000000b1500000, 0x00000000b1600000, 0x00000000b1600000|100%| E|CS|TAMS 0x00000000b1500000, 0x00000000b1500000| Complete 
| 790|0x00000000b1600000, 0x00000000b1700000, 0x00000000b1700000|100%| E|CS|TAMS 0x00000000b1600000, 0x00000000b1600000| Complete 
| 791|0x00000000b1700000, 0x00000000b1800000, 0x00000000b1800000|100%| E|CS|TAMS 0x00000000b1700000, 0x00000000b1700000| Complete 
| 792|0x00000000b1800000, 0x00000000b1900000, 0x00000000b1900000|100%| E|CS|TAMS 0x00000000b1800000, 0x00000000b1800000| Complete 
| 793|0x00000000b1900000, 0x00000000b1a00000, 0x00000000b1a00000|100%| E|CS|TAMS 0x00000000b1900000, 0x00000000b1900000| Complete 
| 794|0x00000000b1a00000, 0x00000000b1b00000, 0x00000000b1b00000|100%| E|CS|TAMS 0x00000000b1a00000, 0x00000000b1a00000| Complete 
| 795|0x00000000b1b00000, 0x00000000b1c00000, 0x00000000b1c00000|100%| E|CS|TAMS 0x00000000b1b00000, 0x00000000b1b00000| Complete 
| 796|0x00000000b1c00000, 0x00000000b1d00000, 0x00000000b1d00000|100%| E|CS|TAMS 0x00000000b1c00000, 0x00000000b1c00000| Complete 
| 797|0x00000000b1d00000, 0x00000000b1e00000, 0x00000000b1e00000|100%| E|CS|TAMS 0x00000000b1d00000, 0x00000000b1d00000| Complete 
| 798|0x00000000b1e00000, 0x00000000b1f00000, 0x00000000b1f00000|100%| E|CS|TAMS 0x00000000b1e00000, 0x00000000b1e00000| Complete 
| 799|0x00000000b1f00000, 0x00000000b2000000, 0x00000000b2000000|100%| E|CS|TAMS 0x00000000b1f00000, 0x00000000b1f00000| Complete 
| 800|0x00000000b2000000, 0x00000000b2100000, 0x00000000b2100000|100%| E|CS|TAMS 0x00000000b2000000, 0x00000000b2000000| Complete 
| 801|0x00000000b2100000, 0x00000000b2200000, 0x00000000b2200000|100%| E|CS|TAMS 0x00000000b2100000, 0x00000000b2100000| Complete 
| 802|0x00000000b2200000, 0x00000000b2300000, 0x00000000b2300000|100%| E|CS|TAMS 0x00000000b2200000, 0x00000000b2200000| Complete 
| 803|0x00000000b2300000, 0x00000000b2400000, 0x00000000b2400000|100%| E|CS|TAMS 0x00000000b2300000, 0x00000000b2300000| Complete 
| 804|0x00000000b2400000, 0x00000000b2500000, 0x00000000b2500000|100%| E|CS|TAMS 0x00000000b2400000, 0x00000000b2400000| Complete 
| 805|0x00000000b2500000, 0x00000000b2600000, 0x00000000b2600000|100%| E|CS|TAMS 0x00000000b2500000, 0x00000000b2500000| Complete 
| 806|0x00000000b2600000, 0x00000000b2700000, 0x00000000b2700000|100%| E|CS|TAMS 0x00000000b2600000, 0x00000000b2600000| Complete 
| 807|0x00000000b2700000, 0x00000000b2800000, 0x00000000b2800000|100%| E|CS|TAMS 0x00000000b2700000, 0x00000000b2700000| Complete 
| 808|0x00000000b2800000, 0x00000000b2900000, 0x00000000b2900000|100%| E|CS|TAMS 0x00000000b2800000, 0x00000000b2800000| Complete 
| 809|0x00000000b2900000, 0x00000000b2a00000, 0x00000000b2a00000|100%| E|CS|TAMS 0x00000000b2900000, 0x00000000b2900000| Complete 
| 810|0x00000000b2a00000, 0x00000000b2b00000, 0x00000000b2b00000|100%| E|CS|TAMS 0x00000000b2a00000, 0x00000000b2a00000| Complete 
| 811|0x00000000b2b00000, 0x00000000b2c00000, 0x00000000b2c00000|100%| E|CS|TAMS 0x00000000b2b00000, 0x00000000b2b00000| Complete 
| 812|0x00000000b2c00000, 0x00000000b2d00000, 0x00000000b2d00000|100%| E|CS|TAMS 0x00000000b2c00000, 0x00000000b2c00000| Complete 
| 813|0x00000000b2d00000, 0x00000000b2e00000, 0x00000000b2e00000|100%| E|CS|TAMS 0x00000000b2d00000, 0x00000000b2d00000| Complete 
| 814|0x00000000b2e00000, 0x00000000b2f00000, 0x00000000b2f00000|100%| E|CS|TAMS 0x00000000b2e00000, 0x00000000b2e00000| Complete 
| 815|0x00000000b2f00000, 0x00000000b3000000, 0x00000000b3000000|100%| E|CS|TAMS 0x00000000b2f00000, 0x00000000b2f00000| Complete 
| 816|0x00000000b3000000, 0x00000000b3100000, 0x00000000b3100000|100%| E|CS|TAMS 0x00000000b3000000, 0x00000000b3000000| Complete 
| 817|0x00000000b3100000, 0x00000000b3200000, 0x00000000b3200000|100%| E|CS|TAMS 0x00000000b3100000, 0x00000000b3100000| Complete 
| 818|0x00000000b3200000, 0x00000000b3300000, 0x00000000b3300000|100%| E|CS|TAMS 0x00000000b3200000, 0x00000000b3200000| Complete 
| 819|0x00000000b3300000, 0x00000000b3400000, 0x00000000b3400000|100%| E|CS|TAMS 0x00000000b3300000, 0x00000000b3300000| Complete 
| 820|0x00000000b3400000, 0x00000000b3500000, 0x00000000b3500000|100%| E|CS|TAMS 0x00000000b3400000, 0x00000000b3400000| Complete 
| 821|0x00000000b3500000, 0x00000000b3600000, 0x00000000b3600000|100%| S|CS|TAMS 0x00000000b3500000, 0x00000000b3500000| Complete 
| 822|0x00000000b3600000, 0x00000000b3700000, 0x00000000b3700000|100%| S|CS|TAMS 0x00000000b3600000, 0x00000000b3600000| Complete 
| 823|0x00000000b3700000, 0x00000000b3800000, 0x00000000b3800000|100%| S|CS|TAMS 0x00000000b3700000, 0x00000000b3700000| Complete 
| 824|0x00000000b3800000, 0x00000000b3900000, 0x00000000b3900000|100%| S|CS|TAMS 0x00000000b3800000, 0x00000000b3800000| Complete 
| 825|0x00000000b3900000, 0x00000000b3a00000, 0x00000000b3a00000|100%| S|CS|TAMS 0x00000000b3900000, 0x00000000b3900000| Complete 
| 826|0x00000000b3a00000, 0x00000000b3b00000, 0x00000000b3b00000|100%| S|CS|TAMS 0x00000000b3a00000, 0x00000000b3a00000| Complete 
| 827|0x00000000b3b00000, 0x00000000b3c00000, 0x00000000b3c00000|100%| S|CS|TAMS 0x00000000b3b00000, 0x00000000b3b00000| Complete 
| 828|0x00000000b3c00000, 0x00000000b3d00000, 0x00000000b3d00000|100%| S|CS|TAMS 0x00000000b3c00000, 0x00000000b3c00000| Complete 
| 829|0x00000000b3d00000, 0x00000000b3e00000, 0x00000000b3e00000|100%| S|CS|TAMS 0x00000000b3d00000, 0x00000000b3d00000| Complete 
| 830|0x00000000b3e00000, 0x00000000b3f00000, 0x00000000b3f00000|100%| S|CS|TAMS 0x00000000b3e00000, 0x00000000b3e00000| Complete 
| 831|0x00000000b3f00000, 0x00000000b4000000, 0x00000000b4000000|100%| S|CS|TAMS 0x00000000b3f00000, 0x00000000b3f00000| Complete 
| 832|0x00000000b4000000, 0x00000000b4100000, 0x00000000b4100000|100%| S|CS|TAMS 0x00000000b4000000, 0x00000000b4000000| Complete 
| 833|0x00000000b4100000, 0x00000000b4200000, 0x00000000b4200000|100%| S|CS|TAMS 0x00000000b4100000, 0x00000000b4100000| Complete 
| 834|0x00000000b4200000, 0x00000000b4300000, 0x00000000b4300000|100%| S|CS|TAMS 0x00000000b4200000, 0x00000000b4200000| Complete 
| 835|0x00000000b4300000, 0x00000000b4400000, 0x00000000b4400000|100%| S|CS|TAMS 0x00000000b4300000, 0x00000000b4300000| Complete 
| 836|0x00000000b4400000, 0x00000000b4500000, 0x00000000b4500000|100%| S|CS|TAMS 0x00000000b4400000, 0x00000000b4400000| Complete 
| 837|0x00000000b4500000, 0x00000000b4600000, 0x00000000b4600000|100%| S|CS|TAMS 0x00000000b4500000, 0x00000000b4500000| Complete 
| 838|0x00000000b4600000, 0x00000000b4700000, 0x00000000b4700000|100%| S|CS|TAMS 0x00000000b4600000, 0x00000000b4600000| Complete 
| 839|0x00000000b4700000, 0x00000000b4800000, 0x00000000b4800000|100%| S|CS|TAMS 0x00000000b4700000, 0x00000000b4700000| Complete 
| 840|0x00000000b4800000, 0x00000000b4900000, 0x00000000b4900000|100%| S|CS|TAMS 0x00000000b4800000, 0x00000000b4800000| Complete 
| 841|0x00000000b4900000, 0x00000000b4a00000, 0x00000000b4a00000|100%| S|CS|TAMS 0x00000000b4900000, 0x00000000b4900000| Complete 
| 842|0x00000000b4a00000, 0x00000000b4b00000, 0x00000000b4b00000|100%| S|CS|TAMS 0x00000000b4a00000, 0x00000000b4a00000| Complete 
| 843|0x00000000b4b00000, 0x00000000b4c00000, 0x00000000b4c00000|100%| S|CS|TAMS 0x00000000b4b00000, 0x00000000b4b00000| Complete 
| 844|0x00000000b4c00000, 0x00000000b4d00000, 0x00000000b4d00000|100%| S|CS|TAMS 0x00000000b4c00000, 0x00000000b4c00000| Complete 
| 845|0x00000000b4d00000, 0x00000000b4e00000, 0x00000000b4e00000|100%| S|CS|TAMS 0x00000000b4d00000, 0x00000000b4d00000| Complete 
| 846|0x00000000b4e00000, 0x00000000b4f00000, 0x00000000b4f00000|100%| S|CS|TAMS 0x00000000b4e00000, 0x00000000b4e00000| Complete 
| 847|0x00000000b4f00000, 0x00000000b5000000, 0x00000000b5000000|100%| E|CS|TAMS 0x00000000b4f00000, 0x00000000b4f00000| Complete 
| 848|0x00000000b5000000, 0x00000000b5100000, 0x00000000b5100000|100%| E|CS|TAMS 0x00000000b5000000, 0x00000000b5000000| Complete 
| 849|0x00000000b5100000, 0x00000000b5200000, 0x00000000b5200000|100%| E|CS|TAMS 0x00000000b5100000, 0x00000000b5100000| Complete 
| 850|0x00000000b5200000, 0x00000000b5300000, 0x00000000b5300000|100%| E|CS|TAMS 0x00000000b5200000, 0x00000000b5200000| Complete 
| 851|0x00000000b5300000, 0x00000000b5400000, 0x00000000b5400000|100%| E|CS|TAMS 0x00000000b5300000, 0x00000000b5300000| Complete 
| 852|0x00000000b5400000, 0x00000000b5500000, 0x00000000b5500000|100%| E|CS|TAMS 0x00000000b5400000, 0x00000000b5400000| Complete 
| 853|0x00000000b5500000, 0x00000000b5600000, 0x00000000b5600000|100%| E|CS|TAMS 0x00000000b5500000, 0x00000000b5500000| Complete 
| 854|0x00000000b5600000, 0x00000000b5700000, 0x00000000b5700000|100%| E|CS|TAMS 0x00000000b5600000, 0x00000000b5600000| Complete 
| 855|0x00000000b5700000, 0x00000000b5800000, 0x00000000b5800000|100%| E|CS|TAMS 0x00000000b5700000, 0x00000000b5700000| Complete 
| 856|0x00000000b5800000, 0x00000000b5900000, 0x00000000b5900000|100%| E|CS|TAMS 0x00000000b5800000, 0x00000000b5800000| Complete 
| 857|0x00000000b5900000, 0x00000000b5a00000, 0x00000000b5a00000|100%| E|CS|TAMS 0x00000000b5900000, 0x00000000b5900000| Complete 
| 858|0x00000000b5a00000, 0x00000000b5b00000, 0x00000000b5b00000|100%| E|CS|TAMS 0x00000000b5a00000, 0x00000000b5a00000| Complete 
| 859|0x00000000b5b00000, 0x00000000b5c00000, 0x00000000b5c00000|100%| E|CS|TAMS 0x00000000b5b00000, 0x00000000b5b00000| Complete 
| 860|0x00000000b5c00000, 0x00000000b5d00000, 0x00000000b5d00000|100%| E|CS|TAMS 0x00000000b5c00000, 0x00000000b5c00000| Complete 
| 861|0x00000000b5d00000, 0x00000000b5e00000, 0x00000000b5e00000|100%| E|CS|TAMS 0x00000000b5d00000, 0x00000000b5d00000| Complete 
| 862|0x00000000b5e00000, 0x00000000b5f00000, 0x00000000b5f00000|100%| E|CS|TAMS 0x00000000b5e00000, 0x00000000b5e00000| Complete 
| 863|0x00000000b5f00000, 0x00000000b6000000, 0x00000000b6000000|100%| E|CS|TAMS 0x00000000b5f00000, 0x00000000b5f00000| Complete 
| 864|0x00000000b6000000, 0x00000000b6100000, 0x00000000b6100000|100%| E|CS|TAMS 0x00000000b6000000, 0x00000000b6000000| Complete 
| 865|0x00000000b6100000, 0x00000000b6200000, 0x00000000b6200000|100%| E|CS|TAMS 0x00000000b6100000, 0x00000000b6100000| Complete 
| 866|0x00000000b6200000, 0x00000000b6300000, 0x00000000b6300000|100%| E|CS|TAMS 0x00000000b6200000, 0x00000000b6200000| Complete 
| 867|0x00000000b6300000, 0x00000000b6400000, 0x00000000b6400000|100%| E|CS|TAMS 0x00000000b6300000, 0x00000000b6300000| Complete 
| 868|0x00000000b6400000, 0x00000000b6500000, 0x00000000b6500000|100%| E|CS|TAMS 0x00000000b6400000, 0x00000000b6400000| Complete 
| 869|0x00000000b6500000, 0x00000000b6600000, 0x00000000b6600000|100%| E|CS|TAMS 0x00000000b6500000, 0x00000000b6500000| Complete 
| 870|0x00000000b6600000, 0x00000000b6700000, 0x00000000b6700000|100%| E|CS|TAMS 0x00000000b6600000, 0x00000000b6600000| Complete 
| 871|0x00000000b6700000, 0x00000000b6800000, 0x00000000b6800000|100%| E|CS|TAMS 0x00000000b6700000, 0x00000000b6700000| Complete 
| 872|0x00000000b6800000, 0x00000000b6900000, 0x00000000b6900000|100%| E|CS|TAMS 0x00000000b6800000, 0x00000000b6800000| Complete 
| 873|0x00000000b6900000, 0x00000000b6a00000, 0x00000000b6a00000|100%| E|  |TAMS 0x00000000b6900000, 0x00000000b6900000| Complete 
| 874|0x00000000b6a00000, 0x00000000b6b00000, 0x00000000b6b00000|100%| E|CS|TAMS 0x00000000b6a00000, 0x00000000b6a00000| Complete 
| 875|0x00000000b6b00000, 0x00000000b6c00000, 0x00000000b6c00000|100%| E|CS|TAMS 0x00000000b6b00000, 0x00000000b6b00000| Complete 
| 876|0x00000000b6c00000, 0x00000000b6d00000, 0x00000000b6d00000|100%| E|CS|TAMS 0x00000000b6c00000, 0x00000000b6c00000| Complete 
| 877|0x00000000b6d00000, 0x00000000b6e00000, 0x00000000b6e00000|100%| E|CS|TAMS 0x00000000b6d00000, 0x00000000b6d00000| Complete 
| 878|0x00000000b6e00000, 0x00000000b6f00000, 0x00000000b6f00000|100%| E|CS|TAMS 0x00000000b6e00000, 0x00000000b6e00000| Complete 
| 879|0x00000000b6f00000, 0x00000000b7000000, 0x00000000b7000000|100%| E|CS|TAMS 0x00000000b6f00000, 0x00000000b6f00000| Complete 
| 880|0x00000000b7000000, 0x00000000b7100000, 0x00000000b7100000|100%| E|CS|TAMS 0x00000000b7000000, 0x00000000b7000000| Complete 
| 881|0x00000000b7100000, 0x00000000b7200000, 0x00000000b7200000|100%| E|CS|TAMS 0x00000000b7100000, 0x00000000b7100000| Complete 
| 882|0x00000000b7200000, 0x00000000b7300000, 0x00000000b7300000|100%| E|CS|TAMS 0x00000000b7200000, 0x00000000b7200000| Complete 
| 883|0x00000000b7300000, 0x00000000b7400000, 0x00000000b7400000|100%| E|CS|TAMS 0x00000000b7300000, 0x00000000b7300000| Complete 
| 884|0x00000000b7400000, 0x00000000b7500000, 0x00000000b7500000|100%| E|CS|TAMS 0x00000000b7400000, 0x00000000b7400000| Complete 
| 885|0x00000000b7500000, 0x00000000b7600000, 0x00000000b7600000|100%| E|CS|TAMS 0x00000000b7500000, 0x00000000b7500000| Complete 
| 886|0x00000000b7600000, 0x00000000b7700000, 0x00000000b7700000|100%| E|CS|TAMS 0x00000000b7600000, 0x00000000b7600000| Complete 
| 887|0x00000000b7700000, 0x00000000b7800000, 0x00000000b7800000|100%| E|CS|TAMS 0x00000000b7700000, 0x00000000b7700000| Complete 
| 888|0x00000000b7800000, 0x00000000b7900000, 0x00000000b7900000|100%| E|CS|TAMS 0x00000000b7800000, 0x00000000b7800000| Complete 
| 889|0x00000000b7900000, 0x00000000b7a00000, 0x00000000b7a00000|100%| E|CS|TAMS 0x00000000b7900000, 0x00000000b7900000| Complete 
| 890|0x00000000b7a00000, 0x00000000b7b00000, 0x00000000b7b00000|100%| E|CS|TAMS 0x00000000b7a00000, 0x00000000b7a00000| Complete 
| 891|0x00000000b7b00000, 0x00000000b7c00000, 0x00000000b7c00000|100%| E|CS|TAMS 0x00000000b7b00000, 0x00000000b7b00000| Complete 
| 892|0x00000000b7c00000, 0x00000000b7d00000, 0x00000000b7d00000|100%| E|CS|TAMS 0x00000000b7c00000, 0x00000000b7c00000| Complete 
| 893|0x00000000b7d00000, 0x00000000b7e00000, 0x00000000b7e00000|100%| E|CS|TAMS 0x00000000b7d00000, 0x00000000b7d00000| Complete 
| 894|0x00000000b7e00000, 0x00000000b7f00000, 0x00000000b7f00000|100%| E|CS|TAMS 0x00000000b7e00000, 0x00000000b7e00000| Complete 
| 895|0x00000000b7f00000, 0x00000000b8000000, 0x00000000b8000000|100%| E|CS|TAMS 0x00000000b7f00000, 0x00000000b7f00000| Complete 
| 896|0x00000000b8000000, 0x00000000b8100000, 0x00000000b8100000|100%| E|CS|TAMS 0x00000000b8000000, 0x00000000b8000000| Complete 
| 897|0x00000000b8100000, 0x00000000b8200000, 0x00000000b8200000|100%| E|CS|TAMS 0x00000000b8100000, 0x00000000b8100000| Complete 
| 898|0x00000000b8200000, 0x00000000b8300000, 0x00000000b8300000|100%| E|CS|TAMS 0x00000000b8200000, 0x00000000b8200000| Complete 
| 899|0x00000000b8300000, 0x00000000b8400000, 0x00000000b8400000|100%| E|CS|TAMS 0x00000000b8300000, 0x00000000b8300000| Complete 
| 900|0x00000000b8400000, 0x00000000b8500000, 0x00000000b8500000|100%| E|CS|TAMS 0x00000000b8400000, 0x00000000b8400000| Complete 
| 901|0x00000000b8500000, 0x00000000b8600000, 0x00000000b8600000|100%| E|CS|TAMS 0x00000000b8500000, 0x00000000b8500000| Complete 
| 902|0x00000000b8600000, 0x00000000b8700000, 0x00000000b8700000|100%| E|CS|TAMS 0x00000000b8600000, 0x00000000b8600000| Complete 
| 903|0x00000000b8700000, 0x00000000b8800000, 0x00000000b8800000|100%| E|CS|TAMS 0x00000000b8700000, 0x00000000b8700000| Complete 
| 904|0x00000000b8800000, 0x00000000b8900000, 0x00000000b8900000|100%| E|CS|TAMS 0x00000000b8800000, 0x00000000b8800000| Complete 
| 905|0x00000000b8900000, 0x00000000b8a00000, 0x00000000b8a00000|100%| E|CS|TAMS 0x00000000b8900000, 0x00000000b8900000| Complete 
| 906|0x00000000b8a00000, 0x00000000b8b00000, 0x00000000b8b00000|100%| E|CS|TAMS 0x00000000b8a00000, 0x00000000b8a00000| Complete 
| 907|0x00000000b8b00000, 0x00000000b8c00000, 0x00000000b8c00000|100%| E|CS|TAMS 0x00000000b8b00000, 0x00000000b8b00000| Complete 
| 908|0x00000000b8c00000, 0x00000000b8d00000, 0x00000000b8d00000|100%| E|CS|TAMS 0x00000000b8c00000, 0x00000000b8c00000| Complete 
| 909|0x00000000b8d00000, 0x00000000b8e00000, 0x00000000b8e00000|100%| E|CS|TAMS 0x00000000b8d00000, 0x00000000b8d00000| Complete 
| 910|0x00000000b8e00000, 0x00000000b8f00000, 0x00000000b8f00000|100%| E|CS|TAMS 0x00000000b8e00000, 0x00000000b8e00000| Complete 
| 911|0x00000000b8f00000, 0x00000000b9000000, 0x00000000b9000000|100%| E|CS|TAMS 0x00000000b8f00000, 0x00000000b8f00000| Complete 
| 912|0x00000000b9000000, 0x00000000b9100000, 0x00000000b9100000|100%| E|CS|TAMS 0x00000000b9000000, 0x00000000b9000000| Complete 
| 913|0x00000000b9100000, 0x00000000b9200000, 0x00000000b9200000|100%| E|CS|TAMS 0x00000000b9100000, 0x00000000b9100000| Complete 
| 914|0x00000000b9200000, 0x00000000b9300000, 0x00000000b9300000|100%| E|CS|TAMS 0x00000000b9200000, 0x00000000b9200000| Complete 
| 915|0x00000000b9300000, 0x00000000b9400000, 0x00000000b9400000|100%| E|CS|TAMS 0x00000000b9300000, 0x00000000b9300000| Complete 
| 916|0x00000000b9400000, 0x00000000b9500000, 0x00000000b9500000|100%| E|CS|TAMS 0x00000000b9400000, 0x00000000b9400000| Complete 
| 917|0x00000000b9500000, 0x00000000b9600000, 0x00000000b9600000|100%| E|CS|TAMS 0x00000000b9500000, 0x00000000b9500000| Complete 
| 918|0x00000000b9600000, 0x00000000b9700000, 0x00000000b9700000|100%| E|CS|TAMS 0x00000000b9600000, 0x00000000b9600000| Complete 
| 919|0x00000000b9700000, 0x00000000b9800000, 0x00000000b9800000|100%| E|CS|TAMS 0x00000000b9700000, 0x00000000b9700000| Complete 
| 920|0x00000000b9800000, 0x00000000b9900000, 0x00000000b9900000|100%| E|CS|TAMS 0x00000000b9800000, 0x00000000b9800000| Complete 
| 921|0x00000000b9900000, 0x00000000b9a00000, 0x00000000b9a00000|100%| E|CS|TAMS 0x00000000b9900000, 0x00000000b9900000| Complete 
| 922|0x00000000b9a00000, 0x00000000b9b00000, 0x00000000b9b00000|100%| E|CS|TAMS 0x00000000b9a00000, 0x00000000b9a00000| Complete 
| 923|0x00000000b9b00000, 0x00000000b9c00000, 0x00000000b9c00000|100%| E|CS|TAMS 0x00000000b9b00000, 0x00000000b9b00000| Complete 
| 924|0x00000000b9c00000, 0x00000000b9d00000, 0x00000000b9d00000|100%| E|CS|TAMS 0x00000000b9c00000, 0x00000000b9c00000| Complete 
| 925|0x00000000b9d00000, 0x00000000b9e00000, 0x00000000b9e00000|100%| E|CS|TAMS 0x00000000b9d00000, 0x00000000b9d00000| Complete 
| 926|0x00000000b9e00000, 0x00000000b9f00000, 0x00000000b9f00000|100%| E|CS|TAMS 0x00000000b9e00000, 0x00000000b9e00000| Complete 
| 927|0x00000000b9f00000, 0x00000000ba000000, 0x00000000ba000000|100%| E|CS|TAMS 0x00000000b9f00000, 0x00000000b9f00000| Complete 
| 928|0x00000000ba000000, 0x00000000ba100000, 0x00000000ba100000|100%| E|CS|TAMS 0x00000000ba000000, 0x00000000ba000000| Complete 
| 929|0x00000000ba100000, 0x00000000ba200000, 0x00000000ba200000|100%| E|CS|TAMS 0x00000000ba100000, 0x00000000ba100000| Complete 
| 930|0x00000000ba200000, 0x00000000ba300000, 0x00000000ba300000|100%| E|CS|TAMS 0x00000000ba200000, 0x00000000ba200000| Complete 
| 931|0x00000000ba300000, 0x00000000ba400000, 0x00000000ba400000|100%| E|CS|TAMS 0x00000000ba300000, 0x00000000ba300000| Complete 
| 932|0x00000000ba400000, 0x00000000ba500000, 0x00000000ba500000|100%| E|CS|TAMS 0x00000000ba400000, 0x00000000ba400000| Complete 
| 933|0x00000000ba500000, 0x00000000ba600000, 0x00000000ba600000|100%| E|CS|TAMS 0x00000000ba500000, 0x00000000ba500000| Complete 
| 934|0x00000000ba600000, 0x00000000ba700000, 0x00000000ba700000|100%| E|CS|TAMS 0x00000000ba600000, 0x00000000ba600000| Complete 
| 935|0x00000000ba700000, 0x00000000ba800000, 0x00000000ba800000|100%| E|CS|TAMS 0x00000000ba700000, 0x00000000ba700000| Complete 
| 936|0x00000000ba800000, 0x00000000ba900000, 0x00000000ba900000|100%| E|CS|TAMS 0x00000000ba800000, 0x00000000ba800000| Complete 
| 937|0x00000000ba900000, 0x00000000baa00000, 0x00000000baa00000|100%| E|CS|TAMS 0x00000000ba900000, 0x00000000ba900000| Complete 
| 938|0x00000000baa00000, 0x00000000bab00000, 0x00000000bab00000|100%| E|CS|TAMS 0x00000000baa00000, 0x00000000baa00000| Complete 
| 939|0x00000000bab00000, 0x00000000bac00000, 0x00000000bac00000|100%| E|CS|TAMS 0x00000000bab00000, 0x00000000bab00000| Complete 
| 940|0x00000000bac00000, 0x00000000bad00000, 0x00000000bad00000|100%| E|CS|TAMS 0x00000000bac00000, 0x00000000bac00000| Complete 
| 941|0x00000000bad00000, 0x00000000bae00000, 0x00000000bae00000|100%| E|CS|TAMS 0x00000000bad00000, 0x00000000bad00000| Complete 
| 942|0x00000000bae00000, 0x00000000baf00000, 0x00000000baf00000|100%| E|CS|TAMS 0x00000000bae00000, 0x00000000bae00000| Complete 
| 943|0x00000000baf00000, 0x00000000bb000000, 0x00000000bb000000|100%| E|CS|TAMS 0x00000000baf00000, 0x00000000baf00000| Complete 
| 944|0x00000000bb000000, 0x00000000bb100000, 0x00000000bb100000|100%| E|CS|TAMS 0x00000000bb000000, 0x00000000bb000000| Complete 
| 945|0x00000000bb100000, 0x00000000bb200000, 0x00000000bb200000|100%| E|CS|TAMS 0x00000000bb100000, 0x00000000bb100000| Complete 
| 946|0x00000000bb200000, 0x00000000bb300000, 0x00000000bb300000|100%| E|CS|TAMS 0x00000000bb200000, 0x00000000bb200000| Complete 
| 947|0x00000000bb300000, 0x00000000bb400000, 0x00000000bb400000|100%| E|CS|TAMS 0x00000000bb300000, 0x00000000bb300000| Complete 
| 948|0x00000000bb400000, 0x00000000bb500000, 0x00000000bb500000|100%| E|CS|TAMS 0x00000000bb400000, 0x00000000bb400000| Complete 
| 949|0x00000000bb500000, 0x00000000bb600000, 0x00000000bb600000|100%| E|CS|TAMS 0x00000000bb500000, 0x00000000bb500000| Complete 
| 950|0x00000000bb600000, 0x00000000bb700000, 0x00000000bb700000|100%| E|CS|TAMS 0x00000000bb600000, 0x00000000bb600000| Complete 
| 951|0x00000000bb700000, 0x00000000bb800000, 0x00000000bb800000|100%| E|CS|TAMS 0x00000000bb700000, 0x00000000bb700000| Complete 
| 952|0x00000000bb800000, 0x00000000bb900000, 0x00000000bb900000|100%| E|CS|TAMS 0x00000000bb800000, 0x00000000bb800000| Complete 
| 953|0x00000000bb900000, 0x00000000bba00000, 0x00000000bba00000|100%| E|CS|TAMS 0x00000000bb900000, 0x00000000bb900000| Complete 
| 954|0x00000000bba00000, 0x00000000bbb00000, 0x00000000bbb00000|100%| E|CS|TAMS 0x00000000bba00000, 0x00000000bba00000| Complete 
| 955|0x00000000bbb00000, 0x00000000bbc00000, 0x00000000bbc00000|100%| E|CS|TAMS 0x00000000bbb00000, 0x00000000bbb00000| Complete 
| 956|0x00000000bbc00000, 0x00000000bbd00000, 0x00000000bbd00000|100%| E|CS|TAMS 0x00000000bbc00000, 0x00000000bbc00000| Complete 
| 957|0x00000000bbd00000, 0x00000000bbe00000, 0x00000000bbe00000|100%| E|CS|TAMS 0x00000000bbd00000, 0x00000000bbd00000| Complete 
| 958|0x00000000bbe00000, 0x00000000bbf00000, 0x00000000bbf00000|100%| E|CS|TAMS 0x00000000bbe00000, 0x00000000bbe00000| Complete 
| 959|0x00000000bbf00000, 0x00000000bc000000, 0x00000000bc000000|100%| E|CS|TAMS 0x00000000bbf00000, 0x00000000bbf00000| Complete 
| 960|0x00000000bc000000, 0x00000000bc100000, 0x00000000bc100000|100%| E|CS|TAMS 0x00000000bc000000, 0x00000000bc000000| Complete 
| 961|0x00000000bc100000, 0x00000000bc200000, 0x00000000bc200000|100%| E|CS|TAMS 0x00000000bc100000, 0x00000000bc100000| Complete 
| 962|0x00000000bc200000, 0x00000000bc300000, 0x00000000bc300000|100%| E|CS|TAMS 0x00000000bc200000, 0x00000000bc200000| Complete 
| 963|0x00000000bc300000, 0x00000000bc400000, 0x00000000bc400000|100%| E|CS|TAMS 0x00000000bc300000, 0x00000000bc300000| Complete 
| 964|0x00000000bc400000, 0x00000000bc500000, 0x00000000bc500000|100%| E|CS|TAMS 0x00000000bc400000, 0x00000000bc400000| Complete 
| 965|0x00000000bc500000, 0x00000000bc600000, 0x00000000bc600000|100%| E|CS|TAMS 0x00000000bc500000, 0x00000000bc500000| Complete 
| 966|0x00000000bc600000, 0x00000000bc700000, 0x00000000bc700000|100%| E|CS|TAMS 0x00000000bc600000, 0x00000000bc600000| Complete 
| 967|0x00000000bc700000, 0x00000000bc800000, 0x00000000bc800000|100%| E|CS|TAMS 0x00000000bc700000, 0x00000000bc700000| Complete 
| 968|0x00000000bc800000, 0x00000000bc900000, 0x00000000bc900000|100%| E|CS|TAMS 0x00000000bc800000, 0x00000000bc800000| Complete 
| 969|0x00000000bc900000, 0x00000000bca00000, 0x00000000bca00000|100%| E|CS|TAMS 0x00000000bc900000, 0x00000000bc900000| Complete 
| 970|0x00000000bca00000, 0x00000000bcb00000, 0x00000000bcb00000|100%| E|CS|TAMS 0x00000000bca00000, 0x00000000bca00000| Complete 
| 971|0x00000000bcb00000, 0x00000000bcc00000, 0x00000000bcc00000|100%| E|CS|TAMS 0x00000000bcb00000, 0x00000000bcb00000| Complete 
| 972|0x00000000bcc00000, 0x00000000bcd00000, 0x00000000bcd00000|100%| E|CS|TAMS 0x00000000bcc00000, 0x00000000bcc00000| Complete 
| 973|0x00000000bcd00000, 0x00000000bce00000, 0x00000000bce00000|100%| E|CS|TAMS 0x00000000bcd00000, 0x00000000bcd00000| Complete 
| 974|0x00000000bce00000, 0x00000000bcf00000, 0x00000000bcf00000|100%| E|CS|TAMS 0x00000000bce00000, 0x00000000bce00000| Complete 
| 975|0x00000000bcf00000, 0x00000000bd000000, 0x00000000bd000000|100%| E|CS|TAMS 0x00000000bcf00000, 0x00000000bcf00000| Complete 
| 976|0x00000000bd000000, 0x00000000bd100000, 0x00000000bd100000|100%| E|CS|TAMS 0x00000000bd000000, 0x00000000bd000000| Complete 
| 977|0x00000000bd100000, 0x00000000bd200000, 0x00000000bd200000|100%| E|CS|TAMS 0x00000000bd100000, 0x00000000bd100000| Complete 
| 978|0x00000000bd200000, 0x00000000bd300000, 0x00000000bd300000|100%| E|CS|TAMS 0x00000000bd200000, 0x00000000bd200000| Complete 
| 979|0x00000000bd300000, 0x00000000bd400000, 0x00000000bd400000|100%| E|CS|TAMS 0x00000000bd300000, 0x00000000bd300000| Complete 
| 980|0x00000000bd400000, 0x00000000bd500000, 0x00000000bd500000|100%| E|CS|TAMS 0x00000000bd400000, 0x00000000bd400000| Complete 
| 981|0x00000000bd500000, 0x00000000bd600000, 0x00000000bd600000|100%| E|CS|TAMS 0x00000000bd500000, 0x00000000bd500000| Complete 
| 982|0x00000000bd600000, 0x00000000bd700000, 0x00000000bd700000|100%| E|CS|TAMS 0x00000000bd600000, 0x00000000bd600000| Complete 
| 983|0x00000000bd700000, 0x00000000bd800000, 0x00000000bd800000|100%| E|CS|TAMS 0x00000000bd700000, 0x00000000bd700000| Complete 
| 984|0x00000000bd800000, 0x00000000bd900000, 0x00000000bd900000|100%| E|CS|TAMS 0x00000000bd800000, 0x00000000bd800000| Complete 
| 985|0x00000000bd900000, 0x00000000bda00000, 0x00000000bda00000|100%| E|CS|TAMS 0x00000000bd900000, 0x00000000bd900000| Complete 
| 986|0x00000000bda00000, 0x00000000bdb00000, 0x00000000bdb00000|100%| E|CS|TAMS 0x00000000bda00000, 0x00000000bda00000| Complete 
| 987|0x00000000bdb00000, 0x00000000bdc00000, 0x00000000bdc00000|100%| E|CS|TAMS 0x00000000bdb00000, 0x00000000bdb00000| Complete 
| 988|0x00000000bdc00000, 0x00000000bdd00000, 0x00000000bdd00000|100%| E|CS|TAMS 0x00000000bdc00000, 0x00000000bdc00000| Complete 
| 989|0x00000000bdd00000, 0x00000000bde00000, 0x00000000bde00000|100%| E|CS|TAMS 0x00000000bdd00000, 0x00000000bdd00000| Complete 
| 990|0x00000000bde00000, 0x00000000bdf00000, 0x00000000bdf00000|100%| E|CS|TAMS 0x00000000bde00000, 0x00000000bde00000| Complete 
| 991|0x00000000bdf00000, 0x00000000be000000, 0x00000000be000000|100%| E|CS|TAMS 0x00000000bdf00000, 0x00000000bdf00000| Complete 
| 992|0x00000000be000000, 0x00000000be100000, 0x00000000be100000|100%| E|CS|TAMS 0x00000000be000000, 0x00000000be000000| Complete 
| 993|0x00000000be100000, 0x00000000be200000, 0x00000000be200000|100%| E|CS|TAMS 0x00000000be100000, 0x00000000be100000| Complete 
| 994|0x00000000be200000, 0x00000000be300000, 0x00000000be300000|100%| E|CS|TAMS 0x00000000be200000, 0x00000000be200000| Complete 
| 995|0x00000000be300000, 0x00000000be400000, 0x00000000be400000|100%| E|CS|TAMS 0x00000000be300000, 0x00000000be300000| Complete 
| 996|0x00000000be400000, 0x00000000be500000, 0x00000000be500000|100%| E|CS|TAMS 0x00000000be400000, 0x00000000be400000| Complete 
| 997|0x00000000be500000, 0x00000000be600000, 0x00000000be600000|100%| E|CS|TAMS 0x00000000be500000, 0x00000000be500000| Complete 
| 998|0x00000000be600000, 0x00000000be700000, 0x00000000be700000|100%| E|CS|TAMS 0x00000000be600000, 0x00000000be600000| Complete 
| 999|0x00000000be700000, 0x00000000be800000, 0x00000000be800000|100%| E|CS|TAMS 0x00000000be700000, 0x00000000be700000| Complete 
|1000|0x00000000be800000, 0x00000000be900000, 0x00000000be900000|100%| E|CS|TAMS 0x00000000be800000, 0x00000000be800000| Complete 
|1001|0x00000000be900000, 0x00000000bea00000, 0x00000000bea00000|100%| E|CS|TAMS 0x00000000be900000, 0x00000000be900000| Complete 
|1002|0x00000000bea00000, 0x00000000beb00000, 0x00000000beb00000|100%| E|CS|TAMS 0x00000000bea00000, 0x00000000bea00000| Complete 
|1003|0x00000000beb00000, 0x00000000bec00000, 0x00000000bec00000|100%| E|CS|TAMS 0x00000000beb00000, 0x00000000beb00000| Complete 
|1004|0x00000000bec00000, 0x00000000bed00000, 0x00000000bed00000|100%| E|CS|TAMS 0x00000000bec00000, 0x00000000bec00000| Complete 
|1005|0x00000000bed00000, 0x00000000bee00000, 0x00000000bee00000|100%| E|CS|TAMS 0x00000000bed00000, 0x00000000bed00000| Complete 
|1006|0x00000000bee00000, 0x00000000bef00000, 0x00000000bef00000|100%| E|CS|TAMS 0x00000000bee00000, 0x00000000bee00000| Complete 
|1007|0x00000000bef00000, 0x00000000bf000000, 0x00000000bf000000|100%| E|CS|TAMS 0x00000000bef00000, 0x00000000bef00000| Complete 
|1008|0x00000000bf000000, 0x00000000bf100000, 0x00000000bf100000|100%| E|CS|TAMS 0x00000000bf000000, 0x00000000bf000000| Complete 
|1009|0x00000000bf100000, 0x00000000bf200000, 0x00000000bf200000|100%| E|CS|TAMS 0x00000000bf100000, 0x00000000bf100000| Complete 
|1010|0x00000000bf200000, 0x00000000bf300000, 0x00000000bf300000|100%| E|CS|TAMS 0x00000000bf200000, 0x00000000bf200000| Complete 
|1011|0x00000000bf300000, 0x00000000bf400000, 0x00000000bf400000|100%| E|CS|TAMS 0x00000000bf300000, 0x00000000bf300000| Complete 
|1012|0x00000000bf400000, 0x00000000bf500000, 0x00000000bf500000|100%| E|CS|TAMS 0x00000000bf400000, 0x00000000bf400000| Complete 
|1013|0x00000000bf500000, 0x00000000bf600000, 0x00000000bf600000|100%| E|CS|TAMS 0x00000000bf500000, 0x00000000bf500000| Complete 
|1014|0x00000000bf600000, 0x00000000bf700000, 0x00000000bf700000|100%| E|CS|TAMS 0x00000000bf600000, 0x00000000bf600000| Complete 
|1015|0x00000000bf700000, 0x00000000bf800000, 0x00000000bf800000|100%| E|CS|TAMS 0x00000000bf700000, 0x00000000bf700000| Complete 
|1016|0x00000000bf800000, 0x00000000bf900000, 0x00000000bf900000|100%| E|CS|TAMS 0x00000000bf800000, 0x00000000bf800000| Complete 
|1017|0x00000000bf900000, 0x00000000bfa00000, 0x00000000bfa00000|100%| E|CS|TAMS 0x00000000bf900000, 0x00000000bf900000| Complete 
|1018|0x00000000bfa00000, 0x00000000bfb00000, 0x00000000bfb00000|100%| E|CS|TAMS 0x00000000bfa00000, 0x00000000bfa00000| Complete 
|1019|0x00000000bfb00000, 0x00000000bfc00000, 0x00000000bfc00000|100%| E|CS|TAMS 0x00000000bfb00000, 0x00000000bfb00000| Complete 
|1020|0x00000000bfc00000, 0x00000000bfd00000, 0x00000000bfd00000|100%| E|CS|TAMS 0x00000000bfc00000, 0x00000000bfc00000| Complete 
|1021|0x00000000bfd00000, 0x00000000bfe00000, 0x00000000bfe00000|100%| E|CS|TAMS 0x00000000bfd00000, 0x00000000bfd00000| Complete 
|1022|0x00000000bfe00000, 0x00000000bff00000, 0x00000000bff00000|100%| E|CS|TAMS 0x00000000bfe00000, 0x00000000bfe00000| Complete 
|1023|0x00000000bff00000, 0x00000000c0000000, 0x00000000c0000000|100%| E|CS|TAMS 0x00000000bff00000, 0x00000000bff00000| Complete 
|1024|0x00000000c0000000, 0x00000000c0100000, 0x00000000c0100000|100%| E|CS|TAMS 0x00000000c0000000, 0x00000000c0000000| Complete 
|1025|0x00000000c0100000, 0x00000000c0200000, 0x00000000c0200000|100%| E|CS|TAMS 0x00000000c0100000, 0x00000000c0100000| Complete 
|1026|0x00000000c0200000, 0x00000000c0300000, 0x00000000c0300000|100%| E|CS|TAMS 0x00000000c0200000, 0x00000000c0200000| Complete 
|1027|0x00000000c0300000, 0x00000000c0400000, 0x00000000c0400000|100%| E|CS|TAMS 0x00000000c0300000, 0x00000000c0300000| Complete 
|1028|0x00000000c0400000, 0x00000000c0500000, 0x00000000c0500000|100%| E|CS|TAMS 0x00000000c0400000, 0x00000000c0400000| Complete 
|1029|0x00000000c0500000, 0x00000000c0600000, 0x00000000c0600000|100%| E|CS|TAMS 0x00000000c0500000, 0x00000000c0500000| Complete 
|1030|0x00000000c0600000, 0x00000000c0700000, 0x00000000c0700000|100%| E|CS|TAMS 0x00000000c0600000, 0x00000000c0600000| Complete 
|1031|0x00000000c0700000, 0x00000000c0800000, 0x00000000c0800000|100%| E|CS|TAMS 0x00000000c0700000, 0x00000000c0700000| Complete 
|1032|0x00000000c0800000, 0x00000000c0900000, 0x00000000c0900000|100%| E|CS|TAMS 0x00000000c0800000, 0x00000000c0800000| Complete 
|1033|0x00000000c0900000, 0x00000000c0a00000, 0x00000000c0a00000|100%| E|CS|TAMS 0x00000000c0900000, 0x00000000c0900000| Complete 
|1034|0x00000000c0a00000, 0x00000000c0b00000, 0x00000000c0b00000|100%| E|CS|TAMS 0x00000000c0a00000, 0x00000000c0a00000| Complete 
|1035|0x00000000c0b00000, 0x00000000c0c00000, 0x00000000c0c00000|100%| E|CS|TAMS 0x00000000c0b00000, 0x00000000c0b00000| Complete 
|1036|0x00000000c0c00000, 0x00000000c0d00000, 0x00000000c0d00000|100%| E|CS|TAMS 0x00000000c0c00000, 0x00000000c0c00000| Complete 
|1037|0x00000000c0d00000, 0x00000000c0e00000, 0x00000000c0e00000|100%| E|CS|TAMS 0x00000000c0d00000, 0x00000000c0d00000| Complete 
|1038|0x00000000c0e00000, 0x00000000c0f00000, 0x00000000c0f00000|100%| E|CS|TAMS 0x00000000c0e00000, 0x00000000c0e00000| Complete 
|1039|0x00000000c0f00000, 0x00000000c1000000, 0x00000000c1000000|100%| E|CS|TAMS 0x00000000c0f00000, 0x00000000c0f00000| Complete 
|1040|0x00000000c1000000, 0x00000000c1100000, 0x00000000c1100000|100%| E|CS|TAMS 0x00000000c1000000, 0x00000000c1000000| Complete 
|1041|0x00000000c1100000, 0x00000000c1200000, 0x00000000c1200000|100%| E|CS|TAMS 0x00000000c1100000, 0x00000000c1100000| Complete 
|1042|0x00000000c1200000, 0x00000000c1300000, 0x00000000c1300000|100%| E|CS|TAMS 0x00000000c1200000, 0x00000000c1200000| Complete 
|1043|0x00000000c1300000, 0x00000000c1400000, 0x00000000c1400000|100%| E|CS|TAMS 0x00000000c1300000, 0x00000000c1300000| Complete 
|1044|0x00000000c1400000, 0x00000000c1500000, 0x00000000c1500000|100%| E|CS|TAMS 0x00000000c1400000, 0x00000000c1400000| Complete 
|1045|0x00000000c1500000, 0x00000000c1600000, 0x00000000c1600000|100%| E|CS|TAMS 0x00000000c1500000, 0x00000000c1500000| Complete 
|1046|0x00000000c1600000, 0x00000000c1700000, 0x00000000c1700000|100%| E|CS|TAMS 0x00000000c1600000, 0x00000000c1600000| Complete 
|1047|0x00000000c1700000, 0x00000000c1800000, 0x00000000c1800000|100%| E|CS|TAMS 0x00000000c1700000, 0x00000000c1700000| Complete 

Card table byte_map: [0x0000021afe950000,0x0000021afed50000] _byte_map_base: 0x0000021afe550000

Marking Bits (Prev, Next): (CMBitMap*) 0x0000021af65128d0, (CMBitMap*) 0x0000021af6512910
 Prev Bits: [0x0000021a8f000000, 0x0000021a91000000)
 Next Bits: [0x0000021a91000000, 0x0000021a93000000)

Polling page: 0x0000021af43e0000

Metaspace:

Usage:
  Non-class:    167.69 MB used.
      Class:     25.00 MB used.
       Both:    192.69 MB used.

Virtual space:
  Non-class space:      192.00 MB reserved,     169.00 MB ( 88%) committed,  3 nodes.
      Class space:      416.00 MB reserved,      26.44 MB (  6%) committed,  1 nodes.
             Both:      608.00 MB reserved,     195.44 MB ( 32%) committed. 

Chunk freelists:
   Non-Class:  6.91 MB
       Class:  5.64 MB
        Both:  12.56 MB

MaxMetaspaceSize: 512.00 MB
CompressedClassSpaceSize: 416.00 MB
Initial GC threshold: 21.00 MB
Current GC threshold: 325.56 MB
CDS: on
MetaspaceReclaimPolicy: balanced
 - commit_granule_bytes: 65536.
 - commit_granule_words: 8192.
 - virtual_space_node_default_size: 8388608.
 - enlarge_chunks_in_place: 1.
 - new_chunks_are_fully_committed: 0.
 - uncommit_free_chunks: 1.
 - use_allocation_guard: 0.
 - handle_deallocations: 1.


Internal statistics:

num_allocs_failed_limit: 12.
num_arena_births: 4908.
num_arena_deaths: 1046.
num_vsnodes_births: 4.
num_vsnodes_deaths: 0.
num_space_committed: 3135.
num_space_uncommitted: 10.
num_chunks_returned_to_freelist: 1455.
num_chunks_taken_from_freelist: 14730.
num_chunk_merges: 450.
num_chunk_splits: 8725.
num_chunks_enlarged: 4809.
num_inconsistent_stats: 0.

CodeHeap 'non-profiled nmethods': size=120000Kb used=35498Kb max_used=35498Kb free=84501Kb
 bounds [0x0000021a87ad0000, 0x0000021a89d80000, 0x0000021a8f000000]
CodeHeap 'profiled nmethods': size=120000Kb used=73694Kb max_used=73694Kb free=46306Kb
 bounds [0x0000021a80000000, 0x0000021a84800000, 0x0000021a87530000]
CodeHeap 'non-nmethods': size=5760Kb used=2633Kb max_used=2738Kb free=3126Kb
 bounds [0x0000021a87530000, 0x0000021a877f0000, 0x0000021a87ad0000]
 total_blobs=37810 nmethods=36613 adapters=1106
 compilation: enabled
              stopped_count=0, restarted_count=0
 full_count=0

Compilation events (20 events):
Event: 6758.740 Thread 0x0000021affdac330 46910       4       org.gradle.internal.service.DefaultServiceRegistry$ConstructorService::<init> (15 bytes)
Event: 6758.741 Thread 0x0000021affdb88e0 nmethod 46909 0x0000021a847f6d90 code [0x0000021a847f7060, 0x0000021a847f7fa8]
Event: 6758.743 Thread 0x0000021affdb88e0 46912       3       org.gradle.api.internal.project.DefaultProjectRegistry::addProjectToParentSubProjects (47 bytes)
Event: 6758.744 Thread 0x0000021affdac330 nmethod 46910 0x0000021a89d79490 code [0x0000021a89d79620, 0x0000021a89d79748]
Event: 6758.745 Thread 0x0000021affdb88e0 nmethod 46912 0x0000021a847f8610 code [0x0000021a847f8820, 0x0000021a847f8ee8]
Event: 6758.745 Thread 0x0000021affdb88e0 46911       3       org.gradle.api.internal.project.DefaultProjectRegistry::addProject (79 bytes)
Event: 6758.746 Thread 0x0000021affdb88e0 nmethod 46911 0x0000021a847f9110 code [0x0000021a847f9440, 0x0000021a847fa8d8]
Event: 6758.755 Thread 0x0000021affdac330 46913       4       org.gradle.initialization.DefaultGradlePropertiesController$SharedGradleProperties::gradleProperties (13 bytes)
Event: 6758.757 Thread 0x0000021affdac330 nmethod 46913 0x0000021a89d79890 code [0x0000021a89d79a20, 0x0000021a89d79ad8]
Event: 6758.913 Thread 0x0000021affdb88e0 46914       3       org.gradle.api.internal.artifacts.ivyservice.modulecache.StringDeduplicatingDecoder::<init> (15 bytes)
Event: 6758.914 Thread 0x0000021affdb88e0 nmethod 46914 0x0000021a847faf10 code [0x0000021a847fb0c0, 0x0000021a847fb2d8]
Event: 6758.928 Thread 0x0000021affdb88e0 46915       3       org.gradle.api.internal.artifacts.ivyservice.modulecache.StringDeduplicatingDecoder::close (13 bytes)
Event: 6758.928 Thread 0x0000021affdb88e0 nmethod 46915 0x0000021a847fb390 code [0x0000021a847fb540, 0x0000021a847fb828]
Event: 6759.010 Thread 0x0000021affdac330 46916       4       org.gradle.api.internal.artifacts.ivyservice.ivyresolve.CachingModuleComponentRepository::attachRepositorySource (37 bytes)
Event: 6759.041 Thread 0x0000021affdac330 nmethod 46916 0x0000021a89d79c10 code [0x0000021a89d79de0, 0x0000021a89d7a218]
Event: 6759.219 Thread 0x0000021affdac330 46917       4       org.gradle.api.internal.artifacts.ivyservice.resolveengine.graph.builder.ComponentState::restartIncomingEdges (38 bytes)
Event: 6759.834 Thread 0x0000021affdb88e0 46919       3       org.gradle.api.internal.artifacts.DefaultBuildIdentifier::equals (33 bytes)
Event: 6759.835 Thread 0x0000021affdb88e0 nmethod 46919 0x0000021a847fb910 code [0x0000021a847fbae0, 0x0000021a847fbf08]
Event: 6759.838 Thread 0x0000021affdb88e0 46920       1       org.gradle.api.tasks.bundling.AbstractArchiveTask::getArchiveBaseName (5 bytes)
Event: 6759.839 Thread 0x0000021affdb88e0 nmethod 46920 0x0000021a89d7a590 code [0x0000021a89d7a720, 0x0000021a89d7a7f8]

GC Heap History (20 events):
Event: 5224.739 GC heap before
{Heap before GC invocations=139 (full 0):
 garbage-first heap   total 1073152K, used 468106K [0x0000000080000000, 0x0000000100000000)
  region size 1024K, 52 young (53248K), 43 survivors (44032K)
 Metaspace       used 196560K, committed 199872K, reserved 622592K
  class space    used 25562K, committed 27072K, reserved 425984K
}
Event: 5224.899 GC heap after
{Heap after GC invocations=140 (full 0):
 garbage-first heap   total 1073152K, used 406767K [0x0000000080000000, 0x0000000100000000)
  region size 1024K, 5 young (5120K), 5 survivors (5120K)
 Metaspace       used 196560K, committed 199872K, reserved 622592K
  class space    used 25562K, committed 27072K, reserved 425984K
}
Event: 5270.788 GC heap before
{Heap before GC invocations=140 (full 0):
 garbage-first heap   total 1073152K, used 453871K [0x0000000080000000, 0x0000000100000000)
  region size 1024K, 52 young (53248K), 5 survivors (5120K)
 Metaspace       used 196600K, committed 199872K, reserved 622592K
  class space    used 25564K, committed 27072K, reserved 425984K
}
Event: 5270.908 GC heap after
{Heap after GC invocations=141 (full 0):
 garbage-first heap   total 1073152K, used 380399K [0x0000000080000000, 0x0000000100000000)
  region size 1024K, 2 young (2048K), 2 survivors (2048K)
 Metaspace       used 196600K, committed 199872K, reserved 622592K
  class space    used 25564K, committed 27072K, reserved 425984K
}
Event: 5472.701 GC heap before
{Heap before GC invocations=141 (full 0):
 garbage-first heap   total 1073152K, used 431599K [0x0000000080000000, 0x0000000100000000)
  region size 1024K, 52 young (53248K), 2 survivors (2048K)
 Metaspace       used 196608K, committed 199872K, reserved 622592K
  class space    used 25564K, committed 27072K, reserved 425984K
}
Event: 5473.170 GC heap after
{Heap after GC invocations=142 (full 0):
 garbage-first heap   total 1073152K, used 369880K [0x0000000080000000, 0x0000000100000000)
  region size 1024K, 3 young (3072K), 3 survivors (3072K)
 Metaspace       used 196608K, committed 199872K, reserved 622592K
  class space    used 25564K, committed 27072K, reserved 425984K
}
Event: 5477.739 GC heap before
{Heap before GC invocations=142 (full 0):
 garbage-first heap   total 1073152K, used 419032K [0x0000000080000000, 0x0000000100000000)
  region size 1024K, 52 young (53248K), 3 survivors (3072K)
 Metaspace       used 196777K, committed 199872K, reserved 622592K
  class space    used 25582K, committed 27072K, reserved 425984K
}
Event: 5477.854 GC heap after
{Heap after GC invocations=143 (full 0):
 garbage-first heap   total 1073152K, used 366761K [0x0000000080000000, 0x0000000100000000)
  region size 1024K, 7 young (7168K), 7 survivors (7168K)
 Metaspace       used 196777K, committed 199872K, reserved 622592K
  class space    used 25582K, committed 27072K, reserved 425984K
}
Event: 5480.423 GC heap before
{Heap before GC invocations=143 (full 0):
 garbage-first heap   total 1073152K, used 467113K [0x0000000080000000, 0x0000000100000000)
  region size 1024K, 106 young (108544K), 7 survivors (7168K)
 Metaspace       used 196879K, committed 199872K, reserved 622592K
  class space    used 25583K, committed 27072K, reserved 425984K
}
Event: 5480.529 GC heap after
{Heap after GC invocations=144 (full 0):
 garbage-first heap   total 1073152K, used 382617K [0x0000000080000000, 0x0000000100000000)
  region size 1024K, 14 young (14336K), 14 survivors (14336K)
 Metaspace       used 196879K, committed 199872K, reserved 622592K
  class space    used 25583K, committed 27072K, reserved 425984K
}
Event: 5484.581 GC heap before
{Heap before GC invocations=145 (full 0):
 garbage-first heap   total 1073152K, used 432793K [0x0000000080000000, 0x0000000100000000)
  region size 1024K, 63 young (64512K), 14 survivors (14336K)
 Metaspace       used 196854K, committed 199872K, reserved 622592K
  class space    used 25573K, committed 27072K, reserved 425984K
}
Event: 5484.643 GC heap after
{Heap after GC invocations=146 (full 0):
 garbage-first heap   total 1073152K, used 391481K [0x0000000080000000, 0x0000000100000000)
  region size 1024K, 8 young (8192K), 8 survivors (8192K)
 Metaspace       used 196854K, committed 199872K, reserved 622592K
  class space    used 25573K, committed 27072K, reserved 425984K
}
Event: 5485.380 GC heap before
{Heap before GC invocations=146 (full 0):
 garbage-first heap   total 1073152K, used 435513K [0x0000000080000000, 0x0000000100000000)
  region size 1024K, 52 young (53248K), 8 survivors (8192K)
 Metaspace       used 196925K, committed 199872K, reserved 622592K
  class space    used 25578K, committed 27072K, reserved 425984K
}
Event: 5485.414 GC heap after
{Heap after GC invocations=147 (full 0):
 garbage-first heap   total 1073152K, used 395514K [0x0000000080000000, 0x0000000100000000)
  region size 1024K, 7 young (7168K), 7 survivors (7168K)
 Metaspace       used 196925K, committed 199872K, reserved 622592K
  class space    used 25578K, committed 27072K, reserved 425984K
}
Event: 5485.793 GC heap before
{Heap before GC invocations=147 (full 0):
 garbage-first heap   total 1073152K, used 441594K [0x0000000080000000, 0x0000000100000000)
  region size 1024K, 52 young (53248K), 7 survivors (7168K)
 Metaspace       used 196968K, committed 199872K, reserved 622592K
  class space    used 25579K, committed 27072K, reserved 425984K
}
Event: 5485.835 GC heap after
{Heap after GC invocations=148 (full 0):
 garbage-first heap   total 1073152K, used 398949K [0x0000000080000000, 0x0000000100000000)
  region size 1024K, 7 young (7168K), 7 survivors (7168K)
 Metaspace       used 196968K, committed 199872K, reserved 622592K
  class space    used 25579K, committed 27072K, reserved 425984K
}
Event: 5486.418 GC heap before
{Heap before GC invocations=148 (full 0):
 garbage-first heap   total 1073152K, used 444005K [0x0000000080000000, 0x0000000100000000)
  region size 1024K, 52 young (53248K), 7 survivors (7168K)
 Metaspace       used 196988K, committed 199872K, reserved 622592K
  class space    used 25581K, committed 27072K, reserved 425984K
}
Event: 5486.449 GC heap after
{Heap after GC invocations=149 (full 0):
 garbage-first heap   total 1073152K, used 404011K [0x0000000080000000, 0x0000000100000000)
  region size 1024K, 7 young (7168K), 7 survivors (7168K)
 Metaspace       used 196988K, committed 199872K, reserved 622592K
  class space    used 25581K, committed 27072K, reserved 425984K
}
Event: 5489.610 GC heap before
{Heap before GC invocations=149 (full 0):
 garbage-first heap   total 1073152K, used 602667K [0x0000000080000000, 0x0000000100000000)
  region size 1024K, 201 young (205824K), 7 survivors (7168K)
 Metaspace       used 197178K, committed 200000K, reserved 622592K
  class space    used 25595K, committed 27072K, reserved 425984K
}
Event: 5489.670 GC heap after
{Heap after GC invocations=150 (full 0):
 garbage-first heap   total 1073152K, used 426794K [0x0000000080000000, 0x0000000100000000)
  region size 1024K, 26 young (26624K), 26 survivors (26624K)
 Metaspace       used 197178K, committed 200000K, reserved 622592K
  class space    used 25595K, committed 27072K, reserved 425984K
}

Dll operation events (16 events):
Event: 0.036 Loaded shared library C:\Program Files\Eclipse Adoptium\jdk-17.0.16.8-hotspot\bin\java.dll
Event: 0.065 Loaded shared library C:\Program Files\Eclipse Adoptium\jdk-17.0.16.8-hotspot\bin\jsvml.dll
Event: 0.136 Loaded shared library C:\Program Files\Eclipse Adoptium\jdk-17.0.16.8-hotspot\bin\zip.dll
Event: 0.145 Loaded shared library C:\Program Files\Eclipse Adoptium\jdk-17.0.16.8-hotspot\bin\instrument.dll
Event: 0.151 Loaded shared library C:\Program Files\Eclipse Adoptium\jdk-17.0.16.8-hotspot\bin\net.dll
Event: 0.153 Loaded shared library C:\Program Files\Eclipse Adoptium\jdk-17.0.16.8-hotspot\bin\nio.dll
Event: 0.156 Loaded shared library C:\Program Files\Eclipse Adoptium\jdk-17.0.16.8-hotspot\bin\zip.dll
Event: 0.614 Loaded shared library C:\Program Files\Eclipse Adoptium\jdk-17.0.16.8-hotspot\bin\jimage.dll
Event: 1.040 Loaded shared library C:\Program Files\Eclipse Adoptium\jdk-17.0.16.8-hotspot\bin\verify.dll
Event: 1.194 Loaded shared library C:\Users\SANJU\.gradle\native\1def1411415f61bf3af743bc5b6707747c0891f09f0c88961ee8f79bc544acac\windows-amd64\native-platform.dll
Event: 1.218 Loaded shared library C:\Users\SANJU\.gradle\native\0.2.7\x86_64-windows-gnu\gradle-fileevents.dll
Event: 2.982 Loaded shared library C:\Program Files\Eclipse Adoptium\jdk-17.0.16.8-hotspot\bin\management.dll
Event: 2.987 Loaded shared library C:\Program Files\Eclipse Adoptium\jdk-17.0.16.8-hotspot\bin\management_ext.dll
Event: 3.301 Loaded shared library C:\Program Files\Eclipse Adoptium\jdk-17.0.16.8-hotspot\bin\extnet.dll
Event: 3.596 Loaded shared library C:\Program Files\Eclipse Adoptium\jdk-17.0.16.8-hotspot\bin\sunmscapi.dll
Event: 1596.796 Loaded shared library C:\Program Files\Eclipse Adoptium\jdk-17.0.16.8-hotspot\bin\rmi.dll

Deoptimization events (20 events):
Event: 5485.295 Thread 0x0000021ac493a300 DEOPT PACKING pc=0x0000021a819ab667 sp=0x00000070009f86c0
Event: 5485.295 Thread 0x0000021ac493a300 DEOPT UNPACKING pc=0x0000021a87587143 sp=0x00000070009f7a58 mode 0
Event: 5485.532 Thread 0x0000021ac493a300 DEOPT PACKING pc=0x0000021a8385681a sp=0x00000070009f94b0
Event: 5485.533 Thread 0x0000021ac493a300 DEOPT UNPACKING pc=0x0000021a87587143 sp=0x00000070009f8948 mode 0
Event: 5487.871 Thread 0x0000021ac493a300 Uncommon trap: trap_request=0xffffff6e fr.pc=0x0000021a89cd63ec relative=0x000000000000014c
Event: 5487.871 Thread 0x0000021ac493a300 Uncommon trap: reason=loop_limit_check action=maybe_recompile pc=0x0000021a89cd63ec method=it.unimi.dsi.fastutil.longs.Long2ObjectOpenHashMap$MapIterator.nextEntry()I @ 69 c2
Event: 5487.871 Thread 0x0000021ac493a300 DEOPT PACKING pc=0x0000021a89cd63ec sp=0x00000070009f9a60
Event: 5487.871 Thread 0x0000021ac493a300 DEOPT UNPACKING pc=0x0000021a875869a3 sp=0x00000070009f9970 mode 2
Event: 5489.482 Thread 0x0000021ac4940330 Uncommon trap: trap_request=0xffffffde fr.pc=0x0000021a87fdf34c relative=0x00000000000000ac
Event: 5489.482 Thread 0x0000021ac4940330 Uncommon trap: reason=class_check action=maybe_recompile pc=0x0000021a87fdf34c method=org.gradle.internal.snapshot.SnapshotUtil$2.handleExactMatchWithChild(Ljava/lang/Object;)Ljava/lang/Object; @ 2 c2
Event: 5489.482 Thread 0x0000021ac4940330 DEOPT PACKING pc=0x0000021a87fdf34c sp=0x0000007003efb9a0
Event: 5489.482 Thread 0x0000021ac4940330 DEOPT UNPACKING pc=0x0000021a875869a3 sp=0x0000007003efb928 mode 2
Event: 5490.399 Thread 0x0000021ac4941260 Uncommon trap: trap_request=0xffffff45 fr.pc=0x0000021a87c9cfa0 relative=0x0000000000000460
Event: 5490.399 Thread 0x0000021ac4941260 Uncommon trap: reason=unstable_if action=reinterpret pc=0x0000021a87c9cfa0 method=java.util.concurrent.ConcurrentLinkedQueue.offer(Ljava/lang/Object;)Z @ 77 c2
Event: 5490.399 Thread 0x0000021ac4941260 DEOPT PACKING pc=0x0000021a87c9cfa0 sp=0x00000070043fd1e0
Event: 5490.401 Thread 0x0000021ac4941260 DEOPT UNPACKING pc=0x0000021a875869a3 sp=0x00000070043fd0e8 mode 2
Event: 5519.840 Thread 0x0000021ac50e4720 DEOPT PACKING pc=0x0000021a821fbaab sp=0x000000700c8feba0
Event: 5519.841 Thread 0x0000021ac50e4720 DEOPT UNPACKING pc=0x0000021a87587143 sp=0x000000700c8fdfb0 mode 0
Event: 5519.841 Thread 0x0000021ac50e4720 DEOPT PACKING pc=0x0000021a821f9e28 sp=0x000000700c8feb60
Event: 5519.841 Thread 0x0000021ac50e4720 DEOPT UNPACKING pc=0x0000021a87587143 sp=0x000000700c8fdfe0 mode 0

Classes loaded (20 events):
Event: 3188.750 Loading class sun/security/ssl/PreSharedKeyExtension$PartialClientHelloMessage
Event: 3188.751 Loading class sun/security/ssl/PreSharedKeyExtension$PartialClientHelloMessage done
Event: 3188.752 Loading class sun/security/ssl/SSLEngineOutputRecord
Event: 3188.755 Loading class sun/security/ssl/SSLEngineOutputRecord done
Event: 3188.757 Loading class sun/security/ssl/SSLEngineOutputRecord$HandshakeFragment
Event: 3188.758 Loading class sun/security/ssl/SSLEngineOutputRecord$HandshakeFragment done
Event: 3188.758 Loading class sun/security/ssl/SSLEngineOutputRecord$HandshakeMemo
Event: 3188.758 Loading class sun/security/ssl/SSLEngineOutputRecord$RecordMemo
Event: 3188.759 Loading class sun/security/ssl/SSLEngineOutputRecord$RecordMemo done
Event: 3188.759 Loading class sun/security/ssl/SSLEngineOutputRecord$HandshakeMemo done
Event: 3188.785 Loading class sun/security/ssl/PreSharedKeyExtension$SHPreSharedKeySpec
Event: 3188.787 Loading class sun/security/ssl/PreSharedKeyExtension$SHPreSharedKeySpec done
Event: 3193.054 Loading class sun/rmi/transport/ObjectTable$1
Event: 3193.063 Loading class sun/rmi/transport/ObjectTable$1 done
Event: 3206.395 Loading class java/text/MessageFormat
Event: 3206.396 Loading class java/text/MessageFormat done
Event: 3207.854 Loading class java/util/IdentityHashMap$EntryIterator
Event: 3207.855 Loading class java/util/IdentityHashMap$EntryIterator done
Event: 3207.856 Loading class java/util/IdentityHashMap$EntryIterator$Entry
Event: 3207.857 Loading class java/util/IdentityHashMap$EntryIterator$Entry done

Classes unloaded (20 events):
Event: 5482.508 Thread 0x0000021affd7c490 Unloading class 0x0000021a97968800 'jdk/internal/reflect/GeneratedSerializationConstructorAccessor229'
Event: 5482.510 Thread 0x0000021affd7c490 Unloading class 0x0000021a9795bc00 'jdk/internal/reflect/GeneratedSerializationConstructorAccessor226'
Event: 5482.511 Thread 0x0000021affd7c490 Unloading class 0x0000021a9795b800 'jdk/internal/reflect/GeneratedSerializationConstructorAccessor225'
Event: 5482.511 Thread 0x0000021affd7c490 Unloading class 0x0000021a9795a400 'jdk/internal/reflect/GeneratedSerializationConstructorAccessor224'
Event: 5482.512 Thread 0x0000021affd7c490 Unloading class 0x0000021a9794dc00 'jdk/internal/reflect/GeneratedSerializationConstructorAccessor218'
Event: 5482.512 Thread 0x0000021affd7c490 Unloading class 0x0000021a976acc00 'jdk/internal/reflect/GeneratedSerializationConstructorAccessor199'
Event: 5482.513 Thread 0x0000021affd7c490 Unloading class 0x0000021a97545000 'jdk/internal/reflect/GeneratedSerializationConstructorAccessor170'
Event: 5482.513 Thread 0x0000021affd7c490 Unloading class 0x0000021a97538800 'jdk/internal/reflect/GeneratedSerializationConstructorAccessor168'
Event: 5482.514 Thread 0x0000021affd7c490 Unloading class 0x0000021a97538400 'jdk/internal/reflect/GeneratedSerializationConstructorAccessor167'
Event: 5482.515 Thread 0x0000021affd7c490 Unloading class 0x0000021a974f8000 'jdk/internal/reflect/GeneratedSerializationConstructorAccessor149'
Event: 5482.515 Thread 0x0000021affd7c490 Unloading class 0x0000021a974c0400 'jdk/internal/reflect/GeneratedSerializationConstructorAccessor148'
Event: 5482.515 Thread 0x0000021affd7c490 Unloading class 0x0000021a974bf000 'jdk/internal/reflect/GeneratedSerializationConstructorAccessor147'
Event: 5482.515 Thread 0x0000021affd7c490 Unloading class 0x0000021a974be800 'jdk/internal/reflect/GeneratedSerializationConstructorAccessor146'
Event: 5482.516 Thread 0x0000021affd7c490 Unloading class 0x0000021a974b0000 'jdk/internal/reflect/GeneratedSerializationConstructorAccessor138'
Event: 5482.517 Thread 0x0000021affd7c490 Unloading class 0x0000021a97490800 'jdk/internal/reflect/GeneratedSerializationConstructorAccessor137'
Event: 5482.518 Thread 0x0000021affd7c490 Unloading class 0x0000021a97490000 'jdk/internal/reflect/GeneratedSerializationConstructorAccessor136'
Event: 5482.519 Thread 0x0000021affd7c490 Unloading class 0x0000021a97479800 'jdk/internal/reflect/GeneratedSerializationConstructorAccessor135'
Event: 5482.520 Thread 0x0000021affd7c490 Unloading class 0x0000021a97461c00 'jdk/internal/reflect/GeneratedSerializationConstructorAccessor134'
Event: 5482.521 Thread 0x0000021affd7c490 Unloading class 0x0000021a97450800 'jdk/internal/reflect/GeneratedSerializationConstructorAccessor132'
Event: 5482.521 Thread 0x0000021affd7c490 Unloading class 0x0000021a97323400 'jdk/internal/reflect/GeneratedSerializationConstructorAccessor131'

Classes redefined (0 events):
No events

Internal exceptions (20 events):
Event: 6750.250 Thread 0x0000021ac4667090 Exception <a 'sun/nio/fs/WindowsException'{0x00000000b5e96d78}> (0x00000000b5e96d78) 
thrown [s\src\hotspot\share\prims\jni.cpp, line 516]
Event: 6750.254 Thread 0x0000021ac4667090 Exception <a 'sun/nio/fs/WindowsException'{0x00000000b5e98160}> (0x00000000b5e98160) 
thrown [s\src\hotspot\share\prims\jni.cpp, line 516]
Event: 6750.255 Thread 0x0000021ac4667090 Exception <a 'sun/nio/fs/WindowsException'{0x00000000b5e99538}> (0x00000000b5e99538) 
thrown [s\src\hotspot\share\prims\jni.cpp, line 516]
Event: 6750.256 Thread 0x0000021ac4667090 Exception <a 'sun/nio/fs/WindowsException'{0x00000000b5e9a8f0}> (0x00000000b5e9a8f0) 
thrown [s\src\hotspot\share\prims\jni.cpp, line 516]
Event: 6750.608 Thread 0x0000021ac4667090 Exception <a 'sun/nio/fs/WindowsException'{0x00000000b5dbe938}> (0x00000000b5dbe938) 
thrown [s\src\hotspot\share\prims\jni.cpp, line 516]
Event: 6750.609 Thread 0x0000021ac4667090 Exception <a 'sun/nio/fs/WindowsException'{0x00000000b5dc0270}> (0x00000000b5dc0270) 
thrown [s\src\hotspot\share\prims\jni.cpp, line 516]
Event: 6750.609 Thread 0x0000021ac4667090 Exception <a 'sun/nio/fs/WindowsException'{0x00000000b5dc1b98}> (0x00000000b5dc1b98) 
thrown [s\src\hotspot\share\prims\jni.cpp, line 516]
Event: 6750.610 Thread 0x0000021ac4667090 Exception <a 'sun/nio/fs/WindowsException'{0x00000000b5dc34a0}> (0x00000000b5dc34a0) 
thrown [s\src\hotspot\share\prims\jni.cpp, line 516]
Event: 6751.977 Thread 0x0000021ac4667090 Exception <a 'sun/nio/fs/WindowsException'{0x00000000b2b34b68}> (0x00000000b2b34b68) 
thrown [s\src\hotspot\share\prims\jni.cpp, line 516]
Event: 6751.979 Thread 0x0000021ac4667090 Exception <a 'sun/nio/fs/WindowsException'{0x00000000b2b36618}> (0x00000000b2b36618) 
thrown [s\src\hotspot\share\prims\jni.cpp, line 516]
Event: 6751.980 Thread 0x0000021ac4667090 Exception <a 'sun/nio/fs/WindowsException'{0x00000000b2b38c90}> (0x00000000b2b38c90) 
thrown [s\src\hotspot\share\prims\jni.cpp, line 516]
Event: 6758.111 Thread 0x0000021ac562cb60 Exception <a 'sun/nio/fs/WindowsException'{0x00000000b0a7aae8}> (0x00000000b0a7aae8) 
thrown [s\src\hotspot\share\prims\jni.cpp, line 516]
Event: 6758.112 Thread 0x0000021ac562cb60 Exception <a 'sun/nio/fs/WindowsException'{0x00000000b0a7cb40}> (0x00000000b0a7cb40) 
thrown [s\src\hotspot\share\prims\jni.cpp, line 516]
Event: 6758.113 Thread 0x0000021ac562cb60 Exception <a 'sun/nio/fs/WindowsException'{0x00000000b0a7eaf8}> (0x00000000b0a7eaf8) 
thrown [s\src\hotspot\share\prims\jni.cpp, line 516]
Event: 6758.114 Thread 0x0000021ac562cb60 Exception <a 'sun/nio/fs/WindowsException'{0x00000000b0a80788}> (0x00000000b0a80788) 
thrown [s\src\hotspot\share\prims\jni.cpp, line 516]
Event: 6758.128 Thread 0x0000021ac562cb60 Exception <a 'sun/nio/fs/WindowsException'{0x00000000b0a898c0}> (0x00000000b0a898c0) 
thrown [s\src\hotspot\share\prims\jni.cpp, line 516]
Event: 6758.416 Thread 0x0000021ac4f0e8a0 Exception <a 'sun/nio/fs/WindowsException'{0x00000000b08e44a8}> (0x00000000b08e44a8) 
thrown [s\src\hotspot\share\prims\jni.cpp, line 516]
Event: 6758.417 Thread 0x0000021ac4f0e8a0 Exception <a 'sun/nio/fs/WindowsException'{0x00000000b08e65a8}> (0x00000000b08e65a8) 
thrown [s\src\hotspot\share\prims\jni.cpp, line 516]
Event: 6758.417 Thread 0x0000021ac4f0e8a0 Exception <a 'sun/nio/fs/WindowsException'{0x00000000b08e85f8}> (0x00000000b08e85f8) 
thrown [s\src\hotspot\share\prims\jni.cpp, line 516]
Event: 6758.418 Thread 0x0000021ac4f0e8a0 Exception <a 'sun/nio/fs/WindowsException'{0x00000000b08ea300}> (0x00000000b08ea300) 
thrown [s\src\hotspot\share\prims\jni.cpp, line 516]

VM Operations (20 events):
Event: 6750.131 Executing VM operation: Cleanup
Event: 6750.148 Executing VM operation: Cleanup done
Event: 6751.155 Executing VM operation: Cleanup
Event: 6751.156 Executing VM operation: Cleanup done
Event: 6752.168 Executing VM operation: Cleanup
Event: 6752.169 Executing VM operation: Cleanup done
Event: 6753.176 Executing VM operation: Cleanup
Event: 6753.194 Executing VM operation: Cleanup done
Event: 6754.206 Executing VM operation: Cleanup
Event: 6754.223 Executing VM operation: Cleanup done
Event: 6755.236 Executing VM operation: Cleanup
Event: 6755.237 Executing VM operation: Cleanup done
Event: 6756.251 Executing VM operation: Cleanup
Event: 6756.391 Executing VM operation: Cleanup done
Event: 6757.402 Executing VM operation: Cleanup
Event: 6757.419 Executing VM operation: Cleanup done
Event: 6758.432 Executing VM operation: Cleanup
Event: 6758.448 Executing VM operation: Cleanup done
Event: 6759.463 Executing VM operation: Cleanup
Event: 6759.606 Executing VM operation: Cleanup done

Memory protections (0 events):
No events

Nmethod flushes (20 events):
Event: 5197.857 Thread 0x0000021affdd08e0 flushing  nmethod 0x0000021a82e87390
Event: 5197.857 Thread 0x0000021affdd08e0 flushing  nmethod 0x0000021a82e91410
Event: 5197.858 Thread 0x0000021affdd08e0 flushing  nmethod 0x0000021a82ed7010
Event: 5197.858 Thread 0x0000021affdd08e0 flushing  nmethod 0x0000021a82edd310
Event: 5197.858 Thread 0x0000021affdd08e0 flushing  nmethod 0x0000021a82f1ef90
Event: 5197.858 Thread 0x0000021affdd08e0 flushing  nmethod 0x0000021a82f44310
Event: 5197.859 Thread 0x0000021affdd08e0 flushing  nmethod 0x0000021a8302f810
Event: 5197.860 Thread 0x0000021affdd08e0 flushing  nmethod 0x0000021a831b1610
Event: 5197.862 Thread 0x0000021affdd08e0 flushing  nmethod 0x0000021a8336e810
Event: 5197.862 Thread 0x0000021affdd08e0 flushing  nmethod 0x0000021a8338f390
Event: 5197.862 Thread 0x0000021affdd08e0 flushing  nmethod 0x0000021a8338fc10
Event: 5197.863 Thread 0x0000021affdd08e0 flushing  nmethod 0x0000021a83481d10
Event: 5197.864 Thread 0x0000021affdd08e0 flushing  nmethod 0x0000021a834ad010
Event: 5197.864 Thread 0x0000021affdd08e0 flushing  nmethod 0x0000021a834b2910
Event: 5197.865 Thread 0x0000021affdd08e0 flushing  nmethod 0x0000021a8354df90
Event: 5197.865 Thread 0x0000021affdd08e0 flushing  nmethod 0x0000021a83552890
Event: 5197.865 Thread 0x0000021affdd08e0 flushing  nmethod 0x0000021a83552e90
Event: 5197.865 Thread 0x0000021affdd08e0 flushing  nmethod 0x0000021a83616190
Event: 5197.865 Thread 0x0000021affdd08e0 flushing  nmethod 0x0000021a83616610
Event: 5197.873 Thread 0x0000021affdd08e0 flushing  nmethod 0x0000021a83dd0610

Events (20 events):
Event: 6758.529 Thread 0x0000021ac4667090 Thread added: 0x0000021ac4668ef0
Event: 6758.530 Thread 0x0000021ac4667090 Thread added: 0x0000021ac4666160
Event: 6758.530 Thread 0x0000021ac4667090 Thread added: 0x0000021ac4666670
Event: 6758.530 Thread 0x0000021ac4667090 Thread added: 0x0000021ac4666b80
Event: 6758.531 Thread 0x0000021ac4667090 Thread added: 0x0000021ac46675a0
Event: 6758.532 Thread 0x0000021ac4667090 Thread added: 0x0000021ac4667ab0
Event: 6758.533 Thread 0x0000021ac4667090 Thread added: 0x0000021ac4667fc0
Event: 6758.534 Thread 0x0000021ac4667090 Thread added: 0x0000021ac6c7fe00
Event: 6758.535 Thread 0x0000021ac4667090 Thread added: 0x0000021ac6c80310
Event: 6758.577 Thread 0x0000021ac4667090 Thread added: 0x0000021abb521de0
Event: 6758.578 Thread 0x0000021ac4667090 Thread added: 0x0000021abb524150
Event: 6758.579 Thread 0x0000021ac4667090 Thread added: 0x0000021ac3b7b070
Event: 6758.580 Thread 0x0000021ac4667090 Thread added: 0x0000021ac3b7b580
Event: 6758.581 Thread 0x0000021ac4667090 Thread added: 0x0000021ac3b7bfa0
Event: 6758.582 Thread 0x0000021ac4667090 Thread added: 0x0000021ac4112300
Event: 6758.582 Thread 0x0000021ac4667090 Thread added: 0x0000021ac4115090
Event: 6758.583 Thread 0x0000021ac4667090 Thread added: 0x0000021ac4112810
Event: 6758.584 Thread 0x0000021ac4667090 Thread added: 0x0000021ac41155a0
Event: 6758.585 Thread 0x0000021ac4667090 Thread added: 0x0000021ac60028c0
Event: 6758.587 Thread 0x0000021ac4667090 Thread added: 0x0000021ac6c7dfa0


Dynamic libraries:
0x00007ff74d700000 - 0x00007ff74d70e000 	C:\Program Files\Eclipse Adoptium\jdk-17.0.16.8-hotspot\bin\java.exe
0x00007ffb2a160000 - 0x00007ffb2a3c9000 	C:\WINDOWS\SYSTEM32\ntdll.dll
0x00007ffb29a90000 - 0x00007ffb29b59000 	C:\WINDOWS\System32\KERNEL32.DLL
0x00007ffb27790000 - 0x00007ffb27b83000 	C:\WINDOWS\System32\KERNELBASE.dll
0x00007ffb272f0000 - 0x00007ffb2743b000 	C:\WINDOWS\System32\ucrtbase.dll
0x00007ffb15c40000 - 0x00007ffb15c57000 	C:\Program Files\Eclipse Adoptium\jdk-17.0.16.8-hotspot\bin\jli.dll
0x00007ffb15cc0000 - 0x00007ffb15cde000 	C:\Program Files\Eclipse Adoptium\jdk-17.0.16.8-hotspot\bin\VCRUNTIME140.dll
0x00007ffb28200000 - 0x00007ffb283c4000 	C:\WINDOWS\System32\USER32.dll
0x00007ffb12540000 - 0x00007ffb127d3000 	C:\WINDOWS\WinSxS\amd64_microsoft.windows.common-controls_6595b64144ccf1df_6.0.26100.5074_none_3e0d6f78e32fd63f\COMCTL32.dll
0x00007ffb27760000 - 0x00007ffb27787000 	C:\WINDOWS\System32\win32u.dll
0x00007ffb27f60000 - 0x00007ffb28009000 	C:\WINDOWS\System32\msvcrt.dll
0x00007ffb29a60000 - 0x00007ffb29a8b000 	C:\WINDOWS\System32\GDI32.dll
0x00007ffb274d0000 - 0x00007ffb275fd000 	C:\WINDOWS\System32\gdi32full.dll
0x00007ffb27b90000 - 0x00007ffb27c33000 	C:\WINDOWS\System32\msvcp_win.dll
0x00007ffb2a0c0000 - 0x00007ffb2a0ef000 	C:\WINDOWS\System32\IMM32.DLL
0x00007ffb186f0000 - 0x00007ffb186fc000 	C:\Program Files\Eclipse Adoptium\jdk-17.0.16.8-hotspot\bin\vcruntime140_1.dll
0x00007ffae5500000 - 0x00007ffae558d000 	C:\Program Files\Eclipse Adoptium\jdk-17.0.16.8-hotspot\bin\msvcp140.dll
0x00007ffab5360000 - 0x00007ffab5fcb000 	C:\Program Files\Eclipse Adoptium\jdk-17.0.16.8-hotspot\bin\server\jvm.dll
0x00007ffb29440000 - 0x00007ffb294f4000 	C:\WINDOWS\System32\ADVAPI32.dll
0x00007ffb283d0000 - 0x00007ffb28476000 	C:\WINDOWS\System32\sechost.dll
0x00007ffb29320000 - 0x00007ffb29438000 	C:\WINDOWS\System32\RPCRT4.dll
0x00007ffb28010000 - 0x00007ffb28084000 	C:\WINDOWS\System32\WS2_32.dll
0x00007ffb27150000 - 0x00007ffb271ae000 	C:\WINDOWS\SYSTEM32\POWRPROF.dll
0x00007ffb1fe60000 - 0x00007ffb1fe95000 	C:\WINDOWS\SYSTEM32\WINMM.dll
0x00007ffb1ff00000 - 0x00007ffb1ff0b000 	C:\WINDOWS\SYSTEM32\VERSION.dll
0x00007ffb27130000 - 0x00007ffb27144000 	C:\WINDOWS\SYSTEM32\UMPDC.dll
0x00007ffb26140000 - 0x00007ffb2615b000 	C:\WINDOWS\SYSTEM32\kernel.appcore.dll
0x00007ffb17d50000 - 0x00007ffb17d5a000 	C:\Program Files\Eclipse Adoptium\jdk-17.0.16.8-hotspot\bin\jimage.dll
0x00007ffb1e4e0000 - 0x00007ffb1e722000 	C:\WINDOWS\SYSTEM32\DBGHELP.DLL
0x00007ffb28fa0000 - 0x00007ffb2931b000 	C:\WINDOWS\System32\combase.dll
0x00007ffb298f0000 - 0x00007ffb299c7000 	C:\WINDOWS\System32\OLEAUT32.dll
0x00007ffb03df0000 - 0x00007ffb03e2d000 	C:\WINDOWS\SYSTEM32\dbgcore.DLL
0x00007ffb276c0000 - 0x00007ffb27759000 	C:\WINDOWS\System32\bcryptPrimitives.dll
0x00007ffb07c00000 - 0x00007ffb07c0e000 	C:\Program Files\Eclipse Adoptium\jdk-17.0.16.8-hotspot\bin\instrument.dll
0x00007ffb10940000 - 0x00007ffb10965000 	C:\Program Files\Eclipse Adoptium\jdk-17.0.16.8-hotspot\bin\java.dll
0x00007ffae4c50000 - 0x00007ffae4d27000 	C:\Program Files\Eclipse Adoptium\jdk-17.0.16.8-hotspot\bin\jsvml.dll
0x00007ffb28520000 - 0x00007ffb28c6d000 	C:\WINDOWS\System32\SHELL32.dll
0x00007ffb27dc0000 - 0x00007ffb27f2c000 	C:\WINDOWS\System32\wintypes.dll
0x00007ffb24f20000 - 0x00007ffb25779000 	C:\WINDOWS\SYSTEM32\windows.storage.dll
0x00007ffb28090000 - 0x00007ffb28180000 	C:\WINDOWS\System32\SHCORE.dll
0x00007ffb28190000 - 0x00007ffb281f2000 	C:\WINDOWS\System32\shlwapi.dll
0x00007ffb27210000 - 0x00007ffb27239000 	C:\WINDOWS\SYSTEM32\profapi.dll
0x00007ffb03f40000 - 0x00007ffb03f58000 	C:\Program Files\Eclipse Adoptium\jdk-17.0.16.8-hotspot\bin\zip.dll
0x00007ffb10920000 - 0x00007ffb10939000 	C:\Program Files\Eclipse Adoptium\jdk-17.0.16.8-hotspot\bin\net.dll
0x00007ffb20750000 - 0x00007ffb2086f000 	C:\WINDOWS\SYSTEM32\WINHTTP.dll
0x00007ffb266c0000 - 0x00007ffb2672b000 	C:\WINDOWS\system32\mswsock.dll
0x00007ffb03f60000 - 0x00007ffb03f76000 	C:\Program Files\Eclipse Adoptium\jdk-17.0.16.8-hotspot\bin\nio.dll
0x00007ffb14760000 - 0x00007ffb14770000 	C:\Program Files\Eclipse Adoptium\jdk-17.0.16.8-hotspot\bin\verify.dll
0x00007ffafc780000 - 0x00007ffafc7a7000 	C:\Users\SANJU\.gradle\native\1def1411415f61bf3af743bc5b6707747c0891f09f0c88961ee8f79bc544acac\windows-amd64\native-platform.dll
0x00007ffaf5fb0000 - 0x00007ffaf6028000 	C:\Users\SANJU\.gradle\native\0.2.7\x86_64-windows-gnu\gradle-fileevents.dll
0x00007ffb14630000 - 0x00007ffb1463a000 	C:\Program Files\Eclipse Adoptium\jdk-17.0.16.8-hotspot\bin\management.dll
0x00007ffb10a10000 - 0x00007ffb10a1b000 	C:\Program Files\Eclipse Adoptium\jdk-17.0.16.8-hotspot\bin\management_ext.dll
0x00007ffb298e0000 - 0x00007ffb298e8000 	C:\WINDOWS\System32\PSAPI.DLL
0x00007ffb25aa0000 - 0x00007ffb25ad4000 	C:\WINDOWS\SYSTEM32\IPHLPAPI.DLL
0x00007ffb28f90000 - 0x00007ffb28f9a000 	C:\WINDOWS\System32\NSI.dll
0x00007ffb21030000 - 0x00007ffb2104e000 	C:\WINDOWS\SYSTEM32\dhcpcsvc6.DLL
0x00007ffb20f80000 - 0x00007ffb20fa3000 	C:\WINDOWS\SYSTEM32\dhcpcsvc.DLL
0x00007ffb25b30000 - 0x00007ffb25c56000 	C:\WINDOWS\SYSTEM32\DNSAPI.dll
0x00007ffb07dc0000 - 0x00007ffb07dc9000 	C:\Program Files\Eclipse Adoptium\jdk-17.0.16.8-hotspot\bin\extnet.dll
0x00007ffb26970000 - 0x00007ffb2698b000 	C:\WINDOWS\SYSTEM32\CRYPTSP.dll
0x00007ffb26030000 - 0x00007ffb2606b000 	C:\WINDOWS\system32\rsaenh.dll
0x00007ffb26760000 - 0x00007ffb2678b000 	C:\WINDOWS\SYSTEM32\USERENV.dll
0x00007ffb271e0000 - 0x00007ffb27206000 	C:\WINDOWS\SYSTEM32\bcrypt.dll
0x00007ffb26960000 - 0x00007ffb2696c000 	C:\WINDOWS\SYSTEM32\CRYPTBASE.dll
0x00007ffb076f0000 - 0x00007ffb076fe000 	C:\Program Files\Eclipse Adoptium\jdk-17.0.16.8-hotspot\bin\sunmscapi.dll
0x00007ffb27c40000 - 0x00007ffb27db7000 	C:\WINDOWS\System32\CRYPT32.dll
0x00007ffb26b80000 - 0x00007ffb26bb0000 	C:\WINDOWS\SYSTEM32\ncrypt.dll
0x00007ffb26b30000 - 0x00007ffb26b6f000 	C:\WINDOWS\SYSTEM32\NTASN1.dll
0x00007ffafe8b0000 - 0x00007ffafe8b8000 	C:\WINDOWS\system32\wshunix.dll
0x00007ffb20490000 - 0x00007ffb2049b000 	C:\Windows\System32\rasadhlp.dll
0x00007ffb219c0000 - 0x00007ffb21a46000 	C:\WINDOWS\System32\fwpuclnt.dll
0x00007ffb03ae0000 - 0x00007ffb03af8000 	C:\WINDOWS\system32\napinsp.dll
0x00007ffb03ac0000 - 0x00007ffb03ad2000 	C:\WINDOWS\System32\winrnr.dll
0x00007ffb03a90000 - 0x00007ffb03ab8000 	C:\WINDOWS\system32\nlansp_c.dll
0x00007ffb03a70000 - 0x00007ffb03a86000 	C:\WINDOWS\system32\wshbth.dll
0x00007ffb26260000 - 0x00007ffb26296000 	C:\WINDOWS\SYSTEM32\ntmarta.dll
0x00007ffb222e0000 - 0x00007ffb222e7000 	C:\Program Files\Eclipse Adoptium\jdk-17.0.16.8-hotspot\bin\rmi.dll

dbghelp: loaded successfully - version: 4.0.5 - missing functions: none
symbol engine: initialized successfully - sym options: 0x614 - pdb path: .;C:\Program Files\Eclipse Adoptium\jdk-17.0.16.8-hotspot\bin;C:\WINDOWS\SYSTEM32;C:\WINDOWS\WinSxS\amd64_microsoft.windows.common-controls_6595b64144ccf1df_6.0.26100.5074_none_3e0d6f78e32fd63f;C:\Program Files\Eclipse Adoptium\jdk-17.0.16.8-hotspot\bin\server;C:\Users\SANJU\.gradle\native\1def1411415f61bf3af743bc5b6707747c0891f09f0c88961ee8f79bc544acac\windows-amd64;C:\Users\SANJU\.gradle\native\0.2.7\x86_64-windows-gnu

VM Arguments:
jvm_args: --add-opens=java.base/java.lang=ALL-UNNAMED --add-opens=java.base/java.lang.invoke=ALL-UNNAMED --add-opens=java.base/java.util=ALL-UNNAMED --add-opens=java.prefs/java.util.prefs=ALL-UNNAMED --add-exports=jdk.compiler/com.sun.tools.javac.api=ALL-UNNAMED --add-exports=jdk.compiler/com.sun.tools.javac.util=ALL-UNNAMED --add-opens=java.base/java.util=ALL-UNNAMED --add-opens=java.prefs/java.util.prefs=ALL-UNNAMED --add-opens=java.base/java.nio.charset=ALL-UNNAMED --add-opens=java.base/java.net=ALL-UNNAMED --add-opens=java.base/java.util.concurrent.atomic=ALL-UNNAMED --add-opens=java.xml/javax.xml.namespace=ALL-UNNAMED -XX:MaxMetaspaceSize=512m -Xmx2048m -Dfile.encoding=windows-1252 -Duser.country=IN -Duser.language=en -Duser.variant -javaagent:C:\Users\SANJU\.gradle\wrapper\dists\gradle-8.13-bin\5xuhj0ry160q40clulazy9h7d\gradle-8.13\lib\agents\gradle-instrumentation-agent-8.13.jar 
java_command: org.gradle.launcher.daemon.bootstrap.GradleDaemon 8.13
java_class_path (initial): C:\Users\SANJU\.gradle\wrapper\dists\gradle-8.13-bin\5xuhj0ry160q40clulazy9h7d\gradle-8.13\lib\gradle-daemon-main-8.13.jar
Launcher Type: SUN_STANDARD

[Global flags]
     intx CICompilerCount                          = 4                                         {product} {ergonomic}
   size_t CompressedClassSpaceSize                 = 436207616                                 {product} {ergonomic}
     uint ConcGCThreads                            = 3                                         {product} {ergonomic}
     uint G1ConcRefinementThreads                  = 10                                        {product} {ergonomic}
   size_t G1HeapRegionSize                         = 1048576                                   {product} {ergonomic}
    uintx GCDrainStackTargetSize                   = 64                                        {product} {ergonomic}
   size_t InitialHeapSize                          = 125829120                                 {product} {ergonomic}
   size_t MarkStackSize                            = 4194304                                   {product} {ergonomic}
   size_t MaxHeapSize                              = 2147483648                                {product} {command line}
   size_t MaxMetaspaceSize                         = 536870912                                 {product} {command line}
   size_t MaxNewSize                               = 1287651328                                {product} {ergonomic}
   size_t MinHeapDeltaBytes                        = 1048576                                   {product} {ergonomic}
   size_t MinHeapSize                              = 8388608                                   {product} {ergonomic}
    uintx NonNMethodCodeHeapSize                   = 5839372                                {pd product} {ergonomic}
    uintx NonProfiledCodeHeapSize                  = 122909434                              {pd product} {ergonomic}
    uintx ProfiledCodeHeapSize                     = 122909434                              {pd product} {ergonomic}
    uintx ReservedCodeCacheSize                    = 251658240                              {pd product} {ergonomic}
     bool SegmentedCodeCache                       = true                                      {product} {ergonomic}
   size_t SoftMaxHeapSize                          = 2147483648                             {manageable} {ergonomic}
     bool UseCompressedClassPointers               = true                           {product lp64_product} {ergonomic}
     bool UseCompressedOops                        = true                           {product lp64_product} {ergonomic}
     bool UseG1GC                                  = true                                      {product} {ergonomic}
     bool UseLargePagesIndividualAllocation        = false                                  {pd product} {ergonomic}

Logging:
Log output configuration:
 #0: stdout all=warning uptime,level,tags
 #1: stderr all=off uptime,level,tags

Environment Variables:
JAVA_HOME=C:\Program Files\Eclipse Adoptium\jdk-17.0.16.8-hotspot
CLASSPATH=E:\Development\Projects\spotify\android\\gradle\wrapper\gradle-wrapper.jar
PATH=E:\Development\Projects\spotify\node_modules\.bin;E:\Development\Projects\node_modules\.bin;E:\Development\node_modules\.bin;E:\node_modules\.bin;C:\Users\SANJU\AppData\Local\nvm\v22.12.0\node_modules\npm\node_modules\@npmcli\run-script\lib\node-gyp-bin;C:\Program Files\Eclipse Adoptium\jdk-17.0.16.8-hotspot\bin;C:\Python313\Scripts\;C:\Python313\;C:\Windows\system32;C:\Windows;C:\Windows\System32\Wbem;C:\Windows\System32\WindowsPowerShell\v1.0\;C:\Windows\System32\OpenSSH\;C:\WINDOWS\system32;C:\WINDOWS;C:\WINDOWS\System32\Wbem;C:\WINDOWS\System32\WindowsPowerShell\v1.0\;C:\WINDOWS\System32\OpenSSH\;C:\Users\SANJU\AppData\Local\Microsoft\WindowsApps;C:\Program Files\Git\cmd;C:\ProgramData\chocolatey\bin;C:\Users\SANJU\AppData\Local\nvm;C:\nvm4w\nodejs;E:\cartoonMango\ngrok-v3-stable-windows-amd64;C:\Program Files\nodejs\;C:\Program Files\NVIDIA Corporation\NVIDIA app\NvDLISR;C:\WINDOWS\system32;C:\WINDOWS;C:\WINDOWS\System32\Wbem;C:\WINDOWS\System32\WindowsPowerShell\v1.0\;C:\WINDOWS\System32\OpenSSH\;C:\Program Files\Docker\Docker\resources\bin;C:\Program Files (x86)\NVIDIA Corporation\PhysX\Common;C:\Users\SANJU\AppData\Local\Android\Sdk\platform-tools;C:\Users\SANJU\AppData\Local\Android\Sdk\platform-tools;C:\Users\SANJU\AppData\Local\Android\Sdk\tools;C:\Users\SANJU\AppData\Local\Microsoft\WindowsApps;C:\Users\SANJU\AppData\Local\Programs\Microsoft VS Code\bin;C:\Program Files\Python311;C:\Users\SANJU\AppData\Local\Programs\Python\Python311;C:\Program Files\Python311\Scripts;C:\Program Files\Git\bin;C:\Program Files\Git\cmd;C:\Users\SANJU\AppData\Local\nvm;C:\nvm4w\nodejs;C:\Users\SANJU\AppData\Roaming\nvm;C:\Users\SANJU\AppData\Roaming\npm;C:\Program Files\Eclipse Adoptium\jdk-17.0.16.8-hotspot\bin;C:\Users\SANJU\AppData\Local\Programs\Windsurf\bin;;c:\Users\SANJU\AppData\Roaming\Code\User\globalStorage\github.copilot-chat\debugCommand
USERNAME=SANJU
LANG=en_US.UTF-8
OS=Windows_NT
PROCESSOR_IDENTIFIER=AMD64 Family 23 Model 96 Stepping 1, AuthenticAMD
TMP=C:\Users\SANJU\AppData\Local\Temp
TEMP=C:\Users\SANJU\AppData\Local\Temp



Periodic native trim disabled


---------------  S Y S T E M  ---------------

OS:
 Windows 11 , 64 bit Build 26100 (10.0.26100.5074)
OS uptime: 4 days 1:12 hours
Hyper-V role detected

CPU: total 12 (initial active 12) (12 cores per cpu, 2 threads per core) family 23 model 96 stepping 1 microcode 0x8600106, cx8, cmov, fxsr, ht, mmx, 3dnowpref, sse, sse2, sse3, ssse3, sse4a, sse4.1, sse4.2, popcnt, lzcnt, tsc, tscinvbit, avx, avx2, aes, clmul, bmi1, bmi2, adx, sha, fma, vzeroupper, clflush, clflushopt, hv
Processor Information for all 12 processors :
  Max Mhz: 3001, Current Mhz: 3001, Mhz Limit: 3001

Memory: 4k page, system-wide physical 7597M (683M free)
TotalPageFile size 30745M (AvailPageFile size 0M)
current process WorkingSet (physical memory assigned to process): 312M, peak: 1337M
current process commit charge ("private bytes"): 1703M, peak: 1837M

vm_info: OpenJDK 64-Bit Server VM (17.0.16+8) for windows-amd64 JRE (17.0.16+8), built on Jul 16 2025 10:37:56 by "admin" with MS VC++ 17.7 (VS2022)

END.
